{
"type": "FeatureCollection",
"name": "lines",
"crs": { "type": "name", "properties": { "name": "urn:ogc:def:crs:OGC:1.3:CRS84" } },
"features": [
{"type":"Feature","properties":{"osm_id":"4268328","name":"Molave Street","highway":"tertiary","z_order":4,"other_tags":"\"designation\"=>\"city_road\",\"lane_markings\"=>\"yes\",\"lanes\"=>\"2\",\"lit\"=>\"yes\",\"maxspeed\"=>\"30\",\"oneway\"=>\"yes\",\"postal_code\"=>\"1102\",\"sidewalk\"=>\"both\",\"surface\"=>\"asphalt\""},"geometry":{"type":"LineString","coordinates":[[121.0633933,14.6286666],[121.0636527,14.6287112],[121.0641161,14.6287923],[121.0644928,14.6288651],[121.0647281,14.6289105]]}},
{"type":"Feature","properties":{"osm_id":"4308756","name":"15th Avenue","highway":"tertiary","z_order":4,"other_tags":"\"admin_level\"=>\"10\",\"boundary\"=>\"administrative\",\"designation\"=>\"national_tertiary_road\",\"lanes\"=>\"2\",\"lit\"=>\"yes\",\"maxspeed\"=>\"40\",\"maxspeed:type\"=>\"PH:urban\",\"oneway\"=>\"yes\",\"sidewalk\"=>\"both\""},"geometry":{"type":"LineString","coordinates":[[121.0554626,14.6284967],[121.056246,14.6268657]]}},
{"type":"Feature","properties":{"osm_id":"4308759","name":"Ermin Garcia Street","highway":"residential","z_order":3,"other_tags":"\"designation\"=>\"national_tertiary_road\",\"lane_markings\"=>\"yes\",\"lanes\"=>\"2\",\"lit\"=>\"yes\",\"name:etymology\"=>\"Ermin Erfe Garcia\",\"name:etymology:wikidata\"=>\"Q20119953\",\"old_name\"=>\"Minnesota Avenue\",\"postal_code\"=>\"1102\",\"sidewalk\"=>\"both\",\"surface\"=>\"asphalt\""},"geometry":{"type":"LineString","coordinates":[[121.0527757,14.6294584],[121.0528228,14.6294705],[121.0528581,14.629478],[121.0530117,14.6295115],[121.0532387,14.6295609],[121.0534223,14.6296084],[121.0537304,14.6296842],[121.0538225,14.6296938],[121.0539187,14.6296969],[121.054002,14.6296822],[121.0540602,14.6296624],[121.0540944,14.6296469],[121.0541569,14.6296104],[121.0542123,14.6295611],[121.0542674,14.6294868],[121.0543391,14.629345],[121.0543595,14.6293042],[121.0544073,14.629194],[121.0544591,14.6290814],[121.0545457,14.6288963],[121.0546882,14.6286108],[121.0547065,14.6285648],[121.0547362,14.6285066]]}},
{"type":"Feature","properties":{"osm_id":"4308769","name":"Tindalo Street","highway":"residential","z_order":3,"other_tags":"\"lane_markings\"=>\"yes\",\"lanes\"=>\"2\",\"lit\"=>\"yes\",\"postal_code\"=>\"1102\",\"sidewalk\"=>\"both\",\"surface\"=>\"concrete\""},"geometry":{"type":"LineString","coordinates":[[121.0652614,14.629516],[121.0651234,14.6295277],[121.064716,14.629572]]}},
{"type":"Feature","properties":{"osm_id":"4308773","name":"Narra Street","highway":"tertiary","z_order":4,"other_tags":"\"designation\"=>\"city_road\",\"lane_markings\"=>\"yes\",\"lanes\"=>\"2\",\"lit\"=>\"yes\",\"mapillary\"=>\"4257991047623262\",\"maxspeed\"=>\"30\",\"postal_code\"=>\"1102\",\"sidewalk\"=>\"both\",\"surface\"=>\"concrete\""},"geometry":{"type":"LineString","coordinates":[[121.0686975,14.6325385],[121.0683993,14.6327248],[121.0682626,14.6327745],[121.0681565,14.6327962],[121.0680919,14.6327993],[121.0679938,14.6327962],[121.0678744,14.6327804],[121.0678215,14.6327701],[121.0674627,14.6326449],[121.067107,14.6325355],[121.0668582,14.6324523],[121.0665671,14.6323567]]}},
{"type":"Feature","properties":{"osm_id":"4352013","name":"Supa Street","highway":"footway","z_order":0,"other_tags":"\"postal_code\"=>\"1102\""},"geometry":{"type":"LineString","coordinates":[[121.0693075,14.6294506],[121.0691971,14.629493],[121.0690288,14.6297986],[121.0688826,14.6298466],[121.0687446,14.6301146]]}},
{"type":"Feature","properties":{"osm_id":"4813882","name":"Chico Street","highway":"secondary","z_order":6,"other_tags":"\"designation\"=>\"city_road\",\"lane_markings\"=>\"yes\",\"lanes\"=>\"2\",\"lit\"=>\"yes\",\"maxspeed\"=>\"30\",\"postal_code\"=>\"1102\",\"sidewalk\"=>\"both\",\"surface\"=>\"asphalt\""},"geometry":{"type":"LineString","coordinates":[[121.0639437,14.6357375],[121.0635208,14.6356587],[121.0633391,14.635575],[121.0631937,14.6354763],[121.0630609,14.6353543],[121.0619897,14.634357],[121.0600654,14.6324816]]}},
{"type":"Feature","properties":{"osm_id":"4847960","name":"Ermin Garcia Street","highway":"tertiary","z_order":4,"other_tags":"\"bicycle\"=>\"yes\",\"designation\"=>\"national_tertiary_road\",\"lanes\"=>\"2\",\"lit\"=>\"yes\",\"maxspeed\"=>\"40\",\"maxspeed:type\"=>\"PH:urban\",\"name:etymology\"=>\"Ermin Erfe Garcia\",\"name:etymology:wikidata\"=>\"Q20119953\",\"old_name\"=>\"Minnesota Avenue\",\"postal_code\"=>\"1102\",\"surface\"=>\"asphalt\""},"geometry":{"type":"LineString","coordinates":[[121.059067,14.6284321],[121.0585741,14.6283256],[121.0583988,14.6282818],[121.0578126,14.6280302],[121.0575903,14.6279364],[121.0574292,14.6279225],[121.0573599,14.6279229],[121.0572918,14.6279399],[121.0571481,14.6279924]]}},
{"type":"Feature","properties":{"osm_id":"4847965","name":"P. Tuazon Boulevard","highway":"secondary","z_order":6,"other_tags":"\"bicycle\"=>\"yes\",\"designation\"=>\"city_road\",\"lanes\"=>\"4\",\"lit\"=>\"yes\",\"maxspeed\"=>\"30\",\"name:abbr\"=>\"P. Tuazon Blvd.\",\"name:etymology\"=>\"Pedro Tuazon\",\"name:etymology:wikidata\"=>\"Q2126544\",\"official_name\"=>\"Pedro Tuazon Boulevard\",\"postal_code\"=>\"1109\",\"sidewalk\"=>\"both\",\"surface\"=>\"asphalt\""},"geometry":{"type":"LineString","coordinates":[[121.0594963,14.6200931],[121.0588793,14.6198808],[121.0586468,14.6198042],[121.0583663,14.6196985],[121.0581176,14.6195708],[121.0579442,14.6194732]]}},
{"type":"Feature","properties":{"osm_id":"4893590","name":"Miami Street","highway":"tertiary","z_order":4,"other_tags":"\"cycleway\"=>\"lane\",\"cycleway:lane\"=>\"advisory\",\"designation\"=>\"city_road\",\"lanes\"=>\"4\",\"lit\"=>\"yes\",\"maxspeed\"=>\"30\",\"postal_code\"=>\"1102\",\"sidewalk\"=>\"both\",\"surface\"=>\"concrete\""},"geometry":{"type":"LineString","coordinates":[[121.0560842,14.6287801],[121.0560706,14.6288405],[121.0559502,14.6291322]]}},
{"type":"Feature","properties":{"osm_id":"4910305","name":"K-9th Street","highway":"residential","z_order":3,"other_tags":"\"lanes\"=>\"2\",\"lit\"=>\"yes\",\"postal_code\"=>\"1102\",\"surface\"=>\"concrete\""},"geometry":{"type":"LineString","coordinates":[[121.058305,14.6323699],[121.0571552,14.6320337]]}},
{"type":"Feature","properties":{"osm_id":"4910309","name":"K-6th Street","highway":"residential","z_order":3,"other_tags":"\"lanes\"=>\"2\",\"lit\"=>\"yes\",\"oneway\"=>\"yes\",\"postal_code\"=>\"1102\",\"sidewalk\"=>\"both\",\"surface\"=>\"concrete\""},"geometry":{"type":"LineString","coordinates":[[121.0545128,14.6327008],[121.0567701,14.6333174],[121.0590069,14.6339702]]}},
{"type":"Feature","properties":{"osm_id":"4910318","name":"K-7th Street","highway":"residential","z_order":3,"other_tags":"\"lanes\"=>\"2\",\"lit\"=>\"yes\",\"oneway\"=>\"yes\",\"parking:left\"=>\"lane\",\"parking:left:orientation\"=>\"parallel\",\"postal_code\"=>\"1102\",\"sidewalk\"=>\"both\",\"surface\"=>\"concrete\""},"geometry":{"type":"LineString","coordinates":[[121.0591403,14.6335595],[121.0569765,14.6329123],[121.0568935,14.6328875],[121.0546445,14.6322476],[121.0524119,14.6315979],[121.0523724,14.6315864],[121.052308,14.631568],[121.0501802,14.6309579],[121.0501073,14.630937],[121.049929,14.6308847],[121.0476503,14.6302167]]}},
{"type":"Feature","properties":{"osm_id":"4910327","name":"Harvard Street","highway":"residential","z_order":3,"other_tags":"\"lanes\"=>\"2\",\"lit\"=>\"yes\",\"postal_code\"=>\"1102\",\"sidewalk\"=>\"both\",\"surface\"=>\"concrete\""},"geometry":{"type":"LineString","coordinates":[[121.0565517,14.6246446],[121.0556343,14.6265961],[121.0554363,14.6270095],[121.054847,14.6282353],[121.0548166,14.6284027]]}},
{"type":"Feature","properties":{"osm_id":"4910328","name":"Yale Street","highway":"tertiary","z_order":4,"other_tags":"\"lanes\"=>\"2\",\"lit\"=>\"yes\",\"maxspeed\"=>\"30\",\"oneway\"=>\"yes\",\"postal_code\"=>\"1102\""},"geometry":{"type":"LineString","coordinates":[[121.0554417,14.6239879],[121.0553761,14.6240747]]}},
{"type":"Feature","properties":{"osm_id":"4910329","name":"Stanford Street","highway":"residential","z_order":3,"other_tags":"\"lane_markings\"=>\"no\",\"lanes\"=>\"2\",\"lit\"=>\"yes\",\"postal_code\"=>\"1102\",\"sidewalk\"=>\"both\",\"surface\"=>\"asphalt\""},"geometry":{"type":"LineString","coordinates":[[121.0534223,14.6296084],[121.05409,14.6282411],[121.0550137,14.6263143],[121.0559611,14.6243539]]}},
{"type":"Feature","properties":{"osm_id":"4910331","name":"Times Square Avenue","highway":"unclassified","z_order":3,"other_tags":"\"bicycle\"=>\"yes\",\"lanes\"=>\"3\",\"lanes:backward\"=>\"1\",\"lanes:forward\"=>\"2\",\"lit\"=>\"yes\",\"maxspeed\"=>\"20\",\"postal_code\"=>\"1102\",\"sidewalk\"=>\"both\",\"source:maxspeed\"=>\"sign\",\"surface\"=>\"concrete\""},"geometry":{"type":"LineString","coordinates":[[121.0546415,14.6223339],[121.0544644,14.6225286],[121.0541952,14.6227904],[121.0541337,14.6228529]]}},
{"type":"Feature","properties":{"osm_id":"4910344","name":"Columbia Street","highway":"residential","z_order":3,"other_tags":"\"lit\"=>\"yes\",\"postal_code\"=>\"1102\",\"sidewalk\"=>\"both\",\"surface\"=>\"asphalt\""},"geometry":{"type":"LineString","coordinates":[[121.0574089,14.627389],[121.0568376,14.6271254],[121.056246,14.6268657]]}},
{"type":"Feature","properties":{"osm_id":"4910345","name":"Miami Street","highway":"residential","z_order":3,"other_tags":"\"lane_markings\"=>\"no\",\"lit\"=>\"yes\",\"oneway\"=>\"yes\",\"postal_code\"=>\"1102\",\"sidewalk\"=>\"both\",\"surface\"=>\"concrete\""},"geometry":{"type":"LineString","coordinates":[[121.0568376,14.6271254],[121.0577356,14.6252328]]}},
{"type":"Feature","properties":{"osm_id":"4910346","name":"Albany Street","highway":"residential","z_order":3,"other_tags":"\"lane_markings\"=>\"yes\",\"lanes\"=>\"2\",\"lit\"=>\"yes\",\"oneway\"=>\"yes\",\"postal_code\"=>\"1102\",\"sidewalk\"=>\"both\",\"surface\"=>\"asphalt\""},"geometry":{"type":"LineString","coordinates":[[121.0583217,14.6255088],[121.0574089,14.627389]]}},
{"type":"Feature","properties":{"osm_id":"4910347","name":"Notre Dame Street","highway":"residential","z_order":3,"other_tags":"\"lanes\"=>\"2\",\"mapillary\"=>\"864772950773724\",\"maxspeed\"=>\"20\",\"postal_code\"=>\"1102\",\"surface\"=>\"concrete\""},"geometry":{"type":"LineString","coordinates":[[121.0589342,14.6257139],[121.0588955,14.6258033]]}},
{"type":"Feature","properties":{"osm_id":"4910348","name":"La Salle Street","highway":"residential","z_order":3,"other_tags":"\"bicycle\"=>\"yes\",\"lanes\"=>\"2\",\"lit\"=>\"yes\",\"oneway\"=>\"yes\",\"postal_code\"=>\"1102\",\"surface\"=>\"concrete\""},"geometry":{"type":"LineString","coordinates":[[121.0594875,14.6260942],[121.0590415,14.6269892],[121.0583988,14.6282818]]}},
{"type":"Feature","properties":{"osm_id":"4910349","name":"Illinois Street","highway":"residential","z_order":3,"other_tags":"\"bicycle\"=>\"yes\",\"lanes\"=>\"2\",\"postal_code\"=>\"1102\""},"geometry":{"type":"LineString","coordinates":[[121.0599656,14.6267434],[121.059067,14.6284321]]}},
{"type":"Feature","properties":{"osm_id":"4910350","name":"Pittsburgh Street","highway":"residential","z_order":3,"other_tags":"\"lanes\"=>\"2\",\"postal_code\"=>\"1102\",\"surface\"=>\"concrete\""},"geometry":{"type":"LineString","coordinates":[[121.0607084,14.6267164],[121.0597286,14.6286441]]}},
{"type":"Feature","properties":{"osm_id":"4910353","name":"Potsdam Street","highway":"tertiary","z_order":4,"other_tags":"\"designation\"=>\"barangay_road\",\"lane_markings\"=>\"yes\",\"lanes\"=>\"2\",\"lit\"=>\"yes\",\"maxspeed\"=>\"20\",\"maxspeed:type\"=>\"PH:urban\",\"oneway\"=>\"yes\",\"postal_code\"=>\"1102\",\"sidewalk\"=>\"both\",\"surface\"=>\"concrete\""},"geometry":{"type":"LineString","coordinates":[[121.0603839,14.628908],[121.0613199,14.6270084]]}},
{"type":"Feature","properties":{"osm_id":"4935809","name":"General Malvar Avenue","highway":"unclassified","z_order":3,"other_tags":"\"lanes\"=>\"3\",\"lanes:backward\"=>\"2\",\"lanes:forward\"=>\"1\",\"lit\"=>\"yes\",\"maxspeed\"=>\"20\",\"postal_code\"=>\"1109\",\"source:maxspeed\"=>\"sign\",\"turn:lanes:backward\"=>\"left|right\""},"geometry":{"type":"LineString","coordinates":[[121.0555597,14.6235141],[121.0555374,14.6235037],[121.0550637,14.6232825]]}},
{"type":"Feature","properties":{"osm_id":"4935811","name":"General Roxas Avenue","highway":"unclassified","z_order":3,"other_tags":"\"lanes\"=>\"2\",\"lit\"=>\"yes\",\"maxspeed\"=>\"20\",\"oneway\"=>\"yes\",\"postal_code\"=>\"1109\",\"sidewalk:right\"=>\"yes\",\"source:maxspeed\"=>\"sign\",\"surface\"=>\"asphalt\""},"geometry":{"type":"LineString","coordinates":[[121.0546287,14.6222587],[121.0538901,14.6218712],[121.0538412,14.6218417],[121.0537712,14.621802]]}},
{"type":"Feature","properties":{"osm_id":"4935813","name":"General MacArthur Avenue","highway":"unclassified","z_order":3,"other_tags":"\"lane_markings\"=>\"yes\",\"lanes\"=>\"2\",\"lit\"=>\"yes\",\"maxspeed\"=>\"20\",\"oneway\"=>\"yes\",\"postal_code\"=>\"1109\",\"source:maxspeed\"=>\"sign\",\"surface\"=>\"asphalt\""},"geometry":{"type":"LineString","coordinates":[[121.0556539,14.6203261],[121.055618,14.6203104],[121.0550409,14.6200322]]}},
{"type":"Feature","properties":{"osm_id":"4935817","name":"General Romulo Avenue","highway":"tertiary","z_order":4,"other_tags":"\"lane_markings\"=>\"yes\",\"lanes\"=>\"2\",\"lit\"=>\"yes\",\"maxspeed\"=>\"20\",\"oneway\"=>\"yes\",\"postal_code\"=>\"1109\",\"source:maxspeed\"=>\"sign\",\"surface\"=>\"asphalt\""},"geometry":{"type":"LineString","coordinates":[[121.0575569,14.6197443],[121.0575019,14.6197982],[121.0574564,14.6198428],[121.0573865,14.6199197],[121.0573322,14.6199932],[121.0571155,14.6203195]]}},
{"type":"Feature","properties":{"osm_id":"4948189","name":"Chico Street","highway":"residential","z_order":3,"other_tags":"\"lane_markings\"=>\"no\",\"lit\"=>\"yes\",\"postal_code\"=>\"1102\",\"sidewalk\"=>\"both\",\"surface\"=>\"concrete\""},"geometry":{"type":"LineString","coordinates":[[121.0571971,14.6296758],[121.0575353,14.6300067],[121.0578824,14.6303462],[121.0582133,14.6306698],[121.0582494,14.6307053],[121.0584499,14.6309013],[121.0587525,14.6311973],[121.0589774,14.6314173],[121.0590661,14.6315041],[121.0591528,14.6315889],[121.0600654,14.6324816]]}},
{"type":"Feature","properties":{"osm_id":"4948190","name":"Kasing-kasing Street","highway":"residential","z_order":3,"other_tags":"\"lanes\"=>\"2\",\"lit\"=>\"yes\",\"maxweight:hgv\"=>\"4.5\",\"old_name\"=>\"K-K Street\",\"postal_code\"=>\"1102\",\"psv\"=>\"no\",\"sidewalk\"=>\"both\",\"surface\"=>\"concrete\""},"geometry":{"type":"LineString","coordinates":[[121.0578624,14.6310607],[121.0573039,14.6315895],[121.0571552,14.6320337],[121.0570262,14.6324747],[121.0568935,14.6328875],[121.0567701,14.6333174],[121.056677,14.6335981],[121.0566289,14.6337433],[121.0565908,14.6338568]]}},
{"type":"Feature","properties":{"osm_id":"4948192","name":"K-10th Street","highway":"residential","z_order":3,"other_tags":"\"lanes\"=>\"2\",\"lit\"=>\"yes\",\"postal_code\"=>\"1102\",\"sidewalk\"=>\"both\",\"surface\"=>\"concrete\""},"geometry":{"type":"LineString","coordinates":[[121.0538065,14.6310769],[121.0538294,14.6310301],[121.0538457,14.63101],[121.0541777,14.6308134],[121.0542858,14.6307681],[121.0543263,14.6307524],[121.0543633,14.630751],[121.0544054,14.6307576],[121.0550524,14.6309472]]}},
{"type":"Feature","properties":{"osm_id":"4948193","name":"Naranghita Street","highway":"residential","z_order":3,"other_tags":"\"oneway\"=>\"yes\",\"postal_code\"=>\"1102\",\"surface\"=>\"concrete\""},"geometry":{"type":"LineString","coordinates":[[121.0575353,14.6300067],[121.0577093,14.629836],[121.0578871,14.6297135],[121.0581056,14.629618],[121.0583328,14.629556],[121.0585463,14.6295326],[121.058795,14.6295458],[121.0590631,14.6296104],[121.0597126,14.6298904],[121.0600328,14.6300165],[121.0602917,14.6300895],[121.060829,14.6302077],[121.061136,14.6302758],[121.0613019,14.6303487],[121.061399,14.6303914]]}},
{"type":"Feature","properties":{"osm_id":"4948194","name":"Marang Street","highway":"residential","z_order":3,"other_tags":"\"lane_markings\"=>\"yes\",\"lanes\"=>\"2\",\"lit\"=>\"yes\",\"oneway\"=>\"yes\",\"postal_code\"=>\"1102\",\"sidewalk\"=>\"both\",\"surface\"=>\"concrete\""},"geometry":{"type":"LineString","coordinates":[[121.0611828,14.6308053],[121.060971,14.6307142],[121.060652,14.6306505],[121.0603519,14.6305834],[121.0598798,14.6304611],[121.0595603,14.6303398],[121.0590452,14.6301015],[121.0587928,14.6300201],[121.0586056,14.6300085],[121.0584527,14.6300241],[121.0582909,14.6300665],[121.0581403,14.6301332],[121.0580066,14.630226],[121.0578824,14.6303462]]}},
{"type":"Feature","properties":{"osm_id":"4948195","name":"Lanzones Street","highway":"residential","z_order":3,"other_tags":"\"lane_markings\"=>\"no\",\"lanes\"=>\"2\",\"lit\"=>\"yes\",\"oneway\"=>\"yes\",\"postal_code\"=>\"1102\",\"sidewalk\"=>\"both\",\"surface\"=>\"concrete\""},"geometry":{"type":"LineString","coordinates":[[121.0609679,14.6312133],[121.0606379,14.6311377],[121.0604142,14.6310891],[121.0598903,14.6309465],[121.0594436,14.6308062],[121.0593655,14.6307774],[121.0590101,14.6306213],[121.0587801,14.6305123],[121.0587258,14.6304909],[121.0586493,14.6304721],[121.0585642,14.6304637],[121.0584844,14.6304695],[121.0584254,14.6304922],[121.0583757,14.630525],[121.0582133,14.6306698]]}},
{"type":"Feature","properties":{"osm_id":"4948196","name":"Pajo Street","highway":"residential","z_order":3,"other_tags":"\"lanes\"=>\"2\",\"lit\"=>\"yes\",\"oneway\"=>\"yes\",\"postal_code\"=>\"1102\",\"sidewalk\"=>\"both\",\"surface\"=>\"concrete\""},"geometry":{"type":"LineString","coordinates":[[121.0616301,14.6299795],[121.0614155,14.629875],[121.0612208,14.6298057],[121.0605617,14.6296904],[121.0598914,14.6294493],[121.0592085,14.629163],[121.0588067,14.6290775],[121.058464,14.6290743],[121.0581849,14.6291025],[121.0579626,14.6291728],[121.0577123,14.6292794],[121.0574079,14.6294866],[121.0571971,14.6296758],[121.0569298,14.6299216],[121.0568249,14.6300255]]}},
{"type":"Feature","properties":{"osm_id":"4948199","name":"Malong Street","highway":"residential","z_order":3,"other_tags":"\"lit\"=>\"yes\",\"oneway\"=>\"yes\",\"postal_code\"=>\"1109\",\"surface\"=>\"concrete\""},"geometry":{"type":"LineString","coordinates":[[121.0708912,14.6293219],[121.0704941,14.6290854],[121.0701374,14.6288589],[121.0700274,14.6288122],[121.0696026,14.6286807]]}},
{"type":"Feature","properties":{"osm_id":"4948200","name":"F. Calderon Street","highway":"residential","z_order":3,"other_tags":"\"lanes\"=>\"2\",\"lit\"=>\"yes\",\"oneway\"=>\"yes\",\"postal_code\"=>\"1109\",\"surface\"=>\"concrete\""},"geometry":{"type":"LineString","coordinates":[[121.0697866,14.6281334],[121.0698838,14.6281669],[121.070303,14.6283099],[121.0703981,14.6283469],[121.0706883,14.6285209],[121.0709287,14.6286642],[121.0712111,14.6288325]]}},
{"type":"Feature","properties":{"osm_id":"4948204","name":"C. Aguinaldo Street","highway":"residential","z_order":3,"other_tags":"\"lanes\"=>\"2\",\"lit\"=>\"yes\",\"oneway\"=>\"no\",\"postal_code\"=>\"1109\",\"sidewalk\"=>\"both\",\"surface\"=>\"concrete\""},"geometry":{"type":"LineString","coordinates":[[121.0708647,14.6275785],[121.0705223,14.627455],[121.0700853,14.6273117],[121.0695261,14.6271305],[121.0690266,14.62695],[121.0684641,14.626743],[121.0683342,14.6267153],[121.0682377,14.6266998],[121.0681392,14.6266922],[121.0678892,14.6267042],[121.0669418,14.6268024],[121.0665254,14.626851],[121.0660505,14.6268965]]}},
{"type":"Feature","properties":{"osm_id":"4948207","name":"J. P. Rizal Street","highway":"tertiary","z_order":4,"other_tags":"\"designation\"=>\"national_tertiary_road\",\"lanes\"=>\"2\",\"lit\"=>\"yes\",\"maxspeed\"=>\"40\",\"maxspeed:type\"=>\"PH:urban\",\"name:etymology\"=>\"José Rizal\",\"name:etymology:wikidata\"=>\"Q1500\",\"postal_code\"=>\"1109\",\"sidewalk\"=>\"both\",\"surface\"=>\"asphalt\",\"width\"=>\"8\""},"geometry":{"type":"LineString","coordinates":[[121.0693586,14.6293338],[121.0694054,14.6292389],[121.0694595,14.6290967],[121.0695717,14.6287789],[121.0696026,14.6286807],[121.0697405,14.6282625],[121.0697866,14.6281334],[121.0700626,14.6273749],[121.0700853,14.6273117],[121.0705685,14.625967],[121.0707187,14.6255617]]}},
{"type":"Feature","properties":{"osm_id":"4948212","name":"A. Luna Street","highway":"residential","z_order":3,"other_tags":"\"name:abbr\"=>\"A. Luna\",\"postal_code\"=>\"1109\""},"geometry":{"type":"LineString","coordinates":[[121.0711906,14.6242358],[121.0704855,14.6240546],[121.0703399,14.6240291],[121.0701492,14.6239995],[121.0700749,14.6239953],[121.0699328,14.6239956],[121.0697222,14.6240103],[121.0696651,14.6240214],[121.0695702,14.6240491],[121.0694628,14.6241068]]}},
{"type":"Feature","properties":{"osm_id":"4948213","name":"Magat Salamat","highway":"residential","z_order":3,"other_tags":"\"postal_code\"=>\"1109\""},"geometry":{"type":"LineString","coordinates":[[121.0646621,14.6224737],[121.0646957,14.6224741],[121.0647333,14.6224883],[121.0651355,14.6226737]]}},
{"type":"Feature","properties":{"osm_id":"4948214","name":"A. Novales Street","highway":"residential","z_order":3,"other_tags":"\"oneway\"=>\"yes\",\"postal_code\"=>\"1109\""},"geometry":{"type":"LineString","coordinates":[[121.0674095,14.6241222],[121.0682407,14.6241065],[121.0683716,14.6240864],[121.0684405,14.6240641],[121.0685617,14.624013],[121.0692159,14.6236446]]}},
{"type":"Feature","properties":{"osm_id":"4977516","name":"Tindalo Street","highway":"residential","z_order":3,"other_tags":"\"lane_markings\"=>\"yes\",\"lit\"=>\"yes\",\"postal_code\"=>\"1102\",\"sidewalk\"=>\"both\",\"surface\"=>\"concrete\""},"geometry":{"type":"LineString","coordinates":[[121.0652614,14.629516],[121.0654021,14.6295135],[121.0654765,14.6295197],[121.0657916,14.629578],[121.0658859,14.6295935],[121.0659333,14.6296024],[121.0663848,14.6296876],[121.0667074,14.6297315]]}},
{"type":"Feature","properties":{"osm_id":"4977517","name":"Ipil Street","highway":"residential","z_order":3,"other_tags":"\"lanes\"=>\"2\",\"lit\"=>\"yes\",\"oneway\"=>\"yes\",\"postal_code\"=>\"1102\",\"sidewalk\"=>\"both\",\"surface\"=>\"concrete\""},"geometry":{"type":"LineString","coordinates":[[121.0667856,14.6315044],[121.0667815,14.6314677],[121.0667536,14.6314309],[121.0664562,14.6312202],[121.0664088,14.6311772],[121.0663663,14.6311308],[121.0663404,14.6310645],[121.0661949,14.630703]]}},
{"type":"Feature","properties":{"osm_id":"4977518","name":"Yakal Street","highway":"residential","z_order":3,"other_tags":"\"oneway\"=>\"yes\",\"postal_code\"=>\"1102\""},"geometry":{"type":"LineString","coordinates":[[121.0686906,14.6316685],[121.0685193,14.6319225],[121.0682682,14.632159],[121.0681727,14.6322109],[121.0680827,14.6322251],[121.067972,14.6322184],[121.0678368,14.6321763],[121.0672844,14.6319669]]}},
{"type":"Feature","properties":{"osm_id":"4977519","name":"Guijo Street","highway":"residential","z_order":3,"other_tags":"\"lanes\"=>\"2\",\"lit\"=>\"yes\",\"oneway\"=>\"yes\",\"postal_code\"=>\"1102\",\"sidewalk\"=>\"both\",\"surface\"=>\"concrete\""},"geometry":{"type":"LineString","coordinates":[[121.0652614,14.629516],[121.0652809,14.6296032],[121.0652991,14.6296848],[121.06573,14.6308666],[121.0659117,14.6312745],[121.065971,14.6313905],[121.0660525,14.6315078],[121.0661584,14.6316003],[121.0664501,14.6318008],[121.0665263,14.6318532]]}},
{"type":"Feature","properties":{"osm_id":"4977521","name":"Banuyo Street","highway":"residential","z_order":3,"other_tags":"\"lane_markings\"=>\"no\",\"lanes\"=>\"2\",\"lit\"=>\"yes\",\"oneway\"=>\"yes\",\"postal_code\"=>\"1102\",\"sidewalk\"=>\"both\",\"surface\"=>\"concrete\""},"geometry":{"type":"LineString","coordinates":[[121.0672844,14.6319669],[121.0679393,14.6316847],[121.0681089,14.6315274],[121.0681815,14.6314183],[121.0682877,14.6312141],[121.0688527,14.6301671]]}},
{"type":"Feature","properties":{"osm_id":"4977522","name":"Batino Street","highway":"residential","z_order":3,"other_tags":"\"lanes\"=>\"2\",\"lit\"=>\"yes\",\"oneway\"=>\"yes\",\"postal_code\"=>\"1102\",\"sidewalk\"=>\"both\",\"surface\"=>\"concrete\""},"geometry":{"type":"LineString","coordinates":[[121.0705857,14.6309957],[121.07021,14.6317336],[121.0700145,14.6321369],[121.0699097,14.6323698],[121.0694946,14.6329691],[121.0691842,14.6333716],[121.0691673,14.6333937],[121.069075,14.6335147],[121.0689011,14.6337103],[121.0687316,14.6338016],[121.0684882,14.6338939],[121.0682447,14.6338984],[121.0680518,14.6338833],[121.0678623,14.6338217],[121.0667483,14.633404]]}},
{"type":"Feature","properties":{"osm_id":"4977554","name":"Dungon Street","highway":"residential","z_order":3,"other_tags":"\"lanes\"=>\"2\",\"lit\"=>\"yes\",\"oneway\"=>\"yes\",\"postal_code\"=>\"1102\",\"surface\"=>\"concrete\""},"geometry":{"type":"LineString","coordinates":[[121.0669477,14.6330198],[121.0673985,14.6331919],[121.0677895,14.6333407],[121.0679185,14.6334037],[121.0680763,14.6334563],[121.0682304,14.6334741],[121.0683974,14.6334413],[121.068521,14.6334044],[121.0686494,14.6333466],[121.0687573,14.6332481],[121.0689929,14.6329382]]}},
{"type":"Feature","properties":{"osm_id":"4977555","name":"Pajo Street","highway":"residential","z_order":3,"other_tags":"\"lanes\"=>\"2\",\"lit\"=>\"yes\",\"postal_code\"=>\"1102\",\"sidewalk\"=>\"both\",\"surface\"=>\"concrete\""},"geometry":{"type":"LineString","coordinates":[[121.0616301,14.6299795],[121.0617425,14.6300312],[121.0619708,14.6301787],[121.0621313,14.6303154],[121.0624125,14.6306346],[121.0624722,14.6307024],[121.0627037,14.6310265],[121.0628833,14.6313492],[121.0629054,14.6313957],[121.0629952,14.6315848],[121.0631072,14.6318783],[121.0632435,14.6322514],[121.0632736,14.6323336]]}},
{"type":"Feature","properties":{"osm_id":"4977556","name":"Naranghita Street","highway":"residential","z_order":3,"other_tags":"\"lit\"=>\"yes\",\"oneway\"=>\"yes\",\"postal_code\"=>\"1102\",\"surface\"=>\"concrete\""},"geometry":{"type":"LineString","coordinates":[[121.0623666,14.6333124],[121.0624997,14.6331704],[121.0626183,14.6330096],[121.0627235,14.6327985],[121.0627605,14.6326346],[121.0627573,14.6324256],[121.0627216,14.6322323],[121.0626409,14.6319817],[121.0624331,14.6315689],[121.0623895,14.6314929],[121.0622732,14.6312904],[121.0619473,14.6308251],[121.0617101,14.630599],[121.061399,14.6303914]]}},
{"type":"Feature","properties":{"osm_id":"4977557","name":"Marang Street","highway":"residential","z_order":3,"other_tags":"\"lane_markings\"=>\"yes\",\"lanes\"=>\"2\",\"lit\"=>\"yes\",\"oneway\"=>\"yes\",\"postal_code\"=>\"1102\",\"sidewalk\"=>\"both\",\"surface\"=>\"concrete\""},"geometry":{"type":"LineString","coordinates":[[121.0611828,14.6308053],[121.0613161,14.6308796],[121.0614381,14.6309725],[121.061586,14.6311151],[121.0618124,14.6314371],[121.0619614,14.6317137],[121.062018,14.6318138],[121.0620858,14.6319336],[121.0621905,14.6321604],[121.0622776,14.6324033],[121.0622902,14.6325117],[121.0622787,14.6326141],[121.0622388,14.6327258],[121.0621667,14.6328345],[121.0620415,14.6329909]]}},
{"type":"Feature","properties":{"osm_id":"4977559","name":"Almaciga Street","highway":"tertiary","z_order":4,"other_tags":"\"designation\"=>\"city_road\",\"lanes\"=>\"2\",\"lit\"=>\"yes\",\"maxspeed\"=>\"30\",\"oneway\"=>\"yes\",\"postal_code\"=>\"1102\",\"sidewalk\"=>\"both\",\"surface\"=>\"concrete\""},"geometry":{"type":"LineString","coordinates":[[121.0638631,14.6326458],[121.0658175,14.6319441]]}},
{"type":"Feature","properties":{"osm_id":"4977560","name":"Almon Street","highway":"tertiary","z_order":4,"other_tags":"\"designation\"=>\"city_road\",\"lanes\"=>\"2\",\"lit\"=>\"yes\",\"maxspeed\"=>\"30\",\"oneway\"=>\"yes\",\"postal_code\"=>\"1102\",\"sidewalk\"=>\"both\",\"surface\"=>\"concrete\""},"geometry":{"type":"LineString","coordinates":[[121.0662401,14.6322415],[121.066122,14.6322501],[121.0650346,14.6326522],[121.0642784,14.6329319],[121.0642357,14.6329562]]}},
{"type":"Feature","properties":{"osm_id":"4977561","name":"Aguho Street","highway":"residential","z_order":3,"other_tags":"\"lanes\"=>\"2\",\"lit\"=>\"yes\",\"mapillary\"=>\"287360653553163\",\"not:name\"=>\"Amaya\",\"oneway\"=>\"yes\",\"postal_code\"=>\"1102\",\"sidewalk\"=>\"both\",\"source:name\"=>\"extrapolation\",\"surface\"=>\"concrete\""},"geometry":{"type":"LineString","coordinates":[[121.0662401,14.6322415],[121.0658307,14.6327954],[121.0655475,14.6331867],[121.0653024,14.6334838],[121.0651402,14.6335992],[121.0649898,14.6336361],[121.0648254,14.6336534],[121.0646723,14.6336563],[121.0645705,14.6336122],[121.0644772,14.6335169],[121.0644177,14.6334185],[121.0643865,14.6333169]]}},
{"type":"Feature","properties":{"osm_id":"4977562","name":"Acacia Street","highway":"residential","z_order":3,"other_tags":"\"oneway\"=>\"yes\",\"postal_code\"=>\"1102\",\"surface\"=>\"concrete\""},"geometry":{"type":"LineString","coordinates":[[121.0658307,14.6327954],[121.0643865,14.6333169]]}},
{"type":"Feature","properties":{"osm_id":"4977594","name":"Aguho Street","highway":"residential","z_order":3,"other_tags":"\"lane_markings\"=>\"yes\",\"lanes\"=>\"2\",\"lit\"=>\"yes\",\"not:name\"=>\"Aguito\",\"oneway\"=>\"yes\",\"postal_code\"=>\"1102\",\"sidewalk\"=>\"both\",\"surface\"=>\"concrete\""},"geometry":{"type":"LineString","coordinates":[[121.0638966,14.6322147],[121.0639119,14.631962],[121.0638954,14.631757],[121.0637932,14.631334],[121.0636858,14.6311081],[121.0635818,14.6310013],[121.0633651,14.630789],[121.0632461,14.6306636]]}},
{"type":"Feature","properties":{"osm_id":"4977595","name":"Dao Street","highway":"residential","z_order":3,"other_tags":"\"lane_markings\"=>\"yes\",\"lanes\"=>\"2\",\"lit\"=>\"yes\",\"postal_code\"=>\"1102\",\"sidewalk\"=>\"both\",\"surface\"=>\"concrete\""},"geometry":{"type":"LineString","coordinates":[[121.0629871,14.6295822],[121.0632913,14.6291653],[121.0633171,14.6291479],[121.063347,14.6291397],[121.0633707,14.6291362],[121.0633935,14.6291388],[121.0641039,14.6292569],[121.0641518,14.629284],[121.064174,14.629328],[121.0641834,14.6293568],[121.064223,14.6296252]]}},
{"type":"Feature","properties":{"osm_id":"4977596","name":"Amayan Street","highway":"residential","z_order":3,"other_tags":"\"lane_markings\"=>\"no\",\"lanes\"=>\"2\",\"lit\"=>\"yes\",\"postal_code\"=>\"1102\",\"sidewalk\"=>\"both\",\"surface\"=>\"concrete\""},"geometry":{"type":"LineString","coordinates":[[121.064223,14.6296252],[121.0643074,14.6298435],[121.0644533,14.6302204],[121.0646053,14.6306135],[121.0646414,14.6307067],[121.0647561,14.6310033],[121.0649075,14.6313947]]}},
{"type":"Feature","properties":{"osm_id":"4977600","name":"Arangga Street","highway":"residential","z_order":3,"other_tags":"\"lanes\"=>\"2\",\"lit\"=>\"yes\",\"postal_code\"=>\"1102\",\"surface\"=>\"concrete\""},"geometry":{"type":"LineString","coordinates":[[121.0643074,14.6298435],[121.0630105,14.6303078]]}},
{"type":"Feature","properties":{"osm_id":"4977601","name":"Apitong Street","highway":"residential","z_order":3,"other_tags":"\"lanes\"=>\"2\",\"lit\"=>\"yes\",\"postal_code\"=>\"1102\",\"surface\"=>\"concrete\""},"geometry":{"type":"LineString","coordinates":[[121.0646053,14.6306135],[121.0635818,14.6310013]]}},
{"type":"Feature","properties":{"osm_id":"4977602","name":"Amugis Street","highway":"residential","z_order":3,"other_tags":"\"lanes\"=>\"2\",\"lit\"=>\"yes\",\"postal_code\"=>\"1102\",\"surface\"=>\"concrete\""},"geometry":{"type":"LineString","coordinates":[[121.0647561,14.6310033],[121.0641169,14.6312425]]}},
{"type":"Feature","properties":{"osm_id":"4977603","name":"Akle Street","highway":"residential","z_order":3,"other_tags":"\"lane_markings\"=>\"yes\",\"lit\"=>\"yes\",\"postal_code\"=>\"1102\",\"sidewalk\"=>\"both\",\"surface\"=>\"concrete\""},"geometry":{"type":"LineString","coordinates":[[121.0653489,14.6312265],[121.0649075,14.6313947],[121.0646052,14.6315121],[121.0642924,14.6316364],[121.0642719,14.6316445],[121.0642542,14.6316614]]}},
{"type":"Feature","properties":{"osm_id":"4977607","name":"Guyabano Street","highway":"residential","z_order":3,"other_tags":"\"lanes\"=>\"2\",\"lit\"=>\"yes\",\"postal_code\"=>\"1102\",\"surface\"=>\"concrete\""},"geometry":{"type":"LineString","coordinates":[[121.0616412,14.6326143],[121.0620415,14.6329909],[121.0623666,14.6333124],[121.0626983,14.6336472]]}},
{"type":"Feature","properties":{"osm_id":"4977639","name":"Anubing Street","highway":"residential","z_order":3,"other_tags":"\"alt_name\"=>\"Anobing\",\"lanes\"=>\"2\",\"lit\"=>\"yes\",\"postal_code\"=>\"1102\",\"surface\"=>\"concrete\""},"geometry":{"type":"LineString","coordinates":[[121.0644533,14.6302204],[121.0632461,14.6306636]]}},
{"type":"Feature","properties":{"osm_id":"4977640","name":"Langka Street","highway":"tertiary","z_order":4,"other_tags":"\"designation\"=>\"city_road\",\"lanes\"=>\"2\",\"lit\"=>\"yes\",\"maxspeed\"=>\"30\",\"postal_code\"=>\"1102\",\"sidewalk\"=>\"no\",\"surface\"=>\"concrete\""},"geometry":{"type":"LineString","coordinates":[[121.0637899,14.6325913],[121.0637052,14.6326494]]}},
{"type":"Feature","properties":{"osm_id":"4977643","name":"K-10th Street","highway":"residential","z_order":3,"other_tags":"\"lane_markings\"=>\"no\",\"lanes\"=>\"2\",\"lit\"=>\"yes\",\"oneway\"=>\"yes\",\"postal_code\"=>\"1102\",\"sidewalk\"=>\"both\",\"surface\"=>\"concrete\""},"geometry":{"type":"LineString","coordinates":[[121.0573039,14.6315895],[121.0576135,14.6317109],[121.0577333,14.6318074],[121.058305,14.6323699],[121.0589672,14.63303]]}},
{"type":"Feature","properties":{"osm_id":"5020040","name":"Aurora Boulevard","highway":"primary","z_order":7,"other_tags":"\"cycleway:right\"=>\"lane\",\"lanes\"=>\"2\",\"lit\"=>\"yes\",\"maxspeed\"=>\"60\",\"maxspeed:bus\"=>\"50\",\"maxspeed:hgv\"=>\"50\",\"oneway\"=>\"yes\",\"ref\"=>\"59\",\"sidewalk:right\"=>\"yes\",\"source:maxspeed\"=>\"sign\",\"surface\"=>\"asphalt\",\"wikidata\"=>\"Q4822499\""},"geometry":{"type":"LineString","coordinates":[[121.0635545,14.6277691],[121.0640374,14.6278498],[121.0641879,14.6278749],[121.0650935,14.6280297],[121.0656267,14.6281114],[121.0664777,14.6282469],[121.0668325,14.6283018],[121.0670844,14.6283574],[121.0673507,14.6284441],[121.0675188,14.6285054],[121.0675922,14.6285327],[121.0677246,14.6285906],[121.0677709,14.6286114],[121.0679417,14.6286865],[121.0679954,14.6287148],[121.0681005,14.6287607],[121.068304,14.6288509],[121.0684136,14.6288994],[121.0685024,14.6289426],[121.06856,14.6289714],[121.0689149,14.6291319],[121.0692971,14.6293081]]}},
{"type":"Feature","properties":{"osm_id":"5095274","name":"Aguho Street","highway":"residential","z_order":3,"other_tags":"\"alt_name\"=>\"Agoho\",\"lanes\"=>\"2\",\"lit\"=>\"yes\",\"oneway\"=>\"yes\",\"postal_code\"=>\"1102\",\"sidewalk\"=>\"both\",\"surface\"=>\"concrete\""},"geometry":{"type":"LineString","coordinates":[[121.0632461,14.6306636],[121.0631394,14.6305436],[121.0630734,14.6304465],[121.0630105,14.6303078],[121.0629109,14.6299996],[121.0629013,14.6298993],[121.0629138,14.6298063],[121.0629431,14.6297074],[121.0629871,14.6295822]]}},
{"type":"Feature","properties":{"osm_id":"5930250","name":"K-JJ Street","highway":"residential","z_order":3,"other_tags":"\"lane_markings\"=>\"no\",\"lanes\"=>\"2\",\"postal_code\"=>\"1102\",\"surface\"=>\"concrete\""},"geometry":{"type":"LineString","coordinates":[[121.055982,14.6312232],[121.0561106,14.6308612],[121.0561643,14.6307503],[121.0562119,14.6306477],[121.0562734,14.6305151],[121.0563882,14.6303275],[121.0564288,14.6302745]]}},
{"type":"Feature","properties":{"osm_id":"5930261","name":"K-11th Street","highway":"residential","z_order":3,"other_tags":"\"postal_code\"=>\"1102\""},"geometry":{"type":"LineString","coordinates":[[121.0567482,14.6314453],[121.0568214,14.6312279],[121.0568328,14.6311488],[121.0568299,14.6310701],[121.0567993,14.6309853],[121.0567355,14.6309206],[121.0562734,14.6305151]]}},
{"type":"Feature","properties":{"osm_id":"8037786","name":"F. Castillo Street","highway":"tertiary","z_order":4,"other_tags":"\"admin_level\"=>\"10\",\"boundary\"=>\"administrative\",\"lane_markings\"=>\"yes\",\"lanes\"=>\"2\",\"lit\"=>\"yes\",\"maxspeed\"=>\"30\",\"maxspeed:type\"=>\"PH:urban\",\"postal_code\"=>\"1109\",\"sidewalk\"=>\"both\",\"surface\"=>\"concrete\""},"geometry":{"type":"LineString","coordinates":[[121.0664013,14.6280041],[121.0662476,14.6274871],[121.0660505,14.6268965],[121.0659601,14.6266087],[121.0658539,14.6262703],[121.0658319,14.6262141]]}},
{"type":"Feature","properties":{"osm_id":"8037789","name":"Lakandula Street","highway":"tertiary","z_order":4,"other_tags":"\"admin_level\"=>\"10\",\"boundary\"=>\"administrative\",\"lane_markings\"=>\"yes\",\"lanes\"=>\"2\",\"lit\"=>\"yes\",\"maxspeed\"=>\"30\",\"maxspeed:type\"=>\"PH:urban\",\"postal_code\"=>\"1109\",\"sidewalk\"=>\"both\""},"geometry":{"type":"LineString","coordinates":[[121.0674228,14.6246038],[121.0674095,14.6241222],[121.0674087,14.624024],[121.0673965,14.6236166],[121.0673635,14.623127],[121.0673398,14.6226398],[121.0673389,14.6225535]]}},
{"type":"Feature","properties":{"osm_id":"8037796","name":"A. Luna Street","highway":"residential","z_order":3,"other_tags":"\"name:abbr\"=>\"A. Luna\",\"postal_code\"=>\"1109\""},"geometry":{"type":"LineString","coordinates":[[121.0656804,14.6260174],[121.0656119,14.6260628],[121.0655374,14.6261078],[121.0654362,14.6261585],[121.0653345,14.6262098],[121.0651954,14.6262597],[121.0650687,14.6262901],[121.0648363,14.6263162],[121.0635169,14.6263824]]}},
{"type":"Feature","properties":{"osm_id":"8037798","name":"F. Castillo Street","highway":"residential","z_order":3,"other_tags":"\"postal_code\"=>\"1109\""},"geometry":{"type":"LineString","coordinates":[[121.0656804,14.6260174],[121.0656324,14.6259617],[121.0652856,14.6255964],[121.0650093,14.62533],[121.0649123,14.6252225]]}},
{"type":"Feature","properties":{"osm_id":"8037801","name":"J. Bugallon Street","highway":"residential","z_order":3,"other_tags":"\"alt_name\"=>\"J. Bongallon Street\",\"lanes\"=>\"1\",\"postal_code\"=>\"1109\""},"geometry":{"type":"LineString","coordinates":[[121.0652856,14.6255964],[121.065193,14.6256673],[121.065102,14.625721],[121.0649698,14.6257709],[121.0648731,14.625786],[121.0646416,14.6258022],[121.0644384,14.6258083],[121.0642842,14.6258142],[121.0641508,14.6258174],[121.0639427,14.6258255],[121.0638283,14.6258287],[121.0634798,14.6258419]]}},
{"type":"Feature","properties":{"osm_id":"8037803","name":"Miguel Malvar","highway":"residential","z_order":3,"other_tags":"\"name:abbr\"=>\"M. Malvar;Malvar\",\"postal_code\"=>\"1109\""},"geometry":{"type":"LineString","coordinates":[[121.0634625,14.6252931],[121.0637816,14.6252778],[121.0639306,14.6252759],[121.0642283,14.6252667],[121.0643114,14.6252622],[121.0645364,14.6252554],[121.0648488,14.625245],[121.0649123,14.6252225],[121.06495,14.6251384],[121.0653139,14.6246484],[121.0655734,14.6243533],[121.0657819,14.6240972],[121.065913,14.6239362],[121.0660196,14.6238002],[121.0662065,14.6235296],[121.066233,14.6234927],[121.0662575,14.623464],[121.066264,14.6233554],[121.0662611,14.6231488]]}},
{"type":"Feature","properties":{"osm_id":"8037816","name":"Camerino Street","highway":"residential","z_order":3,"other_tags":"\"admin_level\"=>\"10\",\"boundary\"=>\"administrative\",\"name:etymology\"=>\"Camerino Reyes\",\"postal_code\"=>\"1109\""},"geometry":{"type":"LineString","coordinates":[[121.0658319,14.6262141],[121.0668718,14.6258825],[121.0671781,14.6255035],[121.067461,14.6251461]]}},
{"type":"Feature","properties":{"osm_id":"8037825","name":"P. Ocampo Street","highway":"residential","z_order":3,"other_tags":"\"oneway\"=>\"yes\",\"postal_code\"=>\"1109\""},"geometry":{"type":"LineString","coordinates":[[121.0692106,14.6264528],[121.0692951,14.6259172],[121.0693232,14.6258724]]}},
{"type":"Feature","properties":{"osm_id":"8037834","name":"Jose Maria Hugo Street","highway":"residential","z_order":3,"other_tags":"\"loc_name\"=>\"Ma. Hugo\",\"name:etymology\"=>\"José María Hugo\",\"postal_code\"=>\"1109\""},"geometry":{"type":"LineString","coordinates":[[121.0692106,14.6264528],[121.0690038,14.626387],[121.0688145,14.6263213],[121.0685715,14.6262367],[121.0684711,14.6261972],[121.0683374,14.6261701],[121.0680158,14.6261624],[121.0671832,14.6262315],[121.0670873,14.626212],[121.0670057,14.6261566],[121.066933,14.6260504],[121.066876,14.6258941],[121.0668718,14.6258825]]}},
{"type":"Feature","properties":{"osm_id":"8037838","name":"Kalantiaw Street","highway":"tertiary","z_order":4,"other_tags":"\"alt_name\"=>\"Kalantiao;Kalantiyaw\",\"lane_markings\"=>\"no\",\"lanes\"=>\"2\",\"lit\"=>\"yes\",\"maxspeed\"=>\"30\",\"maxspeed:type\"=>\"PH:urban\",\"postal_code\"=>\"1109\",\"sidewalk\"=>\"both\",\"surface\"=>\"concrete\""},"geometry":{"type":"LineString","coordinates":[[121.0653777,14.622166],[121.0655581,14.6217281],[121.0656013,14.6216405],[121.0656699,14.6215524],[121.0658426,14.62138],[121.0662583,14.6210217],[121.0668097,14.6206904],[121.066933,14.6205863],[121.0670108,14.6205175],[121.067708,14.6198755],[121.0679753,14.6196394],[121.0680116,14.619601],[121.0680483,14.6195539],[121.0680984,14.6194828],[121.0682046,14.6193076],[121.0683202,14.6189885],[121.0683341,14.6189295],[121.0683434,14.6188749],[121.0683415,14.6188231],[121.0683307,14.618778],[121.0683012,14.6187134],[121.0681917,14.6184735],[121.0677565,14.6175071],[121.0673097,14.6165099],[121.0671117,14.6160646],[121.0670715,14.6160001],[121.067004,14.6159457],[121.0668263,14.6158545],[121.0663718,14.615675]]}},
{"type":"Feature","properties":{"osm_id":"8037996","name":"P. Ocampo Street","highway":"residential","z_order":3,"other_tags":"\"old_name\"=>\"Acuña\",\"postal_code\"=>\"1109\""},"geometry":{"type":"LineString","coordinates":[[121.0705685,14.625967],[121.0702181,14.6258847],[121.0698524,14.625832]]}},
{"type":"Feature","properties":{"osm_id":"8038029","name":"J. Bugallon Street","highway":"residential","z_order":3,"other_tags":"\"access\"=>\"destination\",\"alt_name\"=>\"J. Bongallon Street\",\"lanes\"=>\"1\",\"postal_code\"=>\"1109\""},"geometry":{"type":"LineString","coordinates":[[121.0674087,14.624024],[121.066924,14.6240352],[121.066726,14.6240421],[121.0665424,14.6240495],[121.066501,14.6240615],[121.0664538,14.624108],[121.0663134,14.6242792],[121.0662516,14.6243657]]}},
{"type":"Feature","properties":{"osm_id":"8038032","name":"Antonio Luna Extension","highway":"residential","z_order":3,"other_tags":"\"postal_code\"=>\"1109\",\"short_name\"=>\"A. Luna Extension\""},"geometry":{"type":"LineString","coordinates":[[121.066428,14.6250746],[121.0667342,14.6250616],[121.0669219,14.6250713],[121.0674517,14.6250543]]}},
{"type":"Feature","properties":{"osm_id":"8038037","name":"F. Salalilla Street","highway":"residential","z_order":3,"other_tags":"\"lit\"=>\"yes\",\"postal_code\"=>\"1109\",\"sidewalk\"=>\"both\",\"surface\"=>\"concrete\""},"geometry":{"type":"LineString","coordinates":[[121.0656013,14.6216405],[121.0663491,14.6219568],[121.0664685,14.6219899],[121.0665765,14.6219955],[121.0673223,14.621973]]}},
{"type":"Feature","properties":{"osm_id":"8038065","name":"21st Avenue","highway":"residential","z_order":3,"other_tags":"\"lanes\"=>\"2\",\"lit\"=>\"yes\",\"postal_code\"=>\"1109\",\"sidewalk\"=>\"both\",\"surface\"=>\"concrete\""},"geometry":{"type":"LineString","coordinates":[[121.0639777,14.6215778],[121.0634833,14.6225799],[121.0631974,14.6231782],[121.0631296,14.6233182],[121.0631065,14.6233785],[121.0630702,14.6234732],[121.0630533,14.6236251],[121.0630739,14.6237559],[121.063123,14.6238904],[121.0632162,14.6240227],[121.0633438,14.6241447],[121.0635885,14.6243157]]}},
{"type":"Feature","properties":{"osm_id":"8038107","name":"19th Avenue","highway":"residential","z_order":3,"other_tags":"\"lane_markings\"=>\"no\",\"lanes\"=>\"2\",\"lit\"=>\"yes\",\"postal_code\"=>\"1109\",\"sidewalk\"=>\"both\",\"surface\"=>\"concrete\""},"geometry":{"type":"LineString","coordinates":[[121.0624899,14.6203038],[121.0625111,14.6202907],[121.0625325,14.6202635],[121.0625485,14.6202365],[121.0628638,14.6195371],[121.0629728,14.6192994],[121.0630986,14.6191005],[121.0632586,14.6188907],[121.0633478,14.6187541],[121.06348,14.6184694],[121.0635233,14.6183655],[121.0640543,14.6170928],[121.0645466,14.6159887],[121.0645643,14.6159649],[121.0645883,14.6159517],[121.0646092,14.6159383],[121.0646473,14.6159299],[121.0647024,14.6159402],[121.0652048,14.616121]]}},
{"type":"Feature","properties":{"osm_id":"8038126","name":"J. Zobel Street","highway":"residential","z_order":3,"other_tags":"\"admin_level\"=>\"10\",\"boundary\"=>\"administrative\",\"lane_markings\"=>\"yes\",\"lanes\"=>\"2\",\"lit\"=>\"yes\",\"oneway\"=>\"yes\",\"postal_code\"=>\"1109\",\"sidewalk\"=>\"both\",\"surface\"=>\"concrete\""},"geometry":{"type":"LineString","coordinates":[[121.0658426,14.62138],[121.065515,14.6210295],[121.0654862,14.6209735],[121.0654906,14.6208921],[121.0655731,14.6206919]]}},
{"type":"Feature","properties":{"osm_id":"8038143","name":"Tamblot Street","highway":"residential","z_order":3,"other_tags":"\"lanes\"=>\"2\",\"lit\"=>\"yes\",\"oneway\"=>\"yes\",\"surface\"=>\"concrete\""},"geometry":{"type":"LineString","coordinates":[[121.0656816,14.6204603],[121.0660291,14.6204553],[121.0662874,14.6204061],[121.0665312,14.6201989],[121.0666249,14.6201152],[121.067313,14.6195006],[121.067334,14.6194966]]}},
{"type":"Feature","properties":{"osm_id":"8038148","name":"Diego Silang Street","highway":"residential","z_order":3,"other_tags":"\"lit\"=>\"yes\",\"oneway\"=>\"yes\",\"postal_code\"=>\"1109\",\"short_name\"=>\"D. Silang\",\"surface\"=>\"concrete\""},"geometry":{"type":"LineString","coordinates":[[121.0660399,14.6196928],[121.0665312,14.6201989]]}},
{"type":"Feature","properties":{"osm_id":"8038295","name":"20th Avenue","highway":"secondary","z_order":6,"other_tags":"\"designation\"=>\"national_tertiary_road\",\"lanes\"=>\"4\",\"lit\"=>\"yes\",\"maxspeed\"=>\"40\",\"maxspeed:type\"=>\"PH:urban\",\"postal_code\"=>\"1109\""},"geometry":{"type":"LineString","coordinates":[[121.0603954,14.6265444],[121.0604137,14.6265158]]}},
{"type":"Feature","properties":{"osm_id":"16357154","name":"Times Square Avenue","highway":"unclassified","z_order":3,"other_tags":"\"lanes\"=>\"1\",\"lit\"=>\"yes\",\"maxspeed\"=>\"20\",\"oneway\"=>\"yes\",\"postal_code\"=>\"1109\",\"sidewalk\"=>\"right\",\"source:maxspeed\"=>\"sign\""},"geometry":{"type":"LineString","coordinates":[[121.0548447,14.6221342],[121.0549204,14.621964],[121.0549364,14.6217653],[121.0554672,14.6206159]]}},
{"type":"Feature","properties":{"osm_id":"18334402","name":"A. Luna Street","highway":"tertiary","z_order":4,"other_tags":"\"lanes\"=>\"2\",\"maxspeed\"=>\"30\",\"maxspeed:type\"=>\"PH:urban\",\"name:abbr\"=>\"A. Luna\",\"postal_code\"=>\"1109\""},"geometry":{"type":"LineString","coordinates":[[121.0656804,14.6260174],[121.065732,14.6259592],[121.0657999,14.6258803],[121.0658603,14.6258011],[121.0660809,14.6255256],[121.066428,14.6250746],[121.0664775,14.62501],[121.066732,14.6246729],[121.066788,14.6246197],[121.0668896,14.6245939],[121.0671381,14.6245918],[121.0674228,14.6246038]]}},
{"type":"Feature","properties":{"osm_id":"19018657","name":"K-8th Street","highway":"residential","z_order":3,"other_tags":"\"bus\"=>\"no\",\"lanes\"=>\"2\",\"lit\"=>\"yes\",\"maxweight:hgv\"=>\"4.5\",\"oneway\"=>\"yes\",\"parking:left\"=>\"lane\",\"parking:left:orientation\"=>\"parallel\",\"postal_code\"=>\"1102\",\"psv\"=>\"no\",\"sidewalk\"=>\"both\",\"surface\"=>\"concrete\""},"geometry":{"type":"LineString","coordinates":[[121.0477798,14.6298031],[121.0478085,14.6298114],[121.0501216,14.6305012],[121.0502207,14.6305307],[121.0502985,14.6305506],[121.0508115,14.6306817],[121.0522891,14.6311041],[121.0525159,14.6311689],[121.0547747,14.6318181],[121.0569407,14.6324498],[121.0570262,14.6324747],[121.0589672,14.63303]]}},
{"type":"Feature","properties":{"osm_id":"19019593","name":"Aguho Street","highway":"residential","z_order":3,"other_tags":"\"lane_markings\"=>\"yes\",\"lanes\"=>\"2\",\"lit\"=>\"yes\",\"oneway\"=>\"yes\",\"postal_code\"=>\"1102\",\"sidewalk\"=>\"both\",\"surface\"=>\"concrete\""},"geometry":{"type":"LineString","coordinates":[[121.0643865,14.6333169],[121.0643143,14.6331057],[121.0642357,14.6329562]]}},
{"type":"Feature","properties":{"osm_id":"19571956","name":"Lakandula Street","highway":"residential","z_order":3,"other_tags":"\"admin_level\"=>\"10\",\"boundary\"=>\"administrative\",\"postal_code\"=>\"1109\""},"geometry":{"type":"LineString","coordinates":[[121.067461,14.6251461],[121.0674517,14.6250543],[121.0674537,14.6246625],[121.0674228,14.6246038]]}},
{"type":"Feature","properties":{"osm_id":"19821323","name":"Lauan Street","highway":"tertiary","z_order":4,"other_tags":"\"alt_name\"=>\"Lawaan Street\",\"designation\"=>\"city_road\",\"lanes\"=>\"2\",\"lit\"=>\"yes\",\"maxspeed\"=>\"30\",\"sidewalk\"=>\"both\",\"surface\"=>\"concrete\""},"geometry":{"type":"LineString","coordinates":[[121.0675733,14.6295458],[121.0676798,14.6293432],[121.0677626,14.6291805],[121.0678207,14.6290631],[121.067861,14.6289817],[121.0679441,14.6288207],[121.0679954,14.6287148]]}},
{"type":"Feature","properties":{"osm_id":"20284897","name":"Aguho Street","highway":"residential","z_order":3,"other_tags":"\"lanes\"=>\"2\",\"lit\"=>\"yes\",\"postal_code\"=>\"1102\",\"sidewalk\"=>\"both\",\"surface\"=>\"concrete\""},"geometry":{"type":"LineString","coordinates":[[121.0665263,14.6318532],[121.0664776,14.6319185],[121.0663438,14.6320979],[121.0662401,14.6322415]]}},
{"type":"Feature","properties":{"osm_id":"20285011","name":"Palosapis Street","highway":"residential","z_order":3,"other_tags":"\"lanes\"=>\"2\",\"lit\"=>\"yes\",\"mapillary\"=>\"4257991047623262\",\"postal_code\"=>\"1102\",\"sidewalk\"=>\"both\",\"surface\"=>\"concrete\""},"geometry":{"type":"LineString","coordinates":[[121.067107,14.6325355],[121.0669595,14.6329532],[121.0669477,14.6330198],[121.0667801,14.633337],[121.0667483,14.633404],[121.066675,14.6335275],[121.0665811,14.6337148]]}},
{"type":"Feature","properties":{"osm_id":"20285090","name":"Tampoy Street","highway":"residential","z_order":3,"other_tags":"\"lanes\"=>\"1\",\"oneway\"=>\"yes\",\"postal_code\"=>\"1102\",\"surface\"=>\"concrete\""},"geometry":{"type":"LineString","coordinates":[[121.0632435,14.6322514],[121.0635795,14.6319777],[121.0636058,14.631935],[121.0636017,14.6318852],[121.0635164,14.6316672],[121.063248,14.631068],[121.0629035,14.630549],[121.0625332,14.6301063],[121.0621777,14.6298039],[121.0618817,14.629608]]}},
{"type":"Feature","properties":{"osm_id":"20285111","name":"Anislag Street","highway":"residential","z_order":3,"other_tags":"\"lane_markings\"=>\"yes\",\"lanes\"=>\"2\",\"lit\"=>\"yes\",\"oneway\"=>\"yes\",\"postal_code\"=>\"1102\",\"sidewalk\"=>\"both\",\"surface\"=>\"concrete\""},"geometry":{"type":"LineString","coordinates":[[121.065504,14.631599],[121.0653961,14.6316454],[121.0644453,14.6320048],[121.0643782,14.632032],[121.0638966,14.6322147]]}},
{"type":"Feature","properties":{"osm_id":"22918797","name":"E. Evangelista Street","highway":"residential","z_order":3,"other_tags":"\"postal_code\"=>\"1109\""},"geometry":{"type":"LineString","coordinates":[[121.063527,14.6265457],[121.0635169,14.6263824],[121.0634798,14.6258419],[121.0634639,14.6253367],[121.0634625,14.6252931],[121.0634332,14.625048],[121.0634422,14.6248851],[121.0634763,14.6247886],[121.0635347,14.6247084],[121.0636285,14.6245862],[121.0637336,14.6244166]]}},
{"type":"Feature","properties":{"osm_id":"22918816","name":"Mirasol Street","highway":"residential","z_order":3,"other_tags":"\"lane_markings\"=>\"no\",\"lanes\"=>\"2\",\"lit\"=>\"yes\",\"postal_code\"=>\"1109\",\"sidewalk\"=>\"both\",\"surface\"=>\"concrete\""},"geometry":{"type":"LineString","coordinates":[[121.0583173,14.6225353],[121.0592874,14.622993],[121.0594996,14.6230911],[121.0595277,14.6231014],[121.0596702,14.6231635],[121.0599511,14.6232938],[121.060371,14.6234885],[121.0604026,14.6235032],[121.0611148,14.6238335]]}},
{"type":"Feature","properties":{"osm_id":"22918818","name":"G. H. del Pilar Street","highway":"residential","z_order":3,"other_tags":"\"lanes\"=>\"2\",\"postal_code\"=>\"1109\",\"sidewalk\"=>\"both\",\"surface\"=>\"concrete\""},"geometry":{"type":"LineString","coordinates":[[121.0596168,14.6209262],[121.0596617,14.620949],[121.0604284,14.6211736],[121.061094,14.6213508],[121.0618075,14.6215838],[121.0618924,14.6216488]]}},
{"type":"Feature","properties":{"osm_id":"22918839","name":"17th Avenue","highway":"residential","z_order":3,"other_tags":"\"postal_code\"=>\"1109\""},"geometry":{"type":"LineString","coordinates":[[121.060768,14.6205046],[121.0608463,14.6203242],[121.0612007,14.6195276],[121.0615891,14.6185244],[121.0621649,14.617107],[121.0625244,14.61625]]}},
{"type":"Feature","properties":{"osm_id":"22918842","name":"18th Avenue","highway":"residential","z_order":3,"other_tags":"\"postal_code\"=>\"1109\""},"geometry":{"type":"LineString","coordinates":[[121.0612979,14.6206564],[121.061094,14.6213508],[121.0610501,14.6215036],[121.0610339,14.6215568],[121.0607989,14.6223311]]}},
{"type":"Feature","properties":{"osm_id":"22918865","name":"Harvard Street","highway":"residential","z_order":3,"other_tags":"\"postal_code\"=>\"1109\""},"geometry":{"type":"LineString","coordinates":[[121.0566024,14.6245408],[121.0573997,14.6229025]]}},
{"type":"Feature","properties":{"osm_id":"22918871","name":"16th Avenue","highway":"residential","z_order":3,"other_tags":"\"postal_code\"=>\"1109\""},"geometry":{"type":"LineString","coordinates":[[121.0620251,14.6160525],[121.0616652,14.6169214],[121.0610947,14.6183082],[121.0607548,14.6190663],[121.0601694,14.6203272]]}},
{"type":"Feature","properties":{"osm_id":"22918879","name":"Rochester Street","highway":"residential","z_order":3,"other_tags":"\"postal_code\"=>\"1109\""},"geometry":{"type":"LineString","coordinates":[[121.0576599,14.6239162],[121.0584006,14.6242791],[121.0584339,14.6242973],[121.0584515,14.6243064],[121.0585836,14.624368]]}},
{"type":"Feature","properties":{"osm_id":"22918889","name":"Don Jose Street","highway":"residential","z_order":3,"other_tags":"\"lane_markings\"=>\"yes\",\"lanes\"=>\"2\",\"lit\"=>\"yes\",\"postal_code\"=>\"1109\",\"surface\"=>\"concrete\""},"geometry":{"type":"LineString","coordinates":[[121.0621377,14.6229413],[121.0615005,14.6226455],[121.0614649,14.622629],[121.0607989,14.6223311],[121.060219,14.6220713],[121.0601784,14.6220205],[121.0601727,14.6219415],[121.0604284,14.6211736]]}},
{"type":"Feature","properties":{"osm_id":"22918903","name":"P. Gomez Street","highway":"residential","z_order":3,"other_tags":"\"postal_code\"=>\"1109\""},"geometry":{"type":"LineString","coordinates":[[121.0628638,14.6195371],[121.0625681,14.6194233],[121.0625318,14.6194161],[121.0624894,14.6194234],[121.0624688,14.6194336],[121.0624507,14.6194529],[121.0624187,14.619497],[121.0621381,14.6201893]]}},
{"type":"Feature","properties":{"osm_id":"22918907","name":"Velante Drive","highway":"service","z_order":0,"other_tags":"\"access\"=>\"private\",\"service\"=>\"driveway\""},"geometry":{"type":"LineString","coordinates":[[121.0597557,14.6216024],[121.0592034,14.6213646]]}},
{"type":"Feature","properties":{"osm_id":"22918918","name":"Century Compound","highway":"service","z_order":0,"other_tags":"\"postal_code\"=>\"1109\""},"geometry":{"type":"LineString","coordinates":[[121.0632949,14.6204506],[121.0633975,14.6204886]]}},
{"type":"Feature","properties":{"osm_id":"22918932","name":"Trinity Street","highway":"residential","z_order":3,"other_tags":"\"postal_code\"=>\"1109\""},"geometry":{"type":"LineString","coordinates":[[121.0578665,14.6234711],[121.0580811,14.6235725],[121.0585414,14.6237938],[121.0585722,14.6238022]]}},
{"type":"Feature","properties":{"osm_id":"22919094","highway":"service","z_order":0,"other_tags":"\"access\"=>\"private\",\"driveway\"=>\"pipestem\",\"oneway\"=>\"yes\",\"postal_code\"=>\"1109\",\"service\"=>\"driveway\""},"geometry":{"type":"LineString","coordinates":[[121.0591254,14.623871],[121.0591368,14.6238639],[121.0594716,14.6231447]]}},
{"type":"Feature","properties":{"osm_id":"22919120","name":"Princeton Street","highway":"residential","z_order":3,"other_tags":"\"postal_code\"=>\"1109\""},"geometry":{"type":"LineString","coordinates":[[121.0574312,14.6243904],[121.0581977,14.6247446],[121.0583661,14.6248213]]}},
{"type":"Feature","properties":{"osm_id":"22952859","name":"Kamagong Street","highway":"service","z_order":0,"other_tags":"\"lanes\"=>\"1\",\"lit\"=>\"yes\",\"oneway\"=>\"yes\",\"postal_code\"=>\"1102\",\"service\"=>\"alley\",\"sidewalk\"=>\"no\",\"surface\"=>\"concrete\""},"geometry":{"type":"LineString","coordinates":[[121.0668144,14.6297328],[121.0668495,14.6297188],[121.0668683,14.6296825],[121.0668851,14.6295734],[121.0669173,14.6293879],[121.0669449,14.6292822]]}},
{"type":"Feature","properties":{"osm_id":"22952862","highway":"residential","z_order":3,"other_tags":"\"lanes\"=>\"2\",\"lit\"=>\"yes\",\"parking:right\"=>\"lane\",\"parking:right:orientation\"=>\"parallel\",\"sidewalk\"=>\"no\",\"surface\"=>\"asphalt\""},"geometry":{"type":"LineString","coordinates":[[121.0683371,14.629917],[121.0680167,14.6305465]]}},
{"type":"Feature","properties":{"osm_id":"23250383","name":"Lanzones Street","highway":"residential","z_order":3,"other_tags":"\"lanes\"=>\"2\",\"lit\"=>\"yes\",\"oneway\"=>\"yes\",\"postal_code\"=>\"1102\",\"sidewalk\"=>\"both\",\"surface\"=>\"concrete\""},"geometry":{"type":"LineString","coordinates":[[121.0609679,14.6312133],[121.0610534,14.6312872],[121.0612333,14.6314522],[121.0613712,14.6316131],[121.061603,14.63201],[121.0617854,14.6323618],[121.0617976,14.6324342],[121.0617618,14.6324879],[121.0616412,14.6326143]]}},
{"type":"Feature","properties":{"osm_id":"23250398","name":"Kubili Street","highway":"residential","z_order":3,"other_tags":"\"lanes\"=>\"2\",\"lit\"=>\"yes\",\"postal_code\"=>\"1102\",\"sidewalk\"=>\"both\",\"surface\"=>\"concrete\""},"geometry":{"type":"LineString","coordinates":[[121.0607243,14.6316603],[121.0601459,14.6314969],[121.0597238,14.6313805],[121.059645,14.6313587],[121.0591775,14.6312039],[121.0591155,14.6311772],[121.0588231,14.6310511],[121.0584499,14.6309013]]}},
{"type":"Feature","properties":{"osm_id":"23250408","name":"Rimas Street","highway":"residential","z_order":3,"other_tags":"\"postal_code\"=>\"1102\""},"geometry":{"type":"LineString","coordinates":[[121.0577123,14.6292794],[121.0575879,14.6288909],[121.0575838,14.6288611],[121.0575954,14.6288309],[121.0576187,14.6288144],[121.0577769,14.6287392],[121.0580068,14.6286968],[121.0580385,14.6287015],[121.0580666,14.6287274],[121.0581849,14.6291025]]}},
{"type":"Feature","properties":{"osm_id":"23250509","name":"Kalantas Street","highway":"residential","z_order":3,"other_tags":"\"lanes\"=>\"2\",\"lit\"=>\"yes\",\"oneway\"=>\"yes\",\"postal_code\"=>\"1102\",\"sidewalk\"=>\"both\",\"surface\"=>\"concrete\""},"geometry":{"type":"LineString","coordinates":[[121.0663848,14.6296876],[121.0663705,14.6297853],[121.0663749,14.6298447],[121.0664606,14.6300938],[121.0666091,14.6305089]]}},
{"type":"Feature","properties":{"osm_id":"23250524","highway":"service","z_order":0,"other_tags":"\"lanes\"=>\"2\",\"lit\"=>\"yes\",\"postal_code\"=>\"1102\",\"service\"=>\"alley\",\"sidewalk\"=>\"no\",\"surface\"=>\"concrete\""},"geometry":{"type":"LineString","coordinates":[[121.0598914,14.6294493],[121.0597126,14.6298904],[121.0595603,14.6303398],[121.0593655,14.6307774]]}},
{"type":"Feature","properties":{"osm_id":"23250569","name":"Belarmino Street","highway":"residential","z_order":3,"other_tags":"\"lanes\"=>\"2\",\"oneway\"=>\"yes\",\"postal_code\"=>\"1109\",\"sidewalk\"=>\"both\",\"surface\"=>\"concrete\""},"geometry":{"type":"LineString","coordinates":[[121.0690374,14.6206502],[121.06902,14.6207142],[121.0688798,14.6212268],[121.0686963,14.6219336]]}},
{"type":"Feature","properties":{"osm_id":"23250570","highway":"residential","z_order":3,"other_tags":"\"motorcar\"=>\"no\""},"geometry":{"type":"LineString","coordinates":[[121.0695978,14.6219848],[121.0701678,14.622145]]}},
{"type":"Feature","properties":{"osm_id":"23250581","name":"Poblete Street","highway":"residential","z_order":3,"other_tags":"\"lit\"=>\"yes\",\"mapillary\"=>\"2681150148852084\",\"oneway\"=>\"yes\",\"postal_code\"=>\"1109\",\"surface\"=>\"concrete\""},"geometry":{"type":"LineString","coordinates":[[121.0693803,14.6207401],[121.0690697,14.6218765],[121.0690411,14.6219797],[121.0688836,14.6225275]]}},
{"type":"Feature","properties":{"osm_id":"24008669","name":"P. Zamora Street","highway":"residential","z_order":3,"other_tags":"\"postal_code\"=>\"1109\""},"geometry":{"type":"LineString","coordinates":[[121.0624899,14.6203038],[121.0624561,14.6203076],[121.0624168,14.6203039],[121.0623783,14.6202929],[121.0621381,14.6201893],[121.0615921,14.6199514]]}},
{"type":"Feature","properties":{"osm_id":"24009887","name":"M. T. Dioquino Street","highway":"residential","z_order":3,"other_tags":"\"lanes\"=>\"2\",\"lit\"=>\"yes\",\"postal_code\"=>\"1109\",\"sidewalk\"=>\"both\",\"surface\"=>\"concrete\""},"geometry":{"type":"LineString","coordinates":[[121.0636724,14.6195904],[121.0654059,14.6203067]]}},
{"type":"Feature","properties":{"osm_id":"25739305","name":"Bignay Street","highway":"residential","z_order":3,"other_tags":"\"lane_markings\"=>\"no\",\"lit\"=>\"yes\",\"oneway\"=>\"yes\",\"postal_code\"=>\"1102\",\"sidewalk\"=>\"both\",\"surface\"=>\"concrete\""},"geometry":{"type":"LineString","coordinates":[[121.0568249,14.6300255],[121.0578624,14.6310607],[121.0583798,14.6315579],[121.0583984,14.6315759],[121.0587561,14.6319208],[121.0596963,14.6328274]]}},
{"type":"Feature","properties":{"osm_id":"25739307","name":"Pajo Street","highway":"residential","z_order":3,"other_tags":"\"lanes\"=>\"2\",\"lit\"=>\"yes\",\"oneway\"=>\"yes\",\"postal_code\"=>\"1102\",\"sidewalk\"=>\"both\",\"surface\"=>\"concrete\""},"geometry":{"type":"LineString","coordinates":[[121.0635591,14.6327986],[121.0637536,14.6330913],[121.0638826,14.6333099],[121.0640024,14.6335831],[121.0640842,14.6338449],[121.064173,14.6342767],[121.0641754,14.6344914],[121.0641489,14.6347786],[121.0640524,14.6352562],[121.0639437,14.6357375]]}},
{"type":"Feature","properties":{"osm_id":"28422682","name":"Monterey Street","highway":"residential","z_order":3,"other_tags":"\"access\"=>\"destination\",\"lane_markings\"=>\"no\",\"lanes\"=>\"1\",\"lit\"=>\"yes\",\"postal_code\"=>\"1109\",\"sidewalk\"=>\"no\",\"surface\"=>\"concrete\""},"geometry":{"type":"LineString","coordinates":[[121.0588049,14.6233536],[121.0580894,14.6230153]]}},
{"type":"Feature","properties":{"osm_id":"28483225","name":"Banaba Street","highway":"residential","z_order":3,"other_tags":"\"lanes\"=>\"2\",\"lit\"=>\"yes\",\"postal_code\"=>\"1102\",\"sidewalk\"=>\"both\",\"surface\"=>\"asphalt\""},"geometry":{"type":"LineString","coordinates":[[121.0686975,14.6325385],[121.0687414,14.6325902],[121.0689929,14.6329382]]}},
{"type":"Feature","properties":{"osm_id":"28663770","name":"F. Calderon Street","highway":"residential","z_order":3,"other_tags":"\"lanes\"=>\"2\",\"lit\"=>\"yes\",\"postal_code\"=>\"1109\",\"surface\"=>\"concrete\""},"geometry":{"type":"LineString","coordinates":[[121.0688676,14.6278129],[121.0690399,14.6278756],[121.0692861,14.6279561],[121.0697866,14.6281334]]}},
{"type":"Feature","properties":{"osm_id":"28663822","name":"Magat Salamat Extension","highway":"residential","z_order":3,"other_tags":"\"oneway\"=>\"yes\",\"postal_code\"=>\"1109\""},"geometry":{"type":"LineString","coordinates":[[121.0660196,14.6238002],[121.0655833,14.6235534],[121.0651772,14.6233681],[121.0647581,14.6231891]]}},
{"type":"Feature","properties":{"osm_id":"28663829","name":"Magat Salamat Extension","highway":"path","z_order":0,"other_tags":"\"motorcycle\"=>\"yes\",\"postal_code\"=>\"1109\""},"geometry":{"type":"LineString","coordinates":[[121.0651772,14.6233681],[121.0655267,14.6228559]]}},
{"type":"Feature","properties":{"osm_id":"37554271","highway":"service","z_order":0,"other_tags":"\"access\"=>\"private\",\"noname\"=>\"yes\",\"oneway\"=>\"yes\",\"service\"=>\"driveway\""},"geometry":{"type":"LineString","coordinates":[[121.0569822,14.6223101],[121.056958,14.6223609],[121.0569428,14.6223936],[121.0569032,14.6224759],[121.0568829,14.6224891],[121.0568546,14.6224839]]}},
{"type":"Feature","properties":{"osm_id":"37891294","highway":"service","z_order":0,"other_tags":"\"access\"=>\"private\",\"oneway\"=>\"yes\",\"service\"=>\"driveway\""},"geometry":{"type":"LineString","coordinates":[[121.0582733,14.6224465],[121.0580343,14.6223323],[121.0578568,14.6222493],[121.0575311,14.6220966]]}},
{"type":"Feature","properties":{"osm_id":"46100695","name":"15th Avenue","highway":"service","z_order":0,"other_tags":"\"admin_level\"=>\"10\",\"boundary\"=>\"administrative\""},"geometry":{"type":"LineString","coordinates":[[121.0554626,14.6284967],[121.0554072,14.6286105]]}},
{"type":"Feature","properties":{"osm_id":"46209262","name":"Lakandula Street","highway":"residential","z_order":3,"other_tags":"\"lanes\"=>\"2\",\"lit\"=>\"yes\",\"postal_code\"=>\"1109\",\"sidewalk\"=>\"both\",\"surface\"=>\"concrete\""},"geometry":{"type":"LineString","coordinates":[[121.0673389,14.6225535],[121.0673336,14.6224835],[121.0673242,14.6220267],[121.0673223,14.621973]]}},
{"type":"Feature","properties":{"osm_id":"46256526","name":"K-J Street","highway":"tertiary","z_order":24,"other_tags":"\"bridge\"=>\"yes\",\"cycleway\"=>\"lane\",\"cycleway:lane\"=>\"advisory\",\"designation\"=>\"city_road\",\"lanes\"=>\"4\",\"layer\"=>\"1\",\"lit\"=>\"yes\",\"maxspeed\"=>\"30\",\"postal_code\"=>\"1102\",\"sidewalk\"=>\"both\",\"surface\"=>\"concrete\""},"geometry":{"type":"LineString","coordinates":[[121.0559502,14.6291322],[121.0558688,14.6293122]]}},
{"type":"Feature","properties":{"osm_id":"46256527","name":"K-J Street","highway":"tertiary","z_order":4,"other_tags":"\"bicycle\"=>\"yes\",\"cycleway\"=>\"lane\",\"cycleway:lane\"=>\"advisory\",\"designation\"=>\"city_road\",\"lanes\"=>\"4\",\"lit\"=>\"yes\",\"maxspeed\"=>\"30\",\"postal_code\"=>\"1102\",\"sidewalk\"=>\"both\",\"surface\"=>\"concrete\""},"geometry":{"type":"LineString","coordinates":[[121.0558688,14.6293122],[121.0557258,14.6295345],[121.0556721,14.6296139],[121.0556423,14.6296579],[121.0555219,14.6298544],[121.0554694,14.6299465],[121.0553337,14.6301885],[121.0553053,14.6302442],[121.0552522,14.6303703],[121.0552108,14.6304724],[121.0551841,14.6305397],[121.0551518,14.6306334],[121.0550787,14.6308709],[121.0550652,14.6309102],[121.0550524,14.6309472],[121.0550334,14.6310024],[121.0549119,14.6313975]]}},
{"type":"Feature","properties":{"osm_id":"46305166","highway":"service","z_order":0,"other_tags":"\"lanes\"=>\"1\",\"service\"=>\"driveway\",\"surface\"=>\"asphalt\""},"geometry":{"type":"LineString","coordinates":[[121.0538772,14.6210997],[121.053995,14.6208732],[121.0540096,14.6208521],[121.0540304,14.6208369],[121.0540554,14.6208291],[121.0540815,14.6208298],[121.0541624,14.6208284]]}},
{"type":"Feature","properties":{"osm_id":"46305168","highway":"footway","z_order":0,"other_tags":"\"footway\"=>\"crossing\",\"lit\"=>\"yes\",\"motor_vehicle:conditional\"=>\"no @ (Su 05:00-09:00)\",\"oneway\"=>\"yes\""},"geometry":{"type":"LineString","coordinates":[[121.054191,14.6207762],[121.0542539,14.62081]]}},
{"type":"Feature","properties":{"osm_id":"46423395","highway":"footway","z_order":0},"geometry":{"type":"LineString","coordinates":[[121.065732,14.6259592],[121.0664035,14.625973]]}},
{"type":"Feature","properties":{"osm_id":"46423401","name":"J. Bugallon","highway":"footway","z_order":0,"other_tags":"\"alt_name\"=>\"J. Bongallon\""},"geometry":{"type":"LineString","coordinates":[[121.066924,14.6240352],[121.066906,14.6234931]]}},
{"type":"Feature","properties":{"osm_id":"46423402","name":"Interior Miguel Malvar","highway":"footway","z_order":0,"other_tags":"\"name:abbr\"=>\"Int. M. Malvar;Int. Malvar\""},"geometry":{"type":"LineString","coordinates":[[121.066501,14.6240615],[121.0664982,14.6239861],[121.0664787,14.6235083],[121.0664547,14.6234747],[121.0662575,14.623464]]}},
{"type":"Feature","properties":{"osm_id":"46423409","name":"Alley 3","highway":"footway","z_order":0},"geometry":{"type":"LineString","coordinates":[[121.0684711,14.6261972],[121.0682534,14.6263261],[121.068222,14.6263375],[121.0679926,14.626415]]}},
{"type":"Feature","properties":{"osm_id":"46423417","name":"Alley 2","highway":"footway","z_order":0,"other_tags":"\"postal_code\"=>\"1109\""},"geometry":{"type":"LineString","coordinates":[[121.0670057,14.6261566],[121.0668412,14.6263321],[121.0668107,14.626433],[121.0669418,14.6268024]]}},
{"type":"Feature","properties":{"osm_id":"46423434","name":"J. Bugallon Street","highway":"residential","z_order":3,"other_tags":"\"access\"=>\"destination\",\"alt_name\"=>\"J. Bongallon Street\",\"lanes\"=>\"1\",\"oneway\"=>\"yes\",\"postal_code\"=>\"1109\""},"geometry":{"type":"LineString","coordinates":[[121.0657776,14.62499],[121.0657437,14.6249448],[121.0657424,14.6249227],[121.0657528,14.6248994],[121.0659495,14.6246322],[121.0661512,14.6243675],[121.0661796,14.6243537],[121.0662045,14.6243536],[121.0662516,14.6243657],[121.0662655,14.6243862],[121.0662702,14.6244096],[121.0662675,14.6244335],[121.06626,14.6244503],[121.0660591,14.6247181],[121.0658693,14.6249835],[121.0658484,14.6249974],[121.0658252,14.6250005],[121.0657776,14.62499]]}},
{"type":"Feature","properties":{"osm_id":"46423439","name":"J. Bugallon Street","highway":"residential","z_order":3,"other_tags":"\"access\"=>\"destination\",\"alt_name\"=>\"J. Bongallon Street\",\"lanes\"=>\"1\",\"postal_code\"=>\"1109\""},"geometry":{"type":"LineString","coordinates":[[121.0657776,14.62499],[121.0653466,14.6255305],[121.0652856,14.6255964]]}},
{"type":"Feature","properties":{"osm_id":"46423444","name":"J. Bugallon Street","highway":"residential","z_order":3,"other_tags":"\"access\"=>\"destination\",\"alt_name\"=>\"J. Bongallon Street\",\"lanes\"=>\"1\",\"postal_code\"=>\"1109\""},"geometry":{"type":"LineString","coordinates":[[121.0655734,14.6243533],[121.0659495,14.6246322],[121.0660591,14.6247181],[121.0664775,14.62501]]}},
{"type":"Feature","properties":{"osm_id":"46423458","name":"Nay-Isa Street","highway":"residential","z_order":3},"geometry":{"type":"LineString","coordinates":[[121.066876,14.6258941],[121.0671046,14.6259336],[121.0673109,14.6259645],[121.0681238,14.6259356],[121.068569,14.6259538],[121.0685715,14.6262367]]}},
{"type":"Feature","properties":{"osm_id":"46423459","name":"Datu Sumakwel Street","highway":"residential","z_order":3},"geometry":{"type":"LineString","coordinates":[[121.0660809,14.6255256],[121.0665883,14.625512],[121.0669709,14.6254875],[121.0671604,14.6254922],[121.0671781,14.6255035]]}},
{"type":"Feature","properties":{"osm_id":"46423460","name":"C. Aguinaldo Extension","highway":"footway","z_order":0},"geometry":{"type":"LineString","coordinates":[[121.0690038,14.626387],[121.0684328,14.6266588]]}},
{"type":"Feature","properties":{"osm_id":"46423461","name":"C. Aguinaldo Extension","highway":"footway","z_order":0},"geometry":{"type":"LineString","coordinates":[[121.0684328,14.6266588],[121.0684641,14.626743]]}},
{"type":"Feature","properties":{"osm_id":"46423462","name":"Jose Maria Hugo Extension","highway":"residential","z_order":3,"other_tags":"\"lanes\"=>\"1\",\"loc_name\"=>\"Ma. Hugo Extension\",\"name:abbr\"=>\"Hugo\",\"name:etymology\"=>\"José María Hugo\""},"geometry":{"type":"LineString","coordinates":[[121.0688174,14.6257124],[121.0688145,14.6263213]]}},
{"type":"Feature","properties":{"osm_id":"46423463","name":"Kalantiaw Extension Street","highway":"residential","z_order":3,"other_tags":"\"alt_name\"=>\"Kalantiao;Kalantiaw;Kalantiyaw\",\"postal_code\"=>\"1109\""},"geometry":{"type":"LineString","coordinates":[[121.0640983,14.6246661],[121.0640426,14.6248008],[121.0639688,14.6249266],[121.0638259,14.6251242],[121.0637816,14.6252778]]}},
{"type":"Feature","properties":{"osm_id":"46423465","name":"A. De Legaspi","highway":"residential","z_order":3,"other_tags":"\"lane_markings\"=>\"no\",\"lit\"=>\"yes\",\"postal_code\"=>\"1109\",\"sidewalk\"=>\"both\",\"surface\"=>\"concrete\""},"geometry":{"type":"LineString","coordinates":[[121.0694075,14.6226358],[121.0693865,14.6227078],[121.0692612,14.6231788],[121.0692245,14.6234041],[121.0692132,14.6235251],[121.0692159,14.6236446],[121.0692444,14.623741],[121.0694628,14.6241068],[121.0697187,14.6245766]]}},
{"type":"Feature","properties":{"osm_id":"46423467","name":"Teodora Alonzo Street","highway":"residential","z_order":3,"other_tags":"\"short_name\"=>\"T. Alonzo Street\""},"geometry":{"type":"LineString","coordinates":[[121.0698924,14.6253777],[121.0700763,14.6254116],[121.0704829,14.6254779],[121.0707187,14.6255617]]}},
{"type":"Feature","properties":{"osm_id":"46423470","name":"Camerino Extension","highway":"residential","z_order":3,"other_tags":"\"lanes\"=>\"1\",\"name:etymology\"=>\"Camerino Reyes\",\"oneway\"=>\"yes\""},"geometry":{"type":"LineString","coordinates":[[121.0693232,14.6258724],[121.0693043,14.6258425],[121.0692693,14.6258272],[121.0690449,14.6257781],[121.0688174,14.6257124]]}},
{"type":"Feature","properties":{"osm_id":"46423472","name":"F. Castillo Extension","highway":"residential","z_order":3},"geometry":{"type":"LineString","coordinates":[[121.06495,14.6251384],[121.0645504,14.6248815],[121.0643542,14.6247564],[121.0640983,14.6246661]]}},
{"type":"Feature","properties":{"osm_id":"46423473","name":"Kalantiaw Extension Street","highway":"residential","z_order":3,"other_tags":"\"alt_name\"=>\"Kalantiao;Kalantiaw;Kalantiyaw\""},"geometry":{"type":"LineString","coordinates":[[121.0643584,14.6241186],[121.0640983,14.6246661]]}},
{"type":"Feature","properties":{"osm_id":"46423474","name":"Miguel Malvar Extension","highway":"residential","z_order":3,"other_tags":"\"name:abbr\"=>\"M. Malvar Ext.;Malvar Ext.\",\"postal_code\"=>\"1109\""},"geometry":{"type":"LineString","coordinates":[[121.0643584,14.6241186],[121.0645829,14.6242138],[121.0649163,14.6243552],[121.0649259,14.6243593],[121.0653139,14.6246484]]}},
{"type":"Feature","properties":{"osm_id":"46423475","name":"Kalantiaw Extension Street","highway":"residential","z_order":3,"other_tags":"\"alt_name\"=>\"Kalantiao;Kalantiaw;Kalantiyaw\",\"oneway\"=>\"yes\",\"postal_code\"=>\"1109\""},"geometry":{"type":"LineString","coordinates":[[121.0647581,14.6231891],[121.0645638,14.6236578],[121.0643584,14.6241186]]}},
{"type":"Feature","properties":{"osm_id":"46613966","highway":"footway","z_order":0},"geometry":{"type":"LineString","coordinates":[[121.0688706,14.6250618],[121.0687755,14.6248706]]}},
{"type":"Feature","properties":{"osm_id":"46613968","highway":"footway","z_order":0},"geometry":{"type":"LineString","coordinates":[[121.0691571,14.624895],[121.0690716,14.6247513]]}},
{"type":"Feature","properties":{"osm_id":"46613974","highway":"footway","z_order":0},"geometry":{"type":"LineString","coordinates":[[121.0686261,14.6251158],[121.0686709,14.6251654],[121.0688168,14.6251318],[121.0689095,14.6252934],[121.0688707,14.6253274],[121.068853,14.6253882],[121.0686736,14.6254028],[121.0686709,14.6251654]]}},
{"type":"Feature","properties":{"osm_id":"46613977","highway":"footway","z_order":0},"geometry":{"type":"LineString","coordinates":[[121.0688707,14.6253274],[121.0688292,14.6252568],[121.0688011,14.6252263],[121.0687626,14.625211],[121.0686709,14.6251654]]}},
{"type":"Feature","properties":{"osm_id":"46613989","highway":"footway","z_order":0},"geometry":{"type":"LineString","coordinates":[[121.0689095,14.6252934],[121.0689755,14.6252934],[121.0690289,14.6253026],[121.0690792,14.6253363],[121.0690979,14.6253791],[121.0691105,14.6255228],[121.0691011,14.6255748],[121.0689881,14.6255442],[121.0689095,14.6255259],[121.0688826,14.6254904],[121.0688655,14.6254678],[121.068853,14.6253882]]}},
{"type":"Feature","properties":{"osm_id":"46613990","highway":"footway","z_order":0},"geometry":{"type":"LineString","coordinates":[[121.0690289,14.6253026],[121.0690513,14.6252598],[121.0690513,14.6252261],[121.0690481,14.6251773],[121.0690669,14.6251405],[121.0690888,14.6251278],[121.0691221,14.625123],[121.0691774,14.6252147],[121.0691824,14.6252644],[121.069123,14.6252918],[121.0690792,14.6253363]]}},
{"type":"Feature","properties":{"osm_id":"46613991","highway":"footway","z_order":0},"geometry":{"type":"LineString","coordinates":[[121.0690449,14.6257781],[121.0691035,14.6256118],[121.0693103,14.6256117]]}},
{"type":"Feature","properties":{"osm_id":"46613992","highway":"service","z_order":0,"other_tags":"\"service\"=>\"driveway\""},"geometry":{"type":"LineString","coordinates":[[121.0688174,14.6257124],[121.0688826,14.6254904]]}},
{"type":"Feature","properties":{"osm_id":"46613993","highway":"footway","z_order":0},"geometry":{"type":"LineString","coordinates":[[121.0691011,14.6255748],[121.0691035,14.6256118]]}},
{"type":"Feature","properties":{"osm_id":"46613997","name":"Camerino Extension","highway":"residential","z_order":3,"other_tags":"\"lanes\"=>\"1\",\"name:etymology\"=>\"Camerino Reyes\",\"oneway\"=>\"yes\""},"geometry":{"type":"LineString","coordinates":[[121.0680552,14.6251283],[121.06806,14.6252613],[121.0684952,14.6256712],[121.0686328,14.6256348]]}},
{"type":"Feature","properties":{"osm_id":"46614000","highway":"service","z_order":0,"other_tags":"\"service\"=>\"driveway\""},"geometry":{"type":"LineString","coordinates":[[121.0695387,14.6246815],[121.0695832,14.6247155],[121.0696616,14.6247556],[121.069775,14.6247919],[121.0697945,14.6247841]]}},
{"type":"Feature","properties":{"osm_id":"46614002","highway":"footway","z_order":0},"geometry":{"type":"LineString","coordinates":[[121.0696616,14.6247556],[121.0697019,14.6246299],[121.0697187,14.6245766]]}},
{"type":"Feature","properties":{"osm_id":"46634327","name":"Datu Sumakwel Street","highway":"residential","z_order":3},"geometry":{"type":"LineString","coordinates":[[121.0671781,14.6255035],[121.0672036,14.6255158],[121.0678449,14.6256158],[121.0681243,14.6258867],[121.0681238,14.6259356]]}},
{"type":"Feature","properties":{"osm_id":"46634329","highway":"footway","z_order":0},"geometry":{"type":"LineString","coordinates":[[121.0663134,14.6242792],[121.0664262,14.6243628]]}},
{"type":"Feature","properties":{"osm_id":"46634331","highway":"footway","z_order":0},"geometry":{"type":"LineString","coordinates":[[121.066726,14.6240421],[121.0667275,14.6241754]]}},
{"type":"Feature","properties":{"osm_id":"46634332","name":"Magat Salamat","highway":"footway","z_order":0},"geometry":{"type":"LineString","coordinates":[[121.0667725,14.6235017],[121.066906,14.6234931],[121.0670813,14.6234906]]}},
{"type":"Feature","properties":{"osm_id":"46634333","name":"Magat Salamat","highway":"footway","z_order":0},"geometry":{"type":"LineString","coordinates":[[121.066906,14.6234931],[121.0669082,14.6231609]]}},
{"type":"Feature","properties":{"osm_id":"46634334","highway":"footway","z_order":0},"geometry":{"type":"LineString","coordinates":[[121.065913,14.6239362],[121.0660476,14.6240327]]}},
{"type":"Feature","properties":{"osm_id":"46634335","name":"Camerino Street","highway":"residential","z_order":3,"other_tags":"\"name:etymology\"=>\"Camerino Reyes\",\"postal_code\"=>\"1109\""},"geometry":{"type":"LineString","coordinates":[[121.067461,14.6251461],[121.0680552,14.6251283],[121.0686261,14.6251158],[121.0687535,14.6251006],[121.0688706,14.6250618],[121.0690213,14.6249766],[121.0691571,14.624895],[121.0695387,14.6246815],[121.0696725,14.6245962],[121.0697187,14.6245766]]}},
{"type":"Feature","properties":{"osm_id":"46634336","name":"F. Castillo Street","highway":"tertiary","z_order":4,"other_tags":"\"lanes\"=>\"2\",\"maxspeed\"=>\"30\",\"maxspeed:type\"=>\"PH:urban\",\"postal_code\"=>\"1109\""},"geometry":{"type":"LineString","coordinates":[[121.0658319,14.6262141],[121.0657622,14.6261001],[121.0656804,14.6260174]]}},
{"type":"Feature","properties":{"osm_id":"46634337","name":"Alley 1-C","highway":"residential","z_order":3,"other_tags":"\"lanes\"=>\"1\",\"maxspeed\"=>\"40\",\"postal_code\"=>\"1109\",\"surface\"=>\"paved\""},"geometry":{"type":"LineString","coordinates":[[121.0665146,14.6268206],[121.0664339,14.6265731],[121.0663667,14.626363],[121.0663594,14.626345],[121.066364,14.6263339],[121.0663768,14.6263275],[121.0664901,14.6262933]]}},
{"type":"Feature","properties":{"osm_id":"46634338","highway":"footway","z_order":0,"other_tags":"\"motorcar\"=>\"no\""},"geometry":{"type":"LineString","coordinates":[[121.0658539,14.6262703],[121.0656939,14.6263521],[121.0655495,14.6264489],[121.0653658,14.6265481],[121.065215,14.6265992],[121.065047,14.6266257],[121.0636556,14.6266695]]}},
{"type":"Feature","properties":{"osm_id":"46639595","name":"Camerino Street","highway":"residential","z_order":3,"other_tags":"\"lane_markings\"=>\"no\",\"postal_code\"=>\"1109\",\"surface\"=>\"asphalt\""},"geometry":{"type":"LineString","coordinates":[[121.0697187,14.6245766],[121.0698311,14.6245571],[121.0700179,14.6245492],[121.0702265,14.6245523],[121.0704767,14.6246086],[121.071003,14.6247657]]}},
{"type":"Feature","properties":{"osm_id":"46639596","name":"A. De Legaspi","highway":"residential","z_order":3,"other_tags":"\"oneway\"=>\"yes\",\"postal_code\"=>\"1109\""},"geometry":{"type":"LineString","coordinates":[[121.0697187,14.6245766],[121.0697945,14.6247841],[121.0698639,14.6250777],[121.0698924,14.6253777],[121.0698524,14.625832]]}},
{"type":"Feature","properties":{"osm_id":"46639597","highway":"footway","z_order":0},"geometry":{"type":"LineString","coordinates":[[121.06863,14.6234165],[121.0687064,14.6235537]]}},
{"type":"Feature","properties":{"osm_id":"46639598","highway":"footway","z_order":0},"geometry":{"type":"LineString","coordinates":[[121.0681205,14.6236115],[121.0681208,14.6237767]]}},
{"type":"Feature","properties":{"osm_id":"46639599","highway":"footway","z_order":0},"geometry":{"type":"LineString","coordinates":[[121.0678331,14.6236096],[121.067776,14.623489]]}},
{"type":"Feature","properties":{"osm_id":"46639600","highway":"footway","z_order":0},"geometry":{"type":"LineString","coordinates":[[121.0681802,14.6236124],[121.0680945,14.6234364]]}},
{"type":"Feature","properties":{"osm_id":"46639601","highway":"footway","z_order":0},"geometry":{"type":"LineString","coordinates":[[121.0680071,14.623111],[121.0680035,14.62326]]}},
{"type":"Feature","properties":{"osm_id":"46639611","highway":"footway","z_order":0,"other_tags":"\"motorcycle\"=>\"yes\""},"geometry":{"type":"LineString","coordinates":[[121.0645638,14.6236578],[121.0641657,14.6234985]]}},
{"type":"Feature","properties":{"osm_id":"46639612","name":"21st Avenue","highway":"residential","z_order":23,"other_tags":"\"bridge\"=>\"yes\",\"lanes\"=>\"2\",\"layer\"=>\"1\",\"postal_code\"=>\"1109\",\"surface\"=>\"concrete\""},"geometry":{"type":"LineString","coordinates":[[121.0635885,14.6243157],[121.0636571,14.6243604]]}},
{"type":"Feature","properties":{"osm_id":"46639613","name":"21st Avenue","highway":"residential","z_order":3,"other_tags":"\"lanes\"=>\"2\",\"postal_code\"=>\"1109\",\"surface\"=>\"concrete\""},"geometry":{"type":"LineString","coordinates":[[121.0636571,14.6243604],[121.0637336,14.6244166]]}},
{"type":"Feature","properties":{"osm_id":"46639616","name":"Kalantiyaw","highway":"path","z_order":0,"other_tags":"\"alt_name\"=>\"Kalantiao;Kalantiaw\",\"motorcycle\"=>\"yes\""},"geometry":{"type":"LineString","coordinates":[[121.0647581,14.6231891],[121.0650735,14.6228037]]}},
{"type":"Feature","properties":{"osm_id":"46639617","name":"Magat Salamat Extension","highway":"footway","z_order":0,"other_tags":"\"motorcycle\"=>\"yes\""},"geometry":{"type":"LineString","coordinates":[[121.0655833,14.6235534],[121.065935,14.6230376]]}},
{"type":"Feature","properties":{"osm_id":"46647928","highway":"footway","z_order":0},"geometry":{"type":"LineString","coordinates":[[121.0697222,14.6240103],[121.0697186,14.6238251]]}},
{"type":"Feature","properties":{"osm_id":"46647929","name":"A. Luna Street","highway":"residential","z_order":3,"other_tags":"\"name:abbr\"=>\"A. Luna\",\"oneway\"=>\"yes\",\"postal_code\"=>\"1109\""},"geometry":{"type":"LineString","coordinates":[[121.0694628,14.6241068],[121.0693131,14.624195],[121.0688959,14.6244407],[121.0687186,14.6245241],[121.0686347,14.6245529],[121.0685502,14.6245759],[121.0684957,14.6245866],[121.0684479,14.6245959],[121.068337,14.6246084],[121.0681088,14.6246092],[121.0675543,14.6246112],[121.0675045,14.6246114],[121.0674228,14.6246038]]}},
{"type":"Feature","properties":{"osm_id":"46647935","highway":"service","z_order":0},"geometry":{"type":"LineString","coordinates":[[121.0690399,14.6278756],[121.0691307,14.6276175]]}},
{"type":"Feature","properties":{"osm_id":"46647940","name":"F. Castillo Street","highway":"tertiary","z_order":4,"other_tags":"\"admin_level\"=>\"10\",\"boundary\"=>\"administrative\",\"lanes\"=>\"2\",\"lit\"=>\"yes\",\"maxspeed\"=>\"30\",\"maxspeed:type\"=>\"PH:urban\",\"postal_code\"=>\"1109\",\"surface\"=>\"concrete\""},"geometry":{"type":"LineString","coordinates":[[121.0664777,14.6282469],[121.0664928,14.6282949]]}},
{"type":"Feature","properties":{"osm_id":"46648137","name":"20th Avenue","highway":"secondary","z_order":6,"other_tags":"\"bicycle\"=>\"yes\",\"designation\"=>\"national_tertiary_road\",\"lane_markings\"=>\"yes\",\"lanes\"=>\"4\",\"lit\"=>\"yes\",\"maxspeed\"=>\"40\",\"maxspeed:type\"=>\"PH:urban\",\"postal_code\"=>\"1109\",\"sidewalk\"=>\"both\",\"surface\"=>\"concrete\""},"geometry":{"type":"LineString","coordinates":[[121.0604418,14.6264571],[121.06046,14.6264257],[121.0606584,14.6260307],[121.0606983,14.6259485],[121.0608864,14.6255653],[121.060946,14.6254355],[121.0609923,14.625335],[121.0610599,14.6251929],[121.0610854,14.625144],[121.061122,14.6250716],[121.0613094,14.6246841],[121.0614265,14.6244375],[121.0615695,14.6241366],[121.0615879,14.6240986],[121.061609,14.6240535]]}},
{"type":"Feature","properties":{"osm_id":"46648138","name":"20th Avenue","highway":"secondary","z_order":6,"other_tags":"\"designation\"=>\"national_tertiary_road\",\"lane_markings\"=>\"yes\",\"lanes\"=>\"4\",\"lit\"=>\"yes\",\"maxspeed\"=>\"40\",\"maxspeed:type\"=>\"PH:urban\",\"postal_code\"=>\"1109\",\"sidewalk\"=>\"both\",\"surface\"=>\"concrete\""},"geometry":{"type":"LineString","coordinates":[[121.0629711,14.6211903],[121.0630409,14.6210341],[121.0631988,14.6206666],[121.0632949,14.6204506],[121.0633163,14.620402],[121.0634106,14.6201825],[121.0634963,14.6199855],[121.0635691,14.6198256]]}},
{"type":"Feature","properties":{"osm_id":"46648151","name":"P. Tuazon Boulevard","highway":"secondary","z_order":6,"other_tags":"\"admin_level\"=>\"10\",\"boundary\"=>\"administrative\",\"designation\"=>\"national_tertiary_road\",\"lane_markings\"=>\"yes\",\"lanes\"=>\"4\",\"lit\"=>\"yes\",\"maxspeed\"=>\"40\",\"maxspeed:type\"=>\"PH:urban\",\"name:abbr\"=>\"P. Tuazon Blvd.\",\"name:etymology\"=>\"Pedro Tuazon\",\"name:etymology:wikidata\"=>\"Q2126544\",\"official_name\"=>\"Pedro Tuazon Boulevard\",\"postal_code\"=>\"1109\",\"sidewalk\"=>\"both\",\"surface\"=>\"asphalt\""},"geometry":{"type":"LineString","coordinates":[[121.0673389,14.6225535],[121.0672622,14.6225578],[121.0665542,14.6225718],[121.0664329,14.6225659],[121.0663033,14.6225321],[121.0661787,14.6224956],[121.0653777,14.622166]]}},
{"type":"Feature","properties":{"osm_id":"46648152","name":"P. Tuazon Boulevard","highway":"secondary","z_order":26,"other_tags":"\"admin_level\"=>\"10\",\"boundary\"=>\"administrative\",\"bridge\"=>\"yes\",\"designation\"=>\"national_tertiary_road\",\"lanes\"=>\"4\",\"layer\"=>\"1\",\"lit\"=>\"yes\",\"maxspeed\"=>\"40\",\"maxspeed:type\"=>\"PH:urban\",\"name:abbr\"=>\"P. Tuazon Blvd.\",\"name:etymology\"=>\"Pedro Tuazon\",\"name:etymology:wikidata\"=>\"Q2126544\",\"official_name\"=>\"Pedro Tuazon Boulevard\",\"postal_code\"=>\"1109\",\"surface\"=>\"asphalt\""},"geometry":{"type":"LineString","coordinates":[[121.0650645,14.622032],[121.0651289,14.6220591]]}},
{"type":"Feature","properties":{"osm_id":"46648153","name":"P. Tuazon Boulevard","highway":"secondary","z_order":6,"other_tags":"\"designation\"=>\"national_tertiary_road\",\"lane_markings\"=>\"yes\",\"lanes\"=>\"4\",\"lit\"=>\"yes\",\"maxspeed\"=>\"40\",\"maxspeed:type\"=>\"PH:urban\",\"name:abbr\"=>\"P. Tuazon Blvd.\",\"name:etymology\"=>\"Pedro Tuazon\",\"name:etymology:wikidata\"=>\"Q2126544\",\"official_name\"=>\"Pedro Tuazon Boulevard\",\"postal_code\"=>\"1109\",\"sidewalk\"=>\"both\",\"surface\"=>\"asphalt\""},"geometry":{"type":"LineString","coordinates":[[121.0629711,14.6211903],[121.0628577,14.6211512],[121.0626662,14.6210898],[121.0623939,14.6209969],[121.0622679,14.6209571],[121.0622272,14.6209442],[121.0622063,14.6209382],[121.0620744,14.6208959],[121.0617015,14.620778],[121.0615818,14.6207401],[121.0613674,14.6206769],[121.0612979,14.6206564]]}},
{"type":"Feature","properties":{"osm_id":"46648155","name":"P. Tuazon Boulevard","highway":"secondary","z_order":26,"other_tags":"\"bridge\"=>\"yes\",\"designation\"=>\"national_tertiary_road\",\"lanes\"=>\"4\",\"layer\"=>\"1\",\"lit\"=>\"yes\",\"maxspeed\"=>\"40\",\"maxspeed:type\"=>\"PH:urban\",\"name:abbr\"=>\"P. Tuazon Blvd.\",\"name:etymology\"=>\"Pedro Tuazon\",\"name:etymology:wikidata\"=>\"Q2126544\",\"official_name\"=>\"Pedro Tuazon Boulevard\",\"postal_code\"=>\"1109\",\"surface\"=>\"asphalt\""},"geometry":{"type":"LineString","coordinates":[[121.0650645,14.622032],[121.0650098,14.6220112]]}},
{"type":"Feature","properties":{"osm_id":"46649005","name":"G. H. del Pilar Street","highway":"residential","z_order":3,"other_tags":"\"goods\"=>\"no\",\"hgv\"=>\"no\",\"lanes\"=>\"1\",\"name:etymology\"=>\"Gregorio del Pilar\",\"postal_code\"=>\"1109\",\"psv\"=>\"no\",\"sidewalk\"=>\"no\",\"surface\"=>\"concrete\",\"truck\"=>\"no\""},"geometry":{"type":"LineString","coordinates":[[121.0596168,14.6209262],[121.0591885,14.6207365]]}},
{"type":"Feature","properties":{"osm_id":"46649013","name":"F. Castillo Street","highway":"tertiary","z_order":4,"other_tags":"\"lanes\"=>\"2\",\"lit\"=>\"yes\",\"maxspeed\"=>\"30\",\"maxspeed:type\"=>\"PH:urban\",\"postal_code\"=>\"1109\",\"surface\"=>\"concrete\""},"geometry":{"type":"LineString","coordinates":[[121.0665125,14.6283573],[121.0664928,14.6282949]]}},
{"type":"Feature","properties":{"osm_id":"46649023","name":"Velante Drive","highway":"residential","z_order":3,"other_tags":"\"lit\"=>\"yes\",\"postal_code\"=>\"1109\""},"geometry":{"type":"LineString","coordinates":[[121.0589366,14.6212722],[121.0582994,14.6209958],[121.0577544,14.6207754],[121.0575979,14.6207099]]}},
{"type":"Feature","properties":{"osm_id":"46649025","highway":"service","z_order":0,"other_tags":"\"access\"=>\"private\",\"service\"=>\"driveway\""},"geometry":{"type":"LineString","coordinates":[[121.0597557,14.6216024],[121.0597779,14.6215975],[121.0597972,14.6215855],[121.0598208,14.6215605],[121.0598865,14.6214009],[121.0598832,14.6213866],[121.0598733,14.6213738]]}},
{"type":"Feature","properties":{"osm_id":"46649028","highway":"service","z_order":0,"other_tags":"\"access\"=>\"private\",\"driveway\"=>\"pipestem\",\"service\"=>\"driveway\""},"geometry":{"type":"LineString","coordinates":[[121.0597436,14.6220551],[121.0596101,14.6219949],[121.0593426,14.6218726],[121.0590739,14.6217556],[121.0588217,14.6216397]]}},
{"type":"Feature","properties":{"osm_id":"46649029","highway":"service","z_order":0,"other_tags":"\"access\"=>\"private\",\"driveway\"=>\"pipestem\",\"service\"=>\"driveway\""},"geometry":{"type":"LineString","coordinates":[[121.0597078,14.6217804],[121.0596101,14.6219949]]}},
{"type":"Feature","properties":{"osm_id":"46649030","highway":"service","z_order":0,"other_tags":"\"access\"=>\"private\",\"driveway\"=>\"pipestem\",\"service\"=>\"driveway\""},"geometry":{"type":"LineString","coordinates":[[121.0594462,14.621651],[121.0593426,14.6218726]]}},
{"type":"Feature","properties":{"osm_id":"46649031","highway":"service","z_order":0,"other_tags":"\"access\"=>\"private\",\"driveway\"=>\"pipestem\",\"service\"=>\"driveway\""},"geometry":{"type":"LineString","coordinates":[[121.059173,14.6215441],[121.0590739,14.6217556]]}},
{"type":"Feature","properties":{"osm_id":"46650393","name":"P. Tuazon Boulevard","highway":"secondary","z_order":6,"other_tags":"\"admin_level\"=>\"10\",\"boundary\"=>\"administrative\",\"designation\"=>\"national_tertiary_road\",\"lane_markings\"=>\"yes\",\"lanes\"=>\"4\",\"lit\"=>\"yes\",\"maxspeed\"=>\"40\",\"maxspeed:type\"=>\"PH:urban\",\"name:abbr\"=>\"P. Tuazon Blvd.\",\"name:etymology\"=>\"Pedro Tuazon\",\"name:etymology:wikidata\"=>\"Q2126544\",\"official_name\"=>\"Pedro Tuazon Boulevard\",\"postal_code\"=>\"1109\",\"sidewalk\"=>\"both\",\"surface\"=>\"asphalt\""},"geometry":{"type":"LineString","coordinates":[[121.0715678,14.6231823],[121.0709835,14.6230252],[121.0706185,14.6229353],[121.0705382,14.622915],[121.0704649,14.6228981],[121.0694075,14.6226358],[121.0693236,14.6226142],[121.0690316,14.6225441],[121.0688836,14.6225275],[121.0680412,14.6225415],[121.0679371,14.6225435],[121.0674545,14.6225549],[121.0673389,14.6225535]]}},
{"type":"Feature","properties":{"osm_id":"46898614","name":"Magat Salamat Street","highway":"residential","z_order":3,"other_tags":"\"lanes\"=>\"2\",\"lit\"=>\"yes\",\"postal_code\"=>\"1109\",\"sidewalk\"=>\"both\",\"surface\"=>\"concrete\""},"geometry":{"type":"LineString","coordinates":[[121.0673635,14.623127],[121.0679453,14.6231125],[121.0680071,14.623111],[121.0687224,14.6230963],[121.0689031,14.6231032],[121.0692612,14.6231788]]}},
{"type":"Feature","properties":{"osm_id":"47423653","highway":"footway","z_order":0},"geometry":{"type":"LineString","coordinates":[[121.0669829,14.6231468],[121.0669643,14.622872]]}},
{"type":"Feature","properties":{"osm_id":"47423657","highway":"footway","z_order":0},"geometry":{"type":"LineString","coordinates":[[121.0665431,14.6231715],[121.0665542,14.6225718]]}},
{"type":"Feature","properties":{"osm_id":"47423660","highway":"footway","z_order":0,"other_tags":"\"motorcycle\"=>\"yes\""},"geometry":{"type":"LineString","coordinates":[[121.0656925,14.6229347],[121.06578,14.622744]]}},
{"type":"Feature","properties":{"osm_id":"47423675","highway":"footway","z_order":0,"other_tags":"\"motorcycle\"=>\"yes\""},"geometry":{"type":"LineString","coordinates":[[121.0660191,14.6230694],[121.066091,14.6228559]]}},
{"type":"Feature","properties":{"osm_id":"54979512","highway":"service","z_order":0,"other_tags":"\"access\"=>\"destination\",\"lanes\"=>\"1\",\"service\"=>\"driveway\""},"geometry":{"type":"LineString","coordinates":[[121.0644384,14.6258083],[121.0644343,14.6257511],[121.0644422,14.6257364],[121.0644575,14.6257279],[121.0645516,14.6257228],[121.0646131,14.625721],[121.064634,14.6257299],[121.0646412,14.6257469],[121.0646416,14.6258022],[121.064644,14.6259063],[121.0646394,14.6259245],[121.0646243,14.6259372],[121.06447,14.6259428],[121.064455,14.6259356],[121.0644447,14.6259203],[121.0644384,14.6258083]]}},
{"type":"Feature","properties":{"osm_id":"54979515","highway":"footway","z_order":0},"geometry":{"type":"LineString","coordinates":[[121.0642842,14.6258142],[121.0641968,14.6256242]]}},
{"type":"Feature","properties":{"osm_id":"54979516","highway":"footway","z_order":0},"geometry":{"type":"LineString","coordinates":[[121.0641508,14.6258174],[121.0642295,14.6259732]]}},
{"type":"Feature","properties":{"osm_id":"54979517","highway":"footway","z_order":0},"geometry":{"type":"LineString","coordinates":[[121.0639427,14.6258255],[121.0638628,14.6256656]]}},
{"type":"Feature","properties":{"osm_id":"54979518","highway":"footway","z_order":0},"geometry":{"type":"LineString","coordinates":[[121.0638283,14.6258287],[121.0638876,14.6259758]]}},
{"type":"Feature","properties":{"osm_id":"54979519","highway":"footway","z_order":0},"geometry":{"type":"LineString","coordinates":[[121.0645516,14.6257228],[121.0645364,14.6252554]]}},
{"type":"Feature","properties":{"osm_id":"54979521","highway":"footway","z_order":0},"geometry":{"type":"LineString","coordinates":[[121.0642283,14.6252667],[121.0641579,14.6254793]]}},
{"type":"Feature","properties":{"osm_id":"54979528","highway":"footway","z_order":0},"geometry":{"type":"LineString","coordinates":[[121.0639306,14.6252759],[121.0638494,14.6254955]]}},
{"type":"Feature","properties":{"osm_id":"55411365","name":"J. Zobel Street","highway":"residential","z_order":3,"other_tags":"\"admin_level\"=>\"10\",\"boundary\"=>\"administrative\",\"oneway\"=>\"yes\",\"postal_code\"=>\"1109\""},"geometry":{"type":"LineString","coordinates":[[121.0656816,14.6204603],[121.0659564,14.6198443],[121.0660399,14.6196928]]}},
{"type":"Feature","properties":{"osm_id":"61045946","name":"Molave Street","highway":"tertiary","z_order":4,"other_tags":"\"admin_level\"=>\"10\",\"boundary\"=>\"administrative\",\"designation\"=>\"city_road\",\"lane_markings\"=>\"yes\",\"lanes\"=>\"2\",\"lit\"=>\"yes\",\"maxspeed\"=>\"30\",\"postal_code\"=>\"1102\",\"sidewalk\"=>\"both\",\"surface\"=>\"asphalt\""},"geometry":{"type":"LineString","coordinates":[[121.0647281,14.6289105],[121.0648747,14.6289336],[121.065043,14.6289623]]}},
{"type":"Feature","properties":{"osm_id":"61450509","name":"Anonas Street","highway":"secondary","z_order":6,"other_tags":"\"admin_level\"=>\"10\",\"boundary\"=>\"administrative\",\"designation\"=>\"city_road\",\"lane_markings\"=>\"yes\",\"lanes\"=>\"4\",\"lit\"=>\"yes\",\"maxspeed\"=>\"30\",\"postal_code\"=>\"1102\",\"sidewalk\"=>\"both\",\"surface\"=>\"asphalt\""},"geometry":{"type":"LineString","coordinates":[[121.060436,14.6320992],[121.0605337,14.6319862],[121.0605961,14.6318955],[121.06061,14.6318686],[121.0607243,14.6316603],[121.0607964,14.631528],[121.0609679,14.6312133]]}},
{"type":"Feature","properties":{"osm_id":"61450510","name":"Anonas Street","highway":"secondary","z_order":6,"other_tags":"\"admin_level\"=>\"10\",\"boundary\"=>\"administrative\",\"designation\"=>\"city_road\",\"lane_markings\"=>\"yes\",\"lanes\"=>\"4\",\"lit\"=>\"yes\",\"maxspeed\"=>\"30\",\"postal_code\"=>\"1102\",\"sidewalk\"=>\"both\",\"surface\"=>\"asphalt\""},"geometry":{"type":"LineString","coordinates":[[121.0609679,14.6312133],[121.0609902,14.6311709],[121.0611828,14.6308053],[121.061399,14.6303914],[121.0616301,14.6299795],[121.0617574,14.6297598],[121.0618817,14.629608],[121.0620295,14.6294987],[121.0621942,14.6294086]]}},
{"type":"Feature","properties":{"osm_id":"69358390","name":"15th Avenue","highway":"secondary","z_order":6,"other_tags":"\"designation\"=>\"national_tertiary_road\",\"lane_markings\"=>\"yes\",\"lanes\"=>\"2\",\"lit\"=>\"yes\",\"maxspeed\"=>\"40\",\"maxspeed:type\"=>\"PH:urban\",\"oneway\"=>\"yes\",\"sidewalk\"=>\"both\",\"surface\"=>\"concrete\""},"geometry":{"type":"LineString","coordinates":[[121.0572034,14.6248429],[121.0574312,14.6243904],[121.0576599,14.6239162],[121.0578665,14.6234711],[121.0579601,14.623275],[121.0580894,14.6230153],[121.0581528,14.6228783],[121.0582424,14.6226939],[121.0583173,14.6225353]]}},
{"type":"Feature","properties":{"osm_id":"87262660","name":"Aguho Street","highway":"tertiary","z_order":4,"other_tags":"\"designation\"=>\"city_road\",\"lane_markings\"=>\"yes\",\"lanes\"=>\"2\",\"lit\"=>\"yes\",\"maxspeed\"=>\"30\",\"oneway\"=>\"yes\",\"postal_code\"=>\"1102\",\"sidewalk\"=>\"both\",\"surface\"=>\"concrete\""},"geometry":{"type":"LineString","coordinates":[[121.0642357,14.6329562],[121.064011,14.6327616],[121.0638631,14.6326458]]}},
{"type":"Feature","properties":{"osm_id":"100583936","highway":"residential","z_order":3,"other_tags":"\"lanes\"=>\"1\",\"motorcar\"=>\"no\",\"surface\"=>\"concrete:plates\""},"geometry":{"type":"LineString","coordinates":[[121.0700785,14.6202437],[121.069634,14.6201417],[121.0692454,14.6200344],[121.0691869,14.620036]]}},
{"type":"Feature","properties":{"osm_id":"100583937","highway":"residential","z_order":3,"other_tags":"\"lanes\"=>\"1\""},"geometry":{"type":"LineString","coordinates":[[121.0697459,14.6213926],[121.0702372,14.6215187]]}},
{"type":"Feature","properties":{"osm_id":"100583939","highway":"residential","z_order":3,"other_tags":"\"motorcar\"=>\"no\""},"geometry":{"type":"LineString","coordinates":[[121.0690697,14.6218765],[121.0695916,14.6220088]]}},
{"type":"Feature","properties":{"osm_id":"100588890","highway":"service","z_order":0,"other_tags":"\"access\"=>\"destination\",\"service\"=>\"driveway\""},"geometry":{"type":"LineString","coordinates":[[121.0692958,14.6290725],[121.0690006,14.6289298],[121.0686382,14.6287469]]}},
{"type":"Feature","properties":{"osm_id":"100588892","highway":"footway","z_order":0},"geometry":{"type":"LineString","coordinates":[[121.0689149,14.6291319],[121.0689587,14.629038]]}},
{"type":"Feature","properties":{"osm_id":"100590444","highway":"service","z_order":0,"other_tags":"\"access\"=>\"private\",\"driveway\"=>\"pipestem\",\"service\"=>\"driveway\""},"geometry":{"type":"LineString","coordinates":[[121.0663443,14.6274768],[121.0667181,14.6274337],[121.066749,14.6274343],[121.0667691,14.6274428],[121.0667811,14.6274687],[121.0667877,14.627558],[121.0668791,14.6278501],[121.0668965,14.6278684],[121.066969,14.6278917]]}},
{"type":"Feature","properties":{"osm_id":"100590448","highway":"service","z_order":0,"other_tags":"\"access\"=>\"private\",\"driveway\"=>\"pipestem\",\"service\"=>\"driveway\""},"geometry":{"type":"LineString","coordinates":[[121.0667877,14.627558],[121.0671205,14.6275231]]}},
{"type":"Feature","properties":{"osm_id":"107391306","name":"Ermin Garcia Street","highway":"tertiary","z_order":4,"other_tags":"\"designation\"=>\"national_tertiary_road\",\"lanes\"=>\"2\",\"lit\"=>\"yes\",\"maxspeed\"=>\"40\",\"maxspeed:type\"=>\"PH:urban\",\"name:etymology\"=>\"Ermin Erfe Garcia\",\"name:etymology:wikidata\"=>\"Q20119953\",\"old_name\"=>\"Minnesota Avenue\",\"postal_code\"=>\"1102\",\"sidewalk\"=>\"both\",\"surface\"=>\"asphalt\""},"geometry":{"type":"LineString","coordinates":[[121.0547362,14.6285066],[121.0547768,14.6284405],[121.0548166,14.6284027],[121.0548724,14.6283623],[121.0549164,14.6283498],[121.054966,14.6283388],[121.0550113,14.6283381],[121.0551736,14.6283713],[121.0554626,14.6284967]]}},
{"type":"Feature","properties":{"osm_id":"110647754","name":"Ermin Garcia Street","highway":"tertiary","z_order":4,"other_tags":"\"designation\"=>\"national_tertiary_road\",\"lanes\"=>\"2\",\"lit\"=>\"yes\",\"maxspeed\"=>\"40\",\"maxspeed:type\"=>\"PH:urban\",\"name:etymology\"=>\"Ermin Erfe Garcia\",\"name:etymology:wikidata\"=>\"Q20119953\",\"old_name\"=>\"Minnesota Avenue\",\"oneway\"=>\"yes\",\"postal_code\"=>\"1102\",\"surface\"=>\"asphalt\""},"geometry":{"type":"LineString","coordinates":[[121.0620623,14.6273771],[121.0620431,14.6274153],[121.0618872,14.6278816],[121.0618288,14.6280281],[121.0616967,14.6282603],[121.0615634,14.6284576],[121.0614316,14.6286128],[121.0612809,14.6287463],[121.0610251,14.6288755],[121.0609602,14.6288965],[121.0608924,14.6289185],[121.0607543,14.6289239],[121.0606121,14.6289178],[121.0603839,14.628908]]}},
{"type":"Feature","properties":{"osm_id":"120115730","name":"Anonas Street","highway":"secondary","z_order":26,"other_tags":"\"bridge\"=>\"yes\",\"designation\"=>\"city_road\",\"lane_markings\"=>\"yes\",\"lanes\"=>\"4\",\"layer\"=>\"1\",\"lit\"=>\"yes\",\"maxspeed\"=>\"30\",\"postal_code\"=>\"1102\",\"surface\"=>\"asphalt\""},"geometry":{"type":"LineString","coordinates":[[121.0621942,14.6294086],[121.0622667,14.6293598]]}},
{"type":"Feature","properties":{"osm_id":"120115737","name":"Anonas Street","highway":"secondary","z_order":6,"other_tags":"\"designation\"=>\"city_road\",\"lane_markings\"=>\"yes\",\"lanes\"=>\"4\",\"lit\"=>\"yes\",\"maxspeed\"=>\"30\",\"postal_code\"=>\"1102\",\"sidewalk\"=>\"both\",\"surface\"=>\"asphalt\""},"geometry":{"type":"LineString","coordinates":[[121.0622667,14.6293598],[121.0622729,14.6293546],[121.0622843,14.629345],[121.0624149,14.6292474],[121.0624496,14.6292214]]}},
{"type":"Feature","properties":{"osm_id":"136074541","name":"Albany Street","highway":"residential","z_order":3,"other_tags":"\"lane_markings\"=>\"yes\",\"lanes\"=>\"2\",\"lit\"=>\"yes\",\"oneway\"=>\"yes\",\"postal_code\"=>\"1102\",\"sidewalk\"=>\"both\",\"surface\"=>\"asphalt\""},"geometry":{"type":"LineString","coordinates":[[121.0574089,14.627389],[121.0571939,14.6278964],[121.0571481,14.6279924]]}},
{"type":"Feature","properties":{"osm_id":"142235911","name":"Times Square Avenue","highway":"tertiary","z_order":4,"other_tags":"\"hgv\"=>\"no\",\"lanes\"=>\"2\",\"maxspeed\"=>\"20\",\"oneway\"=>\"yes\",\"postal_code\"=>\"1102\",\"surface\"=>\"concrete\""},"geometry":{"type":"LineString","coordinates":[[121.0541337,14.6228529],[121.0541097,14.6228918]]}},
{"type":"Feature","properties":{"osm_id":"142237056","name":"General Malvar Avenue","highway":"tertiary","z_order":4,"other_tags":"\"lanes\"=>\"2\",\"lanes:backward\"=>\"1\",\"lanes:forward\"=>\"1\",\"lit\"=>\"yes\",\"maxspeed\"=>\"20\",\"postal_code\"=>\"1109\",\"source:maxspeed\"=>\"sign\",\"surface\"=>\"asphalt\""},"geometry":{"type":"LineString","coordinates":[[121.0541337,14.6228529],[121.0534725,14.6225419],[121.0533986,14.6225074],[121.0533289,14.6224756]]}},
{"type":"Feature","properties":{"osm_id":"143943783","name":"Miami Street","highway":"residential","z_order":3,"other_tags":"\"lanes\"=>\"2\",\"lit\"=>\"yes\",\"oneway\"=>\"yes\",\"postal_code\"=>\"1102\",\"sidewalk\"=>\"both\",\"surface\"=>\"concrete\""},"geometry":{"type":"LineString","coordinates":[[121.0560842,14.6287801],[121.0561206,14.6286776],[121.0568376,14.6271254]]}},
{"type":"Feature","properties":{"osm_id":"158630365","name":"Kalantiaw Street","highway":"residential","z_order":3,"other_tags":"\"alt_name\"=>\"Kalantiao;Kalantiyaw\",\"mapillary\"=>\"1989811301170361\",\"surface\"=>\"concrete\""},"geometry":{"type":"LineString","coordinates":[[121.0653777,14.622166],[121.0651355,14.6226737]]}},
{"type":"Feature","properties":{"osm_id":"180382568","name":"Poblete Street Extension","highway":"residential","z_order":3,"other_tags":"\"lanes\"=>\"1\",\"lit\"=>\"yes\",\"surface\"=>\"concrete\""},"geometry":{"type":"LineString","coordinates":[[121.0694675,14.6207544],[121.0695574,14.6204218],[121.069634,14.6201417],[121.069652,14.6200725],[121.0697674,14.6196294]]}},
{"type":"Feature","properties":{"osm_id":"184362729","highway":"footway","z_order":20,"other_tags":"\"bridge\"=>\"viaduct\",\"layer\"=>\"2\""},"geometry":{"type":"LineString","coordinates":[[121.0549628,14.6198493],[121.054866,14.6200435],[121.0548596,14.6200565]]}},
{"type":"Feature","properties":{"osm_id":"184362732","highway":"steps","z_order":0,"other_tags":"\"mapillary\"=>\"319109696519274\""},"geometry":{"type":"LineString","coordinates":[[121.054866,14.6200435],[121.0549404,14.6200779]]}},
{"type":"Feature","properties":{"osm_id":"184363076","highway":"service","z_order":0,"other_tags":"\"access\"=>\"no\",\"service\"=>\"driveway\""},"geometry":{"type":"LineString","coordinates":[[121.0548203,14.6217107],[121.0549364,14.6217653]]}},
{"type":"Feature","properties":{"osm_id":"184363079","highway":"service","z_order":-20,"other_tags":"\"access\"=>\"no\",\"layer\"=>\"-1\",\"service\"=>\"driveway\",\"tunnel\"=>\"yes\""},"geometry":{"type":"LineString","coordinates":[[121.0546704,14.6216341],[121.0548203,14.6217107]]}},
{"type":"Feature","properties":{"osm_id":"184582277","name":"General Romulo Avenue","highway":"tertiary","z_order":4,"other_tags":"\"lane_markings\"=>\"yes\",\"lanes\"=>\"2\",\"lit\"=>\"yes\",\"maxspeed\"=>\"20\",\"oneway\"=>\"yes\",\"postal_code\"=>\"1109\",\"source:maxspeed\"=>\"sign\",\"surface\"=>\"asphalt\""},"geometry":{"type":"LineString","coordinates":[[121.0570692,14.6202513],[121.0572639,14.6199504],[121.057406,14.6197444],[121.0575042,14.6196178]]}},
{"type":"Feature","properties":{"osm_id":"185485589","name":"General Romulo Avenue","highway":"tertiary","z_order":4,"other_tags":"\"lanes\"=>\"4\",\"lit\"=>\"yes\",\"maxspeed\"=>\"20\",\"oneway\"=>\"yes\",\"postal_code\"=>\"1109\""},"geometry":{"type":"LineString","coordinates":[[121.0559734,14.6227034],[121.0559683,14.6227164]]}},
{"type":"Feature","properties":{"osm_id":"238269512","name":"M. Gregorio Street","highway":"residential","z_order":3,"other_tags":"\"postal_code\"=>\"1109\",\"source_ref\"=>\"https://osm.org/node/7949999086\""},"geometry":{"type":"LineString","coordinates":[[121.0673202,14.6214606],[121.0668441,14.6214658],[121.0666709,14.6214716],[121.0666108,14.6214943],[121.0665534,14.6215366],[121.0664982,14.6215826],[121.0664652,14.6216341],[121.0663491,14.6219568]]}},
{"type":"Feature","properties":{"osm_id":"238269521","highway":"service","z_order":0,"other_tags":"\"access\"=>\"private\",\"driveway\"=>\"pipestem\",\"maxspeed\"=>\"15\",\"service\"=>\"driveway\""},"geometry":{"type":"LineString","coordinates":[[121.0638166,14.6203389],[121.0638341,14.6203316],[121.0638712,14.6202389],[121.0639174,14.6201418],[121.0642139,14.6202784],[121.0645159,14.620413],[121.0648222,14.6205358],[121.0650921,14.6206528]]}},
{"type":"Feature","properties":{"osm_id":"244383454","name":"Anonas Street","highway":"secondary","z_order":6,"other_tags":"\"admin_level\"=>\"10\",\"boundary\"=>\"administrative\",\"designation\"=>\"city_road\",\"lane_markings\"=>\"yes\",\"lanes\"=>\"4\",\"lit\"=>\"yes\",\"maxspeed\"=>\"30\",\"postal_code\"=>\"1102\",\"sidewalk\"=>\"both\",\"surface\"=>\"asphalt\""},"geometry":{"type":"LineString","coordinates":[[121.05946,14.6330549],[121.0596963,14.6328274],[121.0600654,14.6324816],[121.0603364,14.632202],[121.060436,14.6320992]]}},
{"type":"Feature","properties":{"osm_id":"244383455","name":"Anonas Street","highway":"secondary","z_order":6,"other_tags":"\"designation\"=>\"city_road\",\"lane_markings\"=>\"yes\",\"lanes\"=>\"4\",\"lit\"=>\"yes\",\"maxspeed\"=>\"30\",\"postal_code\"=>\"1102\",\"sidewalk\"=>\"both\",\"surface\"=>\"asphalt\""},"geometry":{"type":"LineString","coordinates":[[121.0624496,14.6292214],[121.0627569,14.6289857],[121.062928,14.6287748],[121.0630508,14.6285807]]}},
{"type":"Feature","properties":{"osm_id":"244383457","name":"Molave Street","highway":"tertiary","z_order":4,"other_tags":"\"designation\"=>\"city_road\",\"lane_markings\"=>\"yes\",\"lanes\"=>\"2\",\"lit\"=>\"yes\",\"maxspeed\"=>\"30\",\"postal_code\"=>\"1102\",\"sidewalk\"=>\"both\",\"surface\"=>\"asphalt\""},"geometry":{"type":"LineString","coordinates":[[121.065043,14.6289623],[121.06507,14.628967],[121.0661495,14.6291485],[121.0669449,14.6292822],[121.0670601,14.6293084],[121.0671764,14.6293576],[121.0672945,14.6294164],[121.0674959,14.6295081],[121.0675733,14.6295458],[121.0680748,14.6297895],[121.0682607,14.6298798],[121.0682818,14.6298901],[121.0683371,14.629917]]}},
{"type":"Feature","properties":{"osm_id":"244383458","name":"Molave Street","highway":"tertiary","z_order":4,"other_tags":"\"admin_level\"=>\"10\",\"boundary\"=>\"administrative\",\"designation\"=>\"city_road\",\"lane_markings\"=>\"yes\",\"lanes\"=>\"2\",\"lit\"=>\"yes\",\"maxspeed\"=>\"30\",\"parking:right\"=>\"lane\",\"parking:right:orientation\"=>\"parallel\",\"postal_code\"=>\"1102\",\"sidewalk\"=>\"both\",\"surface\"=>\"asphalt\""},"geometry":{"type":"LineString","coordinates":[[121.0683371,14.629917],[121.0687446,14.6301146],[121.0688527,14.6301671],[121.0689635,14.6302191],[121.0690208,14.6302463],[121.0693317,14.630394],[121.0695337,14.6304885]]}},
{"type":"Feature","properties":{"osm_id":"244383459","name":"Narra Street","highway":"tertiary","z_order":4,"other_tags":"\"admin_level\"=>\"10\",\"boundary\"=>\"administrative\",\"designation\"=>\"city_road\",\"lane_markings\"=>\"yes\",\"lanes\"=>\"2\",\"lit\"=>\"yes\",\"maxspeed\"=>\"30\",\"postal_code\"=>\"1102\",\"sidewalk\"=>\"both\",\"surface\"=>\"asphalt\""},"geometry":{"type":"LineString","coordinates":[[121.0662401,14.6322415],[121.0659816,14.6320773],[121.0658175,14.6319441],[121.0656996,14.6318435],[121.0655977,14.631732],[121.065504,14.631599],[121.0654542,14.6314821],[121.0654034,14.6313481],[121.0653489,14.6312265],[121.0652731,14.6310302],[121.064716,14.629572]]}},
{"type":"Feature","properties":{"osm_id":"244383460","name":"Narra Street","highway":"tertiary","z_order":4,"other_tags":"\"admin_level\"=>\"10\",\"boundary\"=>\"administrative\",\"designation\"=>\"city_road\",\"lane_markings\"=>\"yes\",\"lanes\"=>\"2\",\"lit\"=>\"yes\",\"maxspeed\"=>\"30\",\"oneway\"=>\"yes\",\"postal_code\"=>\"1102\",\"sidewalk\"=>\"both\",\"surface\"=>\"concrete\""},"geometry":{"type":"LineString","coordinates":[[121.0647281,14.6289105],[121.0647214,14.6289811],[121.064691,14.6292183],[121.0646923,14.6294049],[121.064709,14.6295228],[121.064716,14.629572]]}},
{"type":"Feature","properties":{"osm_id":"244383461","name":"Tindalo Street","highway":"tertiary","z_order":4,"other_tags":"\"admin_level\"=>\"10\",\"boundary\"=>\"administrative\",\"designation\"=>\"city_road\",\"lanes\"=>\"2\",\"lit\"=>\"yes\",\"maxspeed\"=>\"30\",\"oneway\"=>\"yes\",\"postal_code\"=>\"1102\",\"sidewalk\"=>\"both\",\"surface\"=>\"concrete\""},"geometry":{"type":"LineString","coordinates":[[121.064716,14.629572],[121.064223,14.6296252],[121.0634577,14.6297048],[121.0633079,14.6297193],[121.0632302,14.6297177],[121.0631703,14.6296971],[121.0629871,14.6295822],[121.0627929,14.6294519],[121.0624496,14.6292214]]}},
{"type":"Feature","properties":{"osm_id":"244383462","name":"Langka Street","highway":"tertiary","z_order":24,"other_tags":"\"bridge\"=>\"yes\",\"designation\"=>\"city_road\",\"lanes\"=>\"2\",\"layer\"=>\"1\",\"lit\"=>\"yes\",\"maxspeed\"=>\"30\",\"postal_code\"=>\"1102\",\"sidewalk\"=>\"no\",\"surface\"=>\"concrete\""},"geometry":{"type":"LineString","coordinates":[[121.0637052,14.6326494],[121.0636499,14.6327059]]}},
{"type":"Feature","properties":{"osm_id":"244383463","name":"Langka Street","highway":"tertiary","z_order":4,"other_tags":"\"admin_level\"=>\"10\",\"boundary\"=>\"administrative\",\"designation\"=>\"city_road\",\"lanes\"=>\"2\",\"lit\"=>\"yes\",\"maxspeed\"=>\"30\",\"postal_code\"=>\"1102\",\"sidewalk\"=>\"both\",\"surface\"=>\"asphalt\""},"geometry":{"type":"LineString","coordinates":[[121.0636499,14.6327059],[121.0635883,14.6327688],[121.0635591,14.6327986],[121.0632571,14.633094],[121.0631907,14.6331595]]}},
{"type":"Feature","properties":{"osm_id":"264246787","highway":"service","z_order":0,"other_tags":"\"access\"=>\"destination\",\"destination\"=>\"Novotel\",\"lanes\"=>\"1\",\"motor_vehicle:conditional\"=>\"no @ (Su 05:00-09:00)\",\"oneway\"=>\"yes\",\"surface\"=>\"asphalt\""},"geometry":{"type":"LineString","coordinates":[[121.0542945,14.6207362],[121.0542317,14.6207024]]}},
{"type":"Feature","properties":{"osm_id":"302524090","name":"Kalantas Street","highway":"service","z_order":0,"other_tags":"\"lanes\"=>\"1\",\"lit\"=>\"yes\",\"old_name\"=>\"Akle\",\"oneway\"=>\"yes\",\"service\"=>\"alley\",\"sidewalk\"=>\"no\""},"geometry":{"type":"LineString","coordinates":[[121.0661949,14.630703],[121.06573,14.6308666],[121.0653228,14.631017],[121.0652731,14.6310302]]}},
{"type":"Feature","properties":{"osm_id":"360437392","name":"Akle Street","highway":"residential","z_order":3},"geometry":{"type":"LineString","coordinates":[[121.0642542,14.6316614],[121.0642535,14.6316877],[121.0643673,14.6320056],[121.0643782,14.632032]]}},
{"type":"Feature","properties":{"osm_id":"368569310","name":"Ermin Garcia Street","highway":"tertiary","z_order":4,"other_tags":"\"designation\"=>\"national_tertiary_road\",\"lanes\"=>\"2\",\"lit\"=>\"yes\",\"maxspeed\"=>\"40\",\"maxspeed:type\"=>\"PH:urban\",\"name:etymology\"=>\"Ermin Erfe Garcia\",\"name:etymology:wikidata\"=>\"Q20119953\",\"old_name\"=>\"Minnesota Avenue\",\"postal_code\"=>\"1102\",\"surface\"=>\"asphalt\""},"geometry":{"type":"LineString","coordinates":[[121.0603839,14.628908],[121.0603103,14.6289117],[121.0602438,14.6289026],[121.0601753,14.6288866],[121.060082,14.6288466],[121.0598138,14.6286929],[121.0597286,14.6286441],[121.0596072,14.6285987],[121.0594624,14.6285458],[121.059067,14.6284321]]}},
{"type":"Feature","properties":{"osm_id":"422195582","highway":"footway","z_order":20,"other_tags":"\"bridge\"=>\"yes\",\"layer\"=>\"1\",\"lit\"=>\"yes\",\"mapillary\"=>\"595889734704092\""},"geometry":{"type":"LineString","coordinates":[[121.0639906,14.6277642],[121.063953,14.6279823]]}},
{"type":"Feature","properties":{"osm_id":"422195583","highway":"steps","z_order":0},"geometry":{"type":"LineString","coordinates":[[121.0639906,14.6277642],[121.0640463,14.6277772]]}},
{"type":"Feature","properties":{"osm_id":"422195585","highway":"steps","z_order":0},"geometry":{"type":"LineString","coordinates":[[121.0638183,14.6279614],[121.063953,14.6279823]]}},
{"type":"Feature","properties":{"osm_id":"433263052","highway":"footway","z_order":0},"geometry":{"type":"LineString","coordinates":[[121.0638183,14.6279614],[121.0638279,14.627904]]}},
{"type":"Feature","properties":{"osm_id":"433263185","highway":"footway","z_order":0},"geometry":{"type":"LineString","coordinates":[[121.0640463,14.6277772],[121.0640374,14.6278498]]}},
{"type":"Feature","properties":{"osm_id":"481342219","name":"Molave Street","highway":"tertiary","z_order":4,"other_tags":"\"admin_level\"=>\"10\",\"boundary\"=>\"administrative\",\"designation\"=>\"city_road\",\"lanes\"=>\"2\",\"lit\"=>\"yes\",\"maxspeed\"=>\"30\",\"parking:right\"=>\"lane\",\"parking:right:orientation\"=>\"parallel\",\"postal_code\"=>\"1102\",\"sidewalk\"=>\"both\",\"surface\"=>\"asphalt\""},"geometry":{"type":"LineString","coordinates":[[121.0698562,14.6306394],[121.070245,14.6308288],[121.0705857,14.6309957],[121.0706263,14.6310147],[121.070657,14.631029],[121.0706952,14.6310395]]}},
{"type":"Feature","properties":{"osm_id":"481342221","name":"Anonas Street","highway":"secondary","z_order":6,"other_tags":"\"designation\"=>\"city_road\",\"lane_markings\"=>\"yes\",\"lanes\"=>\"4\",\"lit\"=>\"yes\",\"maxspeed\"=>\"30\",\"postal_code\"=>\"1102\",\"sidewalk\"=>\"both\",\"surface\"=>\"asphalt\""},"geometry":{"type":"LineString","coordinates":[[121.0630508,14.6285807],[121.0630894,14.6284811],[121.0631285,14.6283362],[121.0631933,14.6280827],[121.0632064,14.628006]]}},
{"type":"Feature","properties":{"osm_id":"551557641","highway":"service","z_order":0,"other_tags":"\"access\"=>\"private\""},"geometry":{"type":"LineString","coordinates":[[121.0604497,14.6248672],[121.0604871,14.6247916]]}},
{"type":"Feature","properties":{"osm_id":"558107194","highway":"service","z_order":0,"other_tags":"\"access\"=>\"private\",\"oneway\"=>\"yes\""},"geometry":{"type":"LineString","coordinates":[[121.0604871,14.6247916],[121.0606046,14.6248472]]}},
{"type":"Feature","properties":{"osm_id":"558107205","highway":"service","z_order":0,"other_tags":"\"access\"=>\"permit\",\"service\"=>\"parking_aisle\""},"geometry":{"type":"LineString","coordinates":[[121.0587142,14.6208678],[121.0587561,14.6207822],[121.0587578,14.620777],[121.0587545,14.6207725],[121.0587296,14.6207595],[121.0587164,14.6207501]]}},
{"type":"Feature","properties":{"osm_id":"558107208","name":"Velante Drive","highway":"residential","z_order":3,"other_tags":"\"lit\"=>\"yes\",\"oneway\"=>\"yes\",\"postal_code\"=>\"1109\",\"surface\"=>\"concrete\""},"geometry":{"type":"LineString","coordinates":[[121.058494,14.6205609],[121.0584793,14.6206272],[121.0582994,14.6209958]]}},
{"type":"Feature","properties":{"osm_id":"558107209","name":"Velante Drive","highway":"service","z_order":0,"other_tags":"\"access\"=>\"private\",\"service\"=>\"driveway\""},"geometry":{"type":"LineString","coordinates":[[121.0592034,14.6213646],[121.0591766,14.6213541],[121.0591629,14.6213488]]}},
{"type":"Feature","properties":{"osm_id":"558107211","highway":"service","z_order":0,"other_tags":"\"access\"=>\"private\",\"service\"=>\"driveway\""},"geometry":{"type":"LineString","coordinates":[[121.0598733,14.6213738],[121.0598577,14.621361],[121.0593006,14.6211427],[121.0592934,14.6211442],[121.0592862,14.6211483],[121.0591766,14.6213541]]}},
{"type":"Feature","properties":{"osm_id":"558107217","name":"Rochester Street","highway":"residential","z_order":3,"other_tags":"\"postal_code\"=>\"1109\""},"geometry":{"type":"LineString","coordinates":[[121.0584339,14.6242973],[121.0584126,14.6243343],[121.0581977,14.6247446]]}},
{"type":"Feature","properties":{"osm_id":"558107219","name":"Trinity Street","highway":"residential","z_order":3,"other_tags":"\"postal_code\"=>\"1109\""},"geometry":{"type":"LineString","coordinates":[[121.0585722,14.6238022],[121.0585997,14.6237925],[121.0588049,14.6233536]]}},
{"type":"Feature","properties":{"osm_id":"558107231","name":"Velante Drive","highway":"residential","z_order":3,"other_tags":"\"lit\"=>\"yes\",\"oneway\"=>\"yes\",\"postal_code\"=>\"1109\",\"surface\"=>\"concrete\""},"geometry":{"type":"LineString","coordinates":[[121.0581228,14.6204034],[121.0584084,14.6205136],[121.0584342,14.6205286],[121.058494,14.6205609]]}},
{"type":"Feature","properties":{"osm_id":"558107234","name":"Velante Drive","highway":"residential","z_order":3,"other_tags":"\"lit\"=>\"yes\",\"oneway\"=>\"yes\",\"postal_code\"=>\"1109\",\"surface\"=>\"concrete\""},"geometry":{"type":"LineString","coordinates":[[121.0577544,14.6207754],[121.0581228,14.6204034]]}},
{"type":"Feature","properties":{"osm_id":"558107237","highway":"service","z_order":0,"other_tags":"\"driveway\"=>\"pipestem\",\"postal_code\"=>\"1109\",\"service\"=>\"driveway\""},"geometry":{"type":"LineString","coordinates":[[121.0585919,14.6204253],[121.0585256,14.6205366],[121.0585161,14.6205463],[121.058494,14.6205609]]}},
{"type":"Feature","properties":{"osm_id":"558125867","highway":"service","z_order":0,"other_tags":"\"access\"=>\"private\",\"service\"=>\"driveway\""},"geometry":{"type":"LineString","coordinates":[[121.0588414,14.6199704],[121.0587842,14.6200997],[121.0587723,14.6201419],[121.0587775,14.620173],[121.0588103,14.6202106],[121.0589682,14.6202997]]}},
{"type":"Feature","properties":{"osm_id":"559469064","name":"Kaimito Street","highway":"residential","z_order":3,"other_tags":"\"source:url\"=>\"https://github.com/osmlab/appledata\""},"geometry":{"type":"LineString","coordinates":[[121.0612208,14.6298057],[121.061298,14.6296405],[121.0614024,14.629453],[121.0615311,14.6292944],[121.0616612,14.6291908],[121.061756,14.6291292],[121.0618553,14.6291141],[121.0619129,14.629144],[121.0619579,14.6291894]]}},
{"type":"Feature","properties":{"osm_id":"568852428","highway":"service","z_order":0,"other_tags":"\"covered\"=>\"yes\",\"service\"=>\"driveway\""},"geometry":{"type":"LineString","coordinates":[[121.0614369,14.6267845],[121.0615204,14.626618]]}},
{"type":"Feature","properties":{"osm_id":"568852429","highway":"service","z_order":0,"other_tags":"\"service\"=>\"driveway\""},"geometry":{"type":"LineString","coordinates":[[121.0613666,14.6269233],[121.0614044,14.6268451]]}},
{"type":"Feature","properties":{"osm_id":"568852430","highway":"service","z_order":0,"other_tags":"\"smoothness\"=>\"good\",\"surface\"=>\"concrete\""},"geometry":{"type":"LineString","coordinates":[[121.0626002,14.6259159],[121.0626344,14.6258272]]}},
{"type":"Feature","properties":{"osm_id":"568852431","highway":"service","z_order":0,"other_tags":"\"covered\"=>\"yes\",\"maxheight\"=>\"3.7\",\"maxheight:signed\"=>\"no\",\"smoothness\"=>\"good\",\"source:maxheight\"=>\"ARCore\",\"surface\"=>\"concrete\""},"geometry":{"type":"LineString","coordinates":[[121.0625707,14.6259759],[121.0626002,14.6259159]]}},
{"type":"Feature","properties":{"osm_id":"568852432","highway":"service","z_order":0,"other_tags":"\"smoothness\"=>\"good\",\"surface\"=>\"concrete\""},"geometry":{"type":"LineString","coordinates":[[121.0618365,14.626003],[121.0623367,14.6262451],[121.0623743,14.6262503],[121.0624185,14.6262528],[121.0624628,14.6262269],[121.0625707,14.6259759]]}},
{"type":"Feature","properties":{"osm_id":"568852433","highway":"service","z_order":0,"other_tags":"\"smoothness\"=>\"excellent\",\"surface\"=>\"concrete\""},"geometry":{"type":"LineString","coordinates":[[121.0615204,14.626618],[121.0618365,14.626003],[121.0620658,14.6255158],[121.0620986,14.6254969],[121.0621429,14.6255041],[121.0626153,14.6257422],[121.0626247,14.6257568],[121.0626294,14.625776],[121.0626344,14.6258272]]}},
{"type":"Feature","properties":{"osm_id":"568963634","name":"18th Avenue","highway":"tertiary","z_order":4,"other_tags":"\"designation\"=>\"city_road\",\"lane_markings\"=>\"yes\",\"lanes\"=>\"2\",\"lit\"=>\"yes\",\"maxspeed\"=>\"30\",\"maxspeed:type\"=>\"PH:urban\",\"postal_code\"=>\"1109\",\"sidewalk\"=>\"no\",\"surface\"=>\"concrete\""},"geometry":{"type":"LineString","coordinates":[[121.0631131,14.616475],[121.0630426,14.616631],[121.0630301,14.6166598],[121.0627538,14.6172945],[121.0627431,14.6173192],[121.0626484,14.6175375],[121.06258,14.6176881],[121.0625313,14.6177981],[121.0622211,14.6184997],[121.0622121,14.61852],[121.0621123,14.6187425],[121.0615921,14.6199514],[121.0613764,14.6204469],[121.0612979,14.6206564]]}},
{"type":"Feature","properties":{"osm_id":"583088420","highway":"service","z_order":0,"other_tags":"\"access\"=>\"customers\",\"oneway\"=>\"yes\",\"service\"=>\"parking_aisle\""},"geometry":{"type":"LineString","coordinates":[[121.0550313,14.6222379],[121.0550686,14.6221645],[121.0550793,14.6221528],[121.0550961,14.6221515],[121.0553355,14.6222619],[121.0553961,14.6222862]]}},
{"type":"Feature","properties":{"osm_id":"583088422","highway":"service","z_order":0,"other_tags":"\"access\"=>\"customers\",\"oneway\"=>\"yes\",\"service\"=>\"parking_aisle\""},"geometry":{"type":"LineString","coordinates":[[121.0553342,14.6224079],[121.0552698,14.6223745],[121.0550498,14.6222703],[121.0550373,14.6222573],[121.0550313,14.6222379]]}},
{"type":"Feature","properties":{"osm_id":"583088423","highway":"service","z_order":0},"geometry":{"type":"LineString","coordinates":[[121.0552901,14.6225082],[121.0553113,14.6224569]]}},
{"type":"Feature","properties":{"osm_id":"583088424","name":"General Roxas Avenue","highway":"unclassified","z_order":3,"other_tags":"\"lanes\"=>\"2\",\"lit\"=>\"yes\",\"maxspeed\"=>\"20\",\"oneway\"=>\"yes\",\"postal_code\"=>\"1109\",\"short_name\"=>\"Gen. Roxas\",\"source:maxspeed\"=>\"sign\""},"geometry":{"type":"LineString","coordinates":[[121.0549211,14.6223271],[121.0552901,14.6225082],[121.0557961,14.6227427],[121.0558293,14.6227563],[121.0558848,14.6227778]]}},
{"type":"Feature","properties":{"osm_id":"591107290","name":"Aurora Boulevard","highway":"primary","z_order":7,"other_tags":"\"cycleway:right\"=>\"lane\",\"lanes\"=>\"2\",\"lit\"=>\"yes\",\"maxspeed\"=>\"60\",\"maxspeed:bus\"=>\"50\",\"maxspeed:hgv\"=>\"50\",\"oneway\"=>\"yes\",\"ref\"=>\"59\",\"sidewalk\"=>\"right\",\"source:maxspeed\"=>\"sign\",\"surface\"=>\"asphalt\",\"wikidata\"=>\"Q4822499\""},"geometry":{"type":"LineString","coordinates":[[121.0710728,14.6302889],[121.0703573,14.6299547],[121.0702357,14.6298974],[121.0698658,14.6297215],[121.0696893,14.6296358],[121.0694003,14.6294956]]}},
{"type":"Feature","properties":{"osm_id":"653312975","highway":"service","z_order":0,"other_tags":"\"service\"=>\"driveway\""},"geometry":{"type":"LineString","coordinates":[[121.0607243,14.6316603],[121.0608027,14.6317264]]}},
{"type":"Feature","properties":{"osm_id":"653312978","highway":"service","z_order":0,"other_tags":"\"service\"=>\"driveway\""},"geometry":{"type":"LineString","coordinates":[[121.0605961,14.6318955],[121.0606764,14.6319663]]}},
{"type":"Feature","properties":{"osm_id":"654506229","name":"G. H. del Pilar Street","highway":"residential","z_order":3,"other_tags":"\"postal_code\"=>\"1109\""},"geometry":{"type":"LineString","coordinates":[[121.0618924,14.6216488],[121.0619004,14.6217014],[121.0614649,14.622629]]}},
{"type":"Feature","properties":{"osm_id":"654506230","highway":"service","z_order":0,"other_tags":"\"access\"=>\"private\",\"service\"=>\"driveway\""},"geometry":{"type":"LineString","coordinates":[[121.0589696,14.6218965],[121.0595521,14.6221459]]}},
{"type":"Feature","properties":{"osm_id":"654506231","highway":"service","z_order":0,"other_tags":"\"service\"=>\"driveway\""},"geometry":{"type":"LineString","coordinates":[[121.0585685,14.6220263],[121.0586162,14.622049]]}},
{"type":"Feature","properties":{"osm_id":"654506232","highway":"service","z_order":0,"other_tags":"\"access\"=>\"private\",\"service\"=>\"parking_aisle\""},"geometry":{"type":"LineString","coordinates":[[121.0593222,14.6223804],[121.0593266,14.6223975],[121.0592884,14.6224961],[121.0592756,14.6225059],[121.0592584,14.6225108]]}},
{"type":"Feature","properties":{"osm_id":"690613638","name":"General MacArthur Avenue","highway":"unclassified","z_order":3,"other_tags":"\"lanes\"=>\"3\",\"lit\"=>\"yes\",\"maxspeed\"=>\"20\",\"oneway\"=>\"yes\",\"postal_code\"=>\"1109\",\"source:maxspeed\"=>\"sign\",\"surface\"=>\"asphalt\",\"turn:lanes\"=>\"left|left;right|right\""},"geometry":{"type":"LineString","coordinates":[[121.0563799,14.620606],[121.0566423,14.6207353],[121.0566725,14.6207502]]}},
{"type":"Feature","properties":{"osm_id":"692947612","highway":"service","z_order":0},"geometry":{"type":"LineString","coordinates":[[121.0650935,14.6280297],[121.0650813,14.6279177]]}},
{"type":"Feature","properties":{"osm_id":"692950581","highway":"service","z_order":0,"other_tags":"\"access\"=>\"private\""},"geometry":{"type":"LineString","coordinates":[[121.0613416,14.6232656],[121.0612276,14.6236413],[121.0612249,14.6236621],[121.0612337,14.6236815],[121.0612594,14.6237147],[121.0613195,14.6237477],[121.0613899,14.6237704],[121.0614207,14.623762],[121.0614476,14.623738],[121.0615737,14.6234898]]}},
{"type":"Feature","properties":{"osm_id":"693125069","highway":"service","z_order":0,"other_tags":"\"access\"=>\"private\",\"vehicle\"=>\"destination\""},"geometry":{"type":"LineString","coordinates":[[121.0689785,14.6207043],[121.0687573,14.6206495],[121.0686158,14.6205652],[121.0681805,14.6204426]]}},
{"type":"Feature","properties":{"osm_id":"697685240","name":"Magat Salamat Street","highway":"residential","z_order":3,"other_tags":"\"postal_code\"=>\"1109\""},"geometry":{"type":"LineString","coordinates":[[121.0651355,14.6226737],[121.0655267,14.6228559],[121.0656925,14.6229347],[121.065935,14.6230376],[121.0660191,14.6230694],[121.0662611,14.6231488],[121.0665431,14.6231715],[121.0669082,14.6231609],[121.0669829,14.6231468],[121.0673635,14.623127]]}},
{"type":"Feature","properties":{"osm_id":"697685241","name":"Kalantiyaw","highway":"path","z_order":0,"other_tags":"\"alt_name\"=>\"Kalantiao;Kalantiaw\",\"motorcycle\"=>\"yes\""},"geometry":{"type":"LineString","coordinates":[[121.0650735,14.6228037],[121.0651355,14.6226737]]}},
{"type":"Feature","properties":{"osm_id":"699825160","name":"P. Ocampo Street","highway":"residential","z_order":3,"other_tags":"\"old_name\"=>\"Acuña\",\"postal_code\"=>\"1109\""},"geometry":{"type":"LineString","coordinates":[[121.0698524,14.625832],[121.0693726,14.6258573],[121.0693232,14.6258724]]}},
{"type":"Feature","properties":{"osm_id":"699825161","name":"A. De Legaspi","highway":"residential","z_order":3,"other_tags":"\"oneway\"=>\"yes\",\"postal_code\"=>\"1109\""},"geometry":{"type":"LineString","coordinates":[[121.0698524,14.625832],[121.0698147,14.6261611],[121.0697487,14.626486],[121.0696533,14.6268116],[121.0695261,14.6271305]]}},
{"type":"Feature","properties":{"osm_id":"703018000","name":"P. Tuazon Boulevard","highway":"secondary","z_order":6,"other_tags":"\"designation\"=>\"national_tertiary_road\",\"lane_markings\"=>\"yes\",\"lanes\"=>\"4\",\"lit\"=>\"yes\",\"maxspeed\"=>\"40\",\"maxspeed:type\"=>\"PH:urban\",\"name:abbr\"=>\"P. Tuazon Blvd.\",\"name:etymology\"=>\"Pedro Tuazon\",\"name:etymology:wikidata\"=>\"Q2126544\",\"official_name\"=>\"Pedro Tuazon Boulevard\",\"postal_code\"=>\"1109\",\"sidewalk\"=>\"both\",\"surface\"=>\"asphalt\""},"geometry":{"type":"LineString","coordinates":[[121.0650098,14.6220112],[121.0647528,14.6219005],[121.0646539,14.6218603],[121.0644691,14.6217863],[121.0640555,14.621611],[121.0639777,14.6215778],[121.0635479,14.6214131],[121.0629711,14.6211903]]}},
{"type":"Feature","properties":{"osm_id":"703018001","name":"20th Avenue","highway":"secondary","z_order":6,"other_tags":"\"designation\"=>\"national_tertiary_road\",\"lanes\"=>\"4\",\"lit\"=>\"yes\",\"maxspeed\"=>\"40\",\"maxspeed:type\"=>\"PH:urban\",\"postal_code\"=>\"1109\",\"sidewalk\"=>\"both\",\"surface\"=>\"concrete\""},"geometry":{"type":"LineString","coordinates":[[121.0619882,14.6232536],[121.0620069,14.6232146],[121.0620677,14.6230881],[121.0621377,14.6229413],[121.0624393,14.6223169],[121.0625063,14.6221719],[121.0627302,14.6217081],[121.0627981,14.6215625],[121.0629711,14.6211903]]}},
{"type":"Feature","properties":{"osm_id":"703018002","name":"P. Tuazon Boulevard","highway":"secondary","z_order":6,"other_tags":"\"admin_level\"=>\"10\",\"boundary\"=>\"administrative\",\"designation\"=>\"national_tertiary_road\",\"lanes\"=>\"4\",\"lit\"=>\"yes\",\"maxspeed\"=>\"40\",\"maxspeed:type\"=>\"PH:urban\",\"name:abbr\"=>\"P. Tuazon Blvd.\",\"name:etymology\"=>\"Pedro Tuazon\",\"name:etymology:wikidata\"=>\"Q2126544\",\"official_name\"=>\"Pedro Tuazon Boulevard\",\"postal_code\"=>\"1109\",\"surface\"=>\"asphalt\""},"geometry":{"type":"LineString","coordinates":[[121.0653777,14.622166],[121.0651289,14.6220591]]}},
{"type":"Feature","properties":{"osm_id":"705043676","name":"15th Avenue","highway":"secondary","z_order":6,"other_tags":"\"admin_level\"=>\"10\",\"boundary\"=>\"administrative\",\"designation\"=>\"national_tertiary_road\",\"lanes\"=>\"2\",\"lit\"=>\"yes\",\"maxspeed\"=>\"40\",\"maxspeed:type\"=>\"PH:urban\",\"oneway\"=>\"yes\""},"geometry":{"type":"LineString","coordinates":[[121.0571523,14.6249404],[121.0571745,14.6248966]]}},
{"type":"Feature","properties":{"osm_id":"708785731","highway":"service","z_order":0,"other_tags":"\"service\"=>\"parking_aisle\""},"geometry":{"type":"LineString","coordinates":[[121.0640998,14.6269813],[121.0646806,14.6269204]]}},
{"type":"Feature","properties":{"osm_id":"708785732","highway":"service","z_order":0},"geometry":{"type":"LineString","coordinates":[[121.0640998,14.6269813],[121.0640875,14.6268504],[121.0640926,14.626833],[121.064113,14.6268283],[121.064634,14.626794],[121.0646628,14.6267949],[121.0646739,14.6267988],[121.0646793,14.6268076],[121.064681,14.6268241],[121.0646806,14.6269204]]}},
{"type":"Feature","properties":{"osm_id":"720121268","highway":"service","z_order":0,"other_tags":"\"access\"=>\"destination\",\"service\"=>\"driveway\""},"geometry":{"type":"LineString","coordinates":[[121.0694201,14.6287062],[121.0694558,14.6287175]]}},
{"type":"Feature","properties":{"osm_id":"732001725","highway":"service","z_order":0,"other_tags":"\"access\"=>\"destination\",\"oneway\"=>\"yes\""},"geometry":{"type":"LineString","coordinates":[[121.0606672,14.6249674],[121.0605719,14.6249235]]}},
{"type":"Feature","properties":{"osm_id":"732001726","highway":"service","z_order":0,"other_tags":"\"access\"=>\"permissive\",\"oneway\"=>\"yes\""},"geometry":{"type":"LineString","coordinates":[[121.0610854,14.625144],[121.0606672,14.6249674],[121.0607047,14.6248946],[121.061122,14.6250716]]}},
{"type":"Feature","properties":{"osm_id":"766099514","name":"Aurora Boulevard","highway":"primary","z_order":7,"other_tags":"\"cycleway:right\"=>\"lane\",\"lanes\"=>\"2\",\"lit\"=>\"yes\",\"maxspeed\"=>\"60\",\"maxspeed:bus\"=>\"50\",\"maxspeed:hgv\"=>\"50\",\"oneway\"=>\"yes\",\"ref\"=>\"59\",\"sidewalk\"=>\"right\",\"source:maxspeed\"=>\"sign\",\"surface\"=>\"asphalt\",\"wikidata\"=>\"Q4822499\""},"geometry":{"type":"LineString","coordinates":[[121.0548245,14.6238072],[121.0538617,14.6233562]]}},
{"type":"Feature","properties":{"osm_id":"766099515","name":"Yale Street","highway":"tertiary","z_order":4,"other_tags":"\"lane_markings\"=>\"yes\",\"lanes\"=>\"2\",\"lit\"=>\"yes\",\"postal_code\"=>\"1102\",\"sidewalk\"=>\"both\",\"surface\"=>\"concrete\""},"geometry":{"type":"LineString","coordinates":[[121.0534988,14.6279764],[121.0544349,14.6260418]]}},
{"type":"Feature","properties":{"osm_id":"775831777","name":"General Romulo Avenue","highway":"tertiary","z_order":4,"other_tags":"\"lanes\"=>\"2\",\"lit\"=>\"yes\",\"maxspeed\"=>\"20\",\"oneway\"=>\"yes\",\"postal_code\"=>\"1109\",\"source:maxspeed\"=>\"sign\""},"geometry":{"type":"LineString","coordinates":[[121.0553812,14.6239589],[121.0554188,14.6238652],[121.0555597,14.6235141],[121.0558482,14.6228632],[121.0558648,14.6228256],[121.0558848,14.6227778],[121.0559032,14.6227397],[121.056044,14.6224391],[121.0561597,14.6221697],[121.0562525,14.6219505],[121.0563316,14.6217638],[121.0566142,14.6210972],[121.0566749,14.6209346],[121.056686,14.620912]]}},
{"type":"Feature","properties":{"osm_id":"775831778","name":"General MacArthur Avenue","highway":"unclassified","z_order":3,"other_tags":"\"foot\"=>\"no\",\"lanes\"=>\"2\",\"lit\"=>\"yes\",\"maxspeed\"=>\"20\",\"oneway\"=>\"yes\",\"postal_code\"=>\"1109\",\"source:maxspeed\"=>\"sign\",\"surface\"=>\"asphalt\""},"geometry":{"type":"LineString","coordinates":[[121.05678,14.6208846],[121.0567143,14.6208522]]}},
{"type":"Feature","properties":{"osm_id":"775831779","highway":"service","z_order":0,"other_tags":"\"access\"=>\"no\",\"bus\"=>\"yes\",\"lanes\"=>\"1\",\"oneway\"=>\"yes\",\"surface\"=>\"asphalt\""},"geometry":{"type":"LineString","coordinates":[[121.0571771,14.620349],[121.0571155,14.6203195]]}},
{"type":"Feature","properties":{"osm_id":"775831782","highway":"service","z_order":0,"other_tags":"\"access\"=>\"no\",\"bus\"=>\"yes\",\"lanes\"=>\"1\",\"oneway\"=>\"yes\",\"surface\"=>\"asphalt\",\"tunnel\"=>\"building_passage\""},"geometry":{"type":"LineString","coordinates":[[121.0574698,14.6202737],[121.0574068,14.6203731],[121.0573719,14.6204082],[121.0573317,14.6204134],[121.0572598,14.6203835],[121.0571771,14.620349]]}},
{"type":"Feature","properties":{"osm_id":"780061969","name":"General MacArthur Avenue","highway":"unclassified","z_order":3,"other_tags":"\"lanes\"=>\"2\",\"lit\"=>\"yes\",\"maxspeed\"=>\"20\",\"oneway\"=>\"yes\",\"postal_code\"=>\"1109\",\"source:maxspeed\"=>\"sign\",\"surface\"=>\"asphalt\""},"geometry":{"type":"LineString","coordinates":[[121.0557616,14.6202878],[121.0558492,14.6203339],[121.0563799,14.620606]]}},
{"type":"Feature","properties":{"osm_id":"780061970","name":"Times Square Avenue","highway":"unclassified","z_order":3,"other_tags":"\"lanes\"=>\"2\",\"lit\"=>\"yes\",\"maxspeed\"=>\"20\",\"oneway\"=>\"yes\",\"postal_code\"=>\"1109\",\"source:maxspeed\"=>\"sign\",\"surface\"=>\"asphalt\",\"tree_lined\"=>\"left\""},"geometry":{"type":"LineString","coordinates":[[121.0556808,14.6202442],[121.0556918,14.6202125],[121.0560508,14.6194582],[121.0560921,14.6193728],[121.0561065,14.6193431],[121.0563785,14.6187829],[121.0564041,14.6187301],[121.0564855,14.6185624],[121.0565028,14.6185267]]}},
{"type":"Feature","properties":{"osm_id":"780061971","name":"Times Square Avenue","highway":"unclassified","z_order":3,"other_tags":"\"lanes\"=>\"1\",\"lit\"=>\"yes\",\"maxspeed\"=>\"20\",\"oneway\"=>\"yes\",\"postal_code\"=>\"1109\",\"sidewalk\"=>\"right\",\"source:maxspeed\"=>\"sign\",\"surface\"=>\"asphalt\",\"turn:lanes\"=>\"left;right\""},"geometry":{"type":"LineString","coordinates":[[121.0554672,14.6206159],[121.0555681,14.6205078],[121.0556067,14.6204371],[121.0556207,14.6204114],[121.0556539,14.6203261]]}},
{"type":"Feature","properties":{"osm_id":"786448563","highway":"service","z_order":0,"other_tags":"\"access\"=>\"destination\",\"oneway\"=>\"yes\",\"service\"=>\"driveway\""},"geometry":{"type":"LineString","coordinates":[[121.0610599,14.6251929],[121.060643,14.6250129]]}},
{"type":"Feature","properties":{"osm_id":"786448565","highway":"service","z_order":0,"other_tags":"\"access\"=>\"destination\",\"oneway\"=>\"no\",\"service\"=>\"driveway\""},"geometry":{"type":"LineString","coordinates":[[121.0606672,14.6249674],[121.060643,14.6250129]]}},
{"type":"Feature","properties":{"osm_id":"791596589","highway":"footway","z_order":0,"other_tags":"\"footway\"=>\"crossing\",\"mapillary\"=>\"514616322911074\",\"noname\"=>\"yes\""},"geometry":{"type":"LineString","coordinates":[[121.0556835,14.6202126],[121.0556555,14.620232],[121.055618,14.6203104],[121.055578,14.6203944]]}},
{"type":"Feature","properties":{"osm_id":"791596590","highway":"footway","z_order":0,"other_tags":"\"footway\"=>\"crossing\",\"mapillary\"=>\"514616322911074\",\"noname\"=>\"yes\""},"geometry":{"type":"LineString","coordinates":[[121.0558601,14.6203087],[121.0557708,14.6202599],[121.0556918,14.6202125],[121.0556835,14.6202126]]}},
{"type":"Feature","properties":{"osm_id":"791596591","highway":"footway","z_order":0,"other_tags":"\"footway\"=>\"crossing\",\"noname\"=>\"yes\",\"surface\"=>\"asphalt\""},"geometry":{"type":"LineString","coordinates":[[121.05578,14.6204847],[121.055815,14.6204113],[121.0558492,14.6203339],[121.0558601,14.6203087]]}},
{"type":"Feature","properties":{"osm_id":"791596592","highway":"footway","z_order":0,"other_tags":"\"footway\"=>\"crossing\",\"noname\"=>\"yes\""},"geometry":{"type":"LineString","coordinates":[[121.055578,14.6203944],[121.0556207,14.6204114],[121.0556988,14.6204484],[121.05578,14.6204847]]}},
{"type":"Feature","properties":{"osm_id":"791596593","name":"Times Square Avenue","highway":"unclassified","z_order":3,"other_tags":"\"lanes\"=>\"2\",\"lit\"=>\"yes\",\"maxspeed\"=>\"20\",\"oneway\"=>\"yes\",\"postal_code\"=>\"1109\",\"source:maxspeed\"=>\"sign\",\"surface\"=>\"asphalt\""},"geometry":{"type":"LineString","coordinates":[[121.0548127,14.6222699],[121.0547373,14.6223093]]}},
{"type":"Feature","properties":{"osm_id":"791596594","name":"Times Square Avenue","highway":"unclassified","z_order":3,"other_tags":"\"bicycle\"=>\"yes\",\"lanes\"=>\"3\",\"lit\"=>\"yes\",\"maxspeed\"=>\"20\",\"oneway\"=>\"yes\",\"postal_code\"=>\"1102\",\"source:maxspeed\"=>\"sign\",\"surface\"=>\"asphalt\""},"geometry":{"type":"LineString","coordinates":[[121.0546415,14.6223339],[121.0546864,14.6222872]]}},
{"type":"Feature","properties":{"osm_id":"791596595","name":"Times Square Avenue","highway":"unclassified","z_order":3,"other_tags":"\"lanes\"=>\"1\",\"lit\"=>\"yes\",\"maxspeed\"=>\"20\",\"oneway\"=>\"yes\",\"postal_code\"=>\"1109\",\"source:maxspeed\"=>\"sign\""},"geometry":{"type":"LineString","coordinates":[[121.054753,14.6222383],[121.0548281,14.622162],[121.0548447,14.6221342]]}},
{"type":"Feature","properties":{"osm_id":"791596596","name":"Times Square Avenue","highway":"unclassified","z_order":3,"other_tags":"\"lanes\"=>\"2\",\"lit\"=>\"yes\",\"maxspeed\"=>\"20\",\"oneway\"=>\"yes\",\"postal_code\"=>\"1109\",\"source:maxspeed\"=>\"sign\",\"surface\"=>\"concrete\""},"geometry":{"type":"LineString","coordinates":[[121.054913,14.6221464],[121.0548884,14.6221919],[121.0548127,14.6222699]]}},
{"type":"Feature","properties":{"osm_id":"791596597","name":"General Roxas Avenue","highway":"unclassified","z_order":3,"other_tags":"\"lanes\"=>\"2\",\"lit\"=>\"yes\",\"maxspeed\"=>\"20\",\"oneway\"=>\"yes\",\"postal_code\"=>\"1109\",\"source:maxspeed\"=>\"sign\",\"turn:lanes\"=>\"left;through|through\""},"geometry":{"type":"LineString","coordinates":[[121.054753,14.6222383],[121.0548127,14.6222699]]}},
{"type":"Feature","properties":{"osm_id":"791596598","name":"Times Square Avenue","highway":"unclassified","z_order":3,"other_tags":"\"foot\"=>\"no\",\"lanes\"=>\"2\",\"lit\"=>\"yes\",\"maxspeed\"=>\"20\",\"oneway\"=>\"yes\",\"postal_code\"=>\"1109\",\"source:maxspeed\"=>\"sign\",\"surface\"=>\"asphalt\""},"geometry":{"type":"LineString","coordinates":[[121.0557616,14.6202878],[121.0557345,14.6203629]]}},
{"type":"Feature","properties":{"osm_id":"791596599","name":"Times Square Avenue","highway":"unclassified","z_order":3,"other_tags":"\"lanes\"=>\"2\",\"lit\"=>\"yes\",\"maxspeed\"=>\"20\",\"oneway\"=>\"yes\",\"postal_code\"=>\"1109\",\"sidewalk\"=>\"right\",\"source:maxspeed\"=>\"sign\",\"surface\"=>\"concrete\""},"geometry":{"type":"LineString","coordinates":[[121.0557345,14.6203629],[121.0556988,14.6204484],[121.0556621,14.6205145],[121.0556379,14.6205457],[121.0555829,14.6206119],[121.0555548,14.6206456],[121.0554843,14.6207882],[121.05538,14.620999]]}},
{"type":"Feature","properties":{"osm_id":"791596600","name":"Times Square Avenue","highway":"unclassified","z_order":3,"other_tags":"\"lanes\"=>\"3\",\"lit\"=>\"yes\",\"maxspeed\"=>\"20\",\"oneway\"=>\"yes\",\"postal_code\"=>\"1109\",\"source:maxspeed\"=>\"sign\",\"surface\"=>\"concrete\",\"turn:lanes\"=>\"left|through|right\""},"geometry":{"type":"LineString","coordinates":[[121.0559106,14.6199623],[121.0557882,14.6202125],[121.0557708,14.6202599],[121.0557616,14.6202878]]}},
{"type":"Feature","properties":{"osm_id":"791616281","name":"Velante Drive","highway":"residential","z_order":3,"other_tags":"\"lit\"=>\"yes\",\"postal_code\"=>\"1109\""},"geometry":{"type":"LineString","coordinates":[[121.0581228,14.6204034],[121.0582142,14.6202757]]}},
{"type":"Feature","properties":{"osm_id":"791677489","name":"Ermin Garcia Street","highway":"tertiary","z_order":4,"other_tags":"\"bicycle\"=>\"yes\",\"designation\"=>\"national_tertiary_road\",\"lanes\"=>\"2\",\"lit\"=>\"yes\",\"maxspeed\"=>\"40\",\"maxspeed:type\"=>\"PH:urban\",\"name:etymology\"=>\"Ermin Erfe Garcia\",\"name:etymology:wikidata\"=>\"Q20119953\",\"old_name\"=>\"Minnesota Avenue\",\"oneway\"=>\"yes\",\"oneway:conditional\"=>\"yes @ (08:00-20:00)\",\"postal_code\"=>\"1102\",\"sidewalk\"=>\"both\",\"surface\"=>\"asphalt\""},"geometry":{"type":"LineString","coordinates":[[121.0560842,14.6287801],[121.0560341,14.6287564],[121.0554626,14.6284967]]}},
{"type":"Feature","properties":{"osm_id":"791677490","highway":"footway","z_order":0,"other_tags":"\"footway\"=>\"crossing\",\"noname\"=>\"yes\",\"surface\"=>\"concrete\""},"geometry":{"type":"LineString","coordinates":[[121.0560341,14.6287564],[121.056008,14.6288131],[121.0560352,14.628825]]}},
{"type":"Feature","properties":{"osm_id":"792917711","name":"Times Square Avenue","highway":"unclassified","z_order":3,"other_tags":"\"lanes\"=>\"2\",\"lit\"=>\"yes\",\"maxspeed\"=>\"20\",\"oneway\"=>\"yes\",\"postal_code\"=>\"1109\",\"sidewalk\"=>\"right\",\"source:maxspeed\"=>\"sign\",\"surface\"=>\"concrete\""},"geometry":{"type":"LineString","coordinates":[[121.0550857,14.6216326],[121.0550116,14.6218155],[121.0549982,14.6218854],[121.0549895,14.6219764],[121.054913,14.6221464]]}},
{"type":"Feature","properties":{"osm_id":"792917712","name":"Times Square Avenue","highway":"unclassified","z_order":3,"other_tags":"\"bus_bay\"=>\"right\",\"lanes\"=>\"2\",\"lit\"=>\"yes\",\"maxspeed\"=>\"20\",\"oneway\"=>\"yes\",\"postal_code\"=>\"1109\",\"sidewalk\"=>\"right\",\"source:maxspeed\"=>\"sign\",\"surface\"=>\"concrete\""},"geometry":{"type":"LineString","coordinates":[[121.05538,14.620999],[121.0552301,14.6213115]]}},
{"type":"Feature","properties":{"osm_id":"800958943","name":"Siniguelas Street","highway":"residential","z_order":3,"other_tags":"\"lane_markings\"=>\"no\",\"lanes\"=>\"2\",\"lit\"=>\"yes\",\"oneway\"=>\"yes\",\"postal_code\"=>\"1102\",\"sidewalk\"=>\"right\",\"surface\"=>\"concrete\""},"geometry":{"type":"LineString","coordinates":[[121.0631907,14.6331595],[121.0631525,14.6331033],[121.0631466,14.6330472],[121.0632454,14.6326608],[121.0632681,14.6324893],[121.0632736,14.6323336]]}},
{"type":"Feature","properties":{"osm_id":"800958944","name":"Aguho Street","highway":"residential","z_order":3,"other_tags":"\"lane_markings\"=>\"yes\",\"lanes\"=>\"2\",\"lit\"=>\"yes\",\"not:name\"=>\"Aguito\",\"oneway\"=>\"yes\",\"postal_code\"=>\"1102\",\"sidewalk\"=>\"both\",\"surface\"=>\"concrete\""},"geometry":{"type":"LineString","coordinates":[[121.0637899,14.6325913],[121.0638571,14.6323952],[121.0638719,14.6323214],[121.0638966,14.6322147]]}},
{"type":"Feature","properties":{"osm_id":"800958945","name":"Aguho Street","highway":"tertiary","z_order":4,"other_tags":"\"designation\"=>\"city_road\",\"lane_markings\"=>\"yes\",\"lanes\"=>\"2\",\"lit\"=>\"yes\",\"maxspeed\"=>\"30\",\"postal_code\"=>\"1102\",\"sidewalk\"=>\"both\",\"surface\"=>\"concrete\""},"geometry":{"type":"LineString","coordinates":[[121.0638631,14.6326458],[121.0637899,14.6325913]]}},
{"type":"Feature","properties":{"osm_id":"802750685","highway":"footway","z_order":0,"other_tags":"\"footway\"=>\"crossing\",\"mapillary\"=>\"283500786787992\",\"noname\"=>\"yes\""},"geometry":{"type":"LineString","coordinates":[[121.0619753,14.6273824],[121.0620431,14.6274153]]}},
{"type":"Feature","properties":{"osm_id":"802750686","highway":"footway","z_order":0,"other_tags":"\"footway\"=>\"crossing\",\"mapillary\"=>\"1703355009865684\",\"noname\"=>\"yes\""},"geometry":{"type":"LineString","coordinates":[[121.0620442,14.6272485],[121.0619928,14.6273436],[121.0619753,14.6273824]]}},
{"type":"Feature","properties":{"osm_id":"802750687","highway":"footway","z_order":0,"other_tags":"\"footway\"=>\"crossing\",\"mapillary\"=>\"302733971566427\",\"noname\"=>\"yes\""},"geometry":{"type":"LineString","coordinates":[[121.0604575,14.6265776],[121.0605036,14.6264871],[121.0605177,14.6264584],[121.06046,14.6264257]]}},
{"type":"Feature","properties":{"osm_id":"802762734","highway":"service","z_order":0},"geometry":{"type":"LineString","coordinates":[[121.0559135,14.6306492],[121.056112,14.6307284]]}},
{"type":"Feature","properties":{"osm_id":"802762738","name":"K-10th Street","highway":"residential","z_order":3,"other_tags":"\"lanes\"=>\"2\",\"lit\"=>\"yes\",\"oneway\"=>\"yes\",\"postal_code\"=>\"1102\",\"sidewalk\"=>\"both\",\"surface\"=>\"concrete\""},"geometry":{"type":"LineString","coordinates":[[121.0550524,14.6309472],[121.055982,14.6312232],[121.0567482,14.6314453],[121.0573039,14.6315895]]}},
{"type":"Feature","properties":{"osm_id":"802762739","name":"Bignay Street","highway":"residential","z_order":3,"other_tags":"\"lane_markings\"=>\"no\",\"lit\"=>\"yes\",\"oneway\"=>\"yes\",\"postal_code\"=>\"1102\",\"sidewalk\"=>\"both\",\"surface\"=>\"concrete\""},"geometry":{"type":"LineString","coordinates":[[121.0616509,14.634698],[121.0596963,14.6328274]]}},
{"type":"Feature","properties":{"osm_id":"802768178","name":"Durian Street","highway":"residential","z_order":3,"other_tags":"\"lit\"=>\"yes\",\"oneway\"=>\"yes\",\"postal_code\"=>\"1102\",\"sidewalk\"=>\"both\",\"surface\"=>\"asphalt\""},"geometry":{"type":"LineString","coordinates":[[121.0623791,14.6339772],[121.0623535,14.6339522],[121.0613181,14.6329409],[121.0604933,14.6321539],[121.060436,14.6320992]]}},
{"type":"Feature","properties":{"osm_id":"802793894","highway":"footway","z_order":0,"other_tags":"\"footway\"=>\"crossing\",\"noname\"=>\"yes\""},"geometry":{"type":"LineString","coordinates":[[121.0603364,14.632202],[121.0603941,14.6322518],[121.0604933,14.6321539]]}},
{"type":"Feature","properties":{"osm_id":"802793901","highway":"service","z_order":0,"other_tags":"\"access\"=>\"private\",\"service\"=>\"driveway\""},"geometry":{"type":"LineString","coordinates":[[121.0613218,14.63251],[121.0614669,14.6323645]]}},
{"type":"Feature","properties":{"osm_id":"802804065","name":"Alley 4","highway":"residential","z_order":3,"other_tags":"\"abutters\"=>\"residential\",\"motorcar\"=>\"no\",\"motorcycle\"=>\"destination\""},"geometry":{"type":"LineString","coordinates":[[121.0673985,14.6331919],[121.0674537,14.6327145],[121.0674627,14.6326449]]}},
{"type":"Feature","properties":{"osm_id":"802804066","name":"Tanguile Street","highway":"footway","z_order":0,"other_tags":"\"footway\"=>\"alley\",\"lanes\"=>\"1\""},"geometry":{"type":"LineString","coordinates":[[121.0684796,14.6329914],[121.0687573,14.6332481],[121.068835,14.6333343],[121.0689872,14.633345],[121.0691039,14.6333924],[121.0691673,14.6333937]]}},
{"type":"Feature","properties":{"osm_id":"802804067","name":"Tanguile Street","highway":"service","z_order":0,"other_tags":"\"abutters\"=>\"residential\",\"access\"=>\"private\",\"lanes\"=>\"1\",\"motorcycle\"=>\"destination\",\"service\"=>\"alley\""},"geometry":{"type":"LineString","coordinates":[[121.0680927,14.6328577],[121.0680892,14.6330134],[121.0680994,14.63303],[121.0681223,14.6330341],[121.0684796,14.6329914]]}},
{"type":"Feature","properties":{"osm_id":"802804068","name":"Narra Alley 3","highway":"residential","z_order":3,"other_tags":"\"abutters\"=>\"residential\",\"lanes\"=>\"1\",\"mapillary\"=>\"494295078685191\",\"motorcar\"=>\"no\",\"motorcycle\"=>\"destination\",\"surface\"=>\"concrete\""},"geometry":{"type":"LineString","coordinates":[[121.0677895,14.6333407],[121.0678744,14.6327804]]}},
{"type":"Feature","properties":{"osm_id":"802804069","name":"Banaba Street","highway":"residential","z_order":3,"other_tags":"\"lanes\"=>\"2\",\"lit\"=>\"yes\",\"oneway\"=>\"yes\",\"postal_code\"=>\"1102\",\"surface\"=>\"concrete\""},"geometry":{"type":"LineString","coordinates":[[121.0689929,14.6329382],[121.0694946,14.6329691]]}},
{"type":"Feature","properties":{"osm_id":"802813977","highway":"footway","z_order":0,"other_tags":"\"footway\"=>\"crossing\",\"mapillary\"=>\"332391064968527\",\"noname\"=>\"yes\""},"geometry":{"type":"LineString","coordinates":[[121.0692482,14.6294201],[121.0692971,14.6293081]]}},
{"type":"Feature","properties":{"osm_id":"802841897","name":"F. Salalilla Street","highway":"residential","z_order":3,"other_tags":"\"lit\"=>\"yes\",\"oneway\"=>\"yes\",\"postal_code\"=>\"1109\",\"sidewalk\"=>\"both\",\"surface\"=>\"concrete\""},"geometry":{"type":"LineString","coordinates":[[121.0673223,14.621973],[121.0675422,14.6219705],[121.0678282,14.6219635],[121.0679328,14.6219609]]}},
{"type":"Feature","properties":{"osm_id":"802841898","name":"Mascardo Street","highway":"service","z_order":0,"other_tags":"\"lanes\"=>\"2\",\"lit\"=>\"yes\",\"surface\"=>\"concrete\""},"geometry":{"type":"LineString","coordinates":[[121.0680539,14.6202064],[121.0684186,14.619952]]}},
{"type":"Feature","properties":{"osm_id":"802841902","highway":"service","z_order":0,"other_tags":"\"access\"=>\"destination\""},"geometry":{"type":"LineString","coordinates":[[121.0673202,14.6214606],[121.0673149,14.6214022],[121.0673075,14.621131],[121.0673578,14.6209869],[121.0674497,14.6208689],[121.0675147,14.6205853],[121.0678876,14.6202492],[121.0680539,14.6202064]]}},
{"type":"Feature","properties":{"osm_id":"802933741","highway":"footway","z_order":0,"other_tags":"\"footway\"=>\"crossing\",\"mapillary\"=>\"1566219023562385\",\"noname\"=>\"yes\",\"surface\"=>\"concrete\""},"geometry":{"type":"LineString","coordinates":[[121.0693057,14.6226814],[121.0693236,14.6226142],[121.0693335,14.6225593]]}},
{"type":"Feature","properties":{"osm_id":"803166446","highway":"footway","z_order":0,"other_tags":"\"footway\"=>\"crossing\",\"noname\"=>\"yes\""},"geometry":{"type":"LineString","coordinates":[[121.0674659,14.6226145],[121.0674545,14.6225549],[121.0674569,14.622491]]}},
{"type":"Feature","properties":{"osm_id":"803166447","highway":"footway","z_order":0,"other_tags":"\"footway\"=>\"crossing\",\"mapillary\"=>\"3848785628572357\",\"noname\"=>\"yes\""},"geometry":{"type":"LineString","coordinates":[[121.0674659,14.6226145],[121.0673398,14.6226398],[121.067261,14.6226209],[121.0672622,14.6225578],[121.0672632,14.6225096],[121.0673336,14.6224835],[121.0674569,14.622491]]}},
{"type":"Feature","properties":{"osm_id":"808050370","name":"Binay-Chico Street Alley","highway":"service","z_order":0,"other_tags":"\"lanes\"=>\"1\",\"service\"=>\"alley\",\"surface\"=>\"concrete\""},"geometry":{"type":"LineString","coordinates":[[121.0583798,14.6315579],[121.0587135,14.6312349],[121.0587525,14.6311973]]}},
{"type":"Feature","properties":{"osm_id":"816827201","name":"Aurora Boulevard","highway":"primary","z_order":7,"other_tags":"\"cycleway:right\"=>\"lane\",\"lane_markings\"=>\"yes\",\"lanes\"=>\"2\",\"lit\"=>\"yes\",\"maxspeed\"=>\"60\",\"maxspeed:bus\"=>\"50\",\"maxspeed:hgv\"=>\"50\",\"oneway\"=>\"yes\",\"ref\"=>\"59\",\"source:maxspeed\"=>\"sign\",\"surface\"=>\"asphalt\",\"wikidata\"=>\"Q4822499\""},"geometry":{"type":"LineString","coordinates":[[121.0601383,14.6264189],[121.0594875,14.6260942],[121.0588955,14.6258033],[121.0583217,14.6255088]]}},
{"type":"Feature","properties":{"osm_id":"816827211","name":"Aurora Boulevard","highway":"primary","z_order":7,"other_tags":"\"cycleway:right\"=>\"lane\",\"lanes\"=>\"3\",\"lit\"=>\"yes\",\"maxspeed\"=>\"60\",\"maxspeed:bus\"=>\"50\",\"maxspeed:hgv\"=>\"50\",\"oneway\"=>\"yes\",\"placement\"=>\"left_of:2\",\"ref\"=>\"59\",\"sidewalk\"=>\"right\",\"source:maxspeed\"=>\"sign\",\"surface\"=>\"asphalt\",\"width\"=>\"9.15\",\"wikidata\"=>\"Q4822499\""},"geometry":{"type":"LineString","coordinates":[[121.0541111,14.6233584],[121.0549827,14.623768]]}},
{"type":"Feature","properties":{"osm_id":"816827212","name":"Times Square Avenue","highway":"unclassified","z_order":3,"other_tags":"\"lanes\"=>\"2\",\"lit\"=>\"yes\",\"maxspeed\"=>\"20\",\"oneway\"=>\"yes\",\"postal_code\"=>\"1109\",\"sidewalk\"=>\"right\",\"source:maxspeed\"=>\"sign\",\"surface\"=>\"concrete\""},"geometry":{"type":"LineString","coordinates":[[121.0552301,14.6213115],[121.0550857,14.6216326]]}},
{"type":"Feature","properties":{"osm_id":"824295767","name":"K-J Street","highway":"tertiary","z_order":4,"other_tags":"\"bicycle\"=>\"yes\",\"cycleway\"=>\"lane\",\"cycleway:lane\"=>\"advisory\",\"designation\"=>\"city_road\",\"lane_markings\"=>\"yes\",\"lanes\"=>\"4\",\"lit\"=>\"yes\",\"maxspeed\"=>\"30\",\"postal_code\"=>\"1102\",\"sidewalk\"=>\"both\",\"surface\"=>\"asphalt\""},"geometry":{"type":"LineString","coordinates":[[121.0545128,14.6327008],[121.0543982,14.6331102],[121.05437,14.6332163]]}},
{"type":"Feature","properties":{"osm_id":"824295768","name":"K-6th Street","highway":"residential","z_order":3,"other_tags":"\"lanes\"=>\"2\",\"lit\"=>\"yes\",\"maxweight:hgv\"=>\"4.5\",\"oneway\"=>\"yes\",\"postal_code\"=>\"1102\",\"psv\"=>\"no\",\"sidewalk\"=>\"both\",\"surface\"=>\"concrete\",\"truck\"=>\"no\""},"geometry":{"type":"LineString","coordinates":[[121.0522349,14.6320419],[121.0545128,14.6327008]]}},
{"type":"Feature","properties":{"osm_id":"824295774","name":"Columbia Street","highway":"residential","z_order":3,"other_tags":"\"lanes\"=>\"2\",\"lit\"=>\"yes\",\"postal_code\"=>\"1102\",\"surface\"=>\"asphalt\""},"geometry":{"type":"LineString","coordinates":[[121.0544349,14.6260418],[121.0550137,14.6263143],[121.0556343,14.6265961],[121.056246,14.6268657]]}},
{"type":"Feature","properties":{"osm_id":"824295775","name":"Yale Street","highway":"tertiary","z_order":4,"other_tags":"\"lane_markings\"=>\"yes\",\"lanes\"=>\"2\",\"lit\"=>\"yes\",\"oneway\"=>\"yes\",\"postal_code\"=>\"1102\",\"sidewalk\"=>\"both\",\"surface\"=>\"concrete\""},"geometry":{"type":"LineString","coordinates":[[121.0553761,14.6240747],[121.0551721,14.6245012]]}},
{"type":"Feature","properties":{"osm_id":"824295776","name":"General Romulo Avenue","highway":"tertiary","z_order":4,"other_tags":"\"lanes\"=>\"2\",\"lit\"=>\"yes\",\"maxspeed\"=>\"20\",\"oneway\"=>\"yes\",\"postal_code\"=>\"1109\",\"source:maxspeed\"=>\"sign\""},"geometry":{"type":"LineString","coordinates":[[121.0567505,14.6209443],[121.0563803,14.6217847],[121.0562989,14.6219693],[121.0562019,14.6221882],[121.0560839,14.6224542],[121.0559734,14.6227034]]}},
{"type":"Feature","properties":{"osm_id":"834050734","name":"Times Square Avenue","highway":"tertiary","z_order":4,"other_tags":"\"hgv\"=>\"no\",\"lanes\"=>\"2\",\"lit\"=>\"yes\",\"maxspeed\"=>\"20\",\"oneway\"=>\"yes\",\"postal_code\"=>\"1102\",\"sidewalk\"=>\"no\",\"source:maxspeed\"=>\"sign\",\"surface\"=>\"asphalt\",\"tunnel\"=>\"building_passage\""},"geometry":{"type":"LineString","coordinates":[[121.0541097,14.6228918],[121.0539502,14.6231977]]}},
{"type":"Feature","properties":{"osm_id":"834050742","name":"Aurora Boulevard","highway":"primary","z_order":7,"other_tags":"\"cycleway:right\"=>\"lane\",\"lanes\"=>\"2\",\"lit\"=>\"yes\",\"maxspeed\"=>\"60\",\"maxspeed:bus\"=>\"50\",\"maxspeed:hgv\"=>\"50\",\"oneway\"=>\"yes\",\"ref\"=>\"59\",\"source:maxspeed\"=>\"sign\",\"surface\"=>\"asphalt\",\"wikidata\"=>\"Q4822499\""},"geometry":{"type":"LineString","coordinates":[[121.0571523,14.6249404],[121.0567172,14.6247261],[121.0565517,14.6246446]]}},
{"type":"Feature","properties":{"osm_id":"838907132","name":"General MacArthur Avenue","highway":"unclassified","z_order":3,"other_tags":"\"lanes\"=>\"2\",\"lit\"=>\"yes\",\"maxspeed\"=>\"20\",\"oneway\"=>\"yes\",\"postal_code\"=>\"1109\",\"source:maxspeed\"=>\"sign\",\"surface\"=>\"asphalt\""},"geometry":{"type":"LineString","coordinates":[[121.0566384,14.6208172],[121.0565746,14.6207857],[121.0561938,14.6205981],[121.0558484,14.6204278],[121.055815,14.6204113],[121.0557345,14.6203629]]}},
{"type":"Feature","properties":{"osm_id":"839789686","name":"General Malvar Avenue","highway":"unclassified","z_order":3,"other_tags":"\"lanes\"=>\"2\",\"lanes:backward\"=>\"1\",\"lanes:forward\"=>\"1\",\"lit\"=>\"yes\",\"maxspeed\"=>\"20\",\"postal_code\"=>\"1109\",\"source:maxspeed\"=>\"sign\",\"surface\"=>\"asphalt\""},"geometry":{"type":"LineString","coordinates":[[121.0550637,14.6232825],[121.0541337,14.6228529]]}},
{"type":"Feature","properties":{"osm_id":"839789717","name":"New York Avenue","highway":"tertiary","z_order":4,"other_tags":"\"designation\"=>\"city_road\",\"lane_markings\"=>\"yes\",\"lanes\"=>\"2\",\"lit\"=>\"yes\",\"maxspeed\"=>\"30\",\"postal_code\"=>\"1102\",\"sidewalk\"=>\"both\",\"surface\"=>\"concrete\""},"geometry":{"type":"LineString","coordinates":[[121.0534988,14.6279764],[121.05409,14.6282411],[121.0547362,14.6285066]]}},
{"type":"Feature","properties":{"osm_id":"839789724","name":"Aurora Boulevard","highway":"primary","z_order":7,"other_tags":"\"cycleway:right\"=>\"lane\",\"lane_markings\"=>\"yes\",\"lanes\"=>\"2\",\"lit\"=>\"yes\",\"maxspeed\"=>\"60\",\"maxspeed:bus\"=>\"50\",\"maxspeed:hgv\"=>\"50\",\"oneway\"=>\"yes\",\"placement\"=>\"left_of:2\",\"ref\"=>\"59\",\"sidewalk\"=>\"right\",\"source:maxspeed\"=>\"sign\",\"surface\"=>\"asphalt\",\"wikidata\"=>\"Q4822499\""},"geometry":{"type":"LineString","coordinates":[[121.0554417,14.6239879],[121.0560089,14.6242553]]}},
{"type":"Feature","properties":{"osm_id":"839789725","name":"Aurora Boulevard","highway":"primary","z_order":7,"other_tags":"\"cycleway:right\"=>\"lane\",\"lanes\"=>\"3\",\"lit\"=>\"yes\",\"maxspeed\"=>\"60\",\"maxspeed:bus\"=>\"50\",\"maxspeed:hgv\"=>\"50\",\"oneway\"=>\"yes\",\"placement\"=>\"left_of:2\",\"ref\"=>\"59\",\"sidewalk\"=>\"right\",\"source:maxspeed\"=>\"sign\",\"surface\"=>\"asphalt\",\"turn:lanes\"=>\"left|through|through;right\",\"width\"=>\"9.15\",\"wikidata\"=>\"Q4822499\""},"geometry":{"type":"LineString","coordinates":[[121.0549827,14.623768],[121.0553812,14.6239589],[121.0554417,14.6239879]]}},
{"type":"Feature","properties":{"osm_id":"855657385","name":"General Romulo Avenue","highway":"tertiary","z_order":4,"other_tags":"\"lanes\"=>\"2\",\"lit\"=>\"yes\",\"maxspeed\"=>\"20\",\"oneway\"=>\"yes\",\"postal_code\"=>\"1109\",\"source:maxspeed\"=>\"sign\""},"geometry":{"type":"LineString","coordinates":[[121.0559117,14.6228471],[121.0558958,14.6228849],[121.0558809,14.6229189],[121.0557386,14.6232506]]}},
{"type":"Feature","properties":{"osm_id":"855760435","name":"Times Square Avenue","highway":"unclassified","z_order":3,"other_tags":"\"foot\"=>\"no\",\"lanes\"=>\"1\",\"lit\"=>\"yes\",\"maxspeed\"=>\"20\",\"oneway\"=>\"yes\",\"postal_code\"=>\"1109\",\"source:maxspeed\"=>\"sign\""},"geometry":{"type":"LineString","coordinates":[[121.0556539,14.6203261],[121.0556808,14.6202442]]}},
{"type":"Feature","properties":{"osm_id":"855760436","name":"General MacArthur Avenue","highway":"unclassified","z_order":3,"other_tags":"\"foot\"=>\"no\",\"lanes\"=>\"2\",\"lit\"=>\"yes\",\"maxspeed\"=>\"20\",\"oneway\"=>\"yes\",\"postal_code\"=>\"1109\",\"source:maxspeed\"=>\"sign\",\"surface\"=>\"asphalt\""},"geometry":{"type":"LineString","coordinates":[[121.0556808,14.6202442],[121.0557616,14.6202878]]}},
{"type":"Feature","properties":{"osm_id":"855760437","name":"General MacArthur Avenue","highway":"unclassified","z_order":3,"other_tags":"\"foot\"=>\"no\",\"lanes\"=>\"2\",\"lit\"=>\"yes\",\"maxspeed\"=>\"20\",\"oneway\"=>\"yes\",\"postal_code\"=>\"1109\",\"source:maxspeed\"=>\"sign\",\"surface\"=>\"asphalt\""},"geometry":{"type":"LineString","coordinates":[[121.0557345,14.6203629],[121.0556539,14.6203261]]}},
{"type":"Feature","properties":{"osm_id":"855760439","name":"General Aguinaldo Avenue","highway":"tertiary","z_order":4,"other_tags":"\"foot\"=>\"no\",\"lane_markings\"=>\"yes\",\"lanes\"=>\"3\",\"lit\"=>\"yes\",\"maxspeed\"=>\"20\",\"oneway\"=>\"yes\",\"postal_code\"=>\"1109\",\"short_name\"=>\"Gen. Aguinaldo\",\"sidewalk:right\"=>\"yes\",\"source:maxspeed\"=>\"sign\",\"surface\"=>\"asphalt\",\"tree_lined\"=>\"left\",\"turn:lanes\"=>\"left|through|right\""},"geometry":{"type":"LineString","coordinates":[[121.0542539,14.62081],[121.0538563,14.621631],[121.0538396,14.6216634],[121.0538069,14.6217271]]}},
{"type":"Feature","properties":{"osm_id":"855760442","name":"General Aguinaldo Avenue","highway":"tertiary","z_order":4,"other_tags":"\"bicycle\"=>\"yes\",\"lane_markings\"=>\"yes\",\"lanes\"=>\"2\",\"lit\"=>\"yes\",\"maxspeed\"=>\"20\",\"motor_vehicle:conditional\"=>\"no @ (Su 05:00-09:00)\",\"oneway\"=>\"yes\",\"postal_code\"=>\"1109\",\"short_name\"=>\"Gen. Aguinaldo\",\"sidewalk:right\"=>\"yes\",\"source:maxspeed\"=>\"sign\",\"tree_lined\"=>\"left\""},"geometry":{"type":"LineString","coordinates":[[121.0537235,14.6216837],[121.0537528,14.6216236],[121.0538576,14.6214085],[121.0539972,14.6211301],[121.0541624,14.6208284],[121.054191,14.6207762],[121.0542317,14.6207024],[121.0543233,14.620536],[121.0544269,14.6203479],[121.0544502,14.6203055]]}},
{"type":"Feature","properties":{"osm_id":"855760466","name":"General Romulo Avenue","highway":"tertiary","z_order":4,"other_tags":"\"lanes\"=>\"4\",\"lit\"=>\"yes\",\"maxspeed\"=>\"20\",\"oneway\"=>\"yes\",\"postal_code\"=>\"1109\",\"source:maxspeed\"=>\"sign\",\"turn:lanes:forward\"=>\"left|through\""},"geometry":{"type":"LineString","coordinates":[[121.0559683,14.6227164],[121.055947,14.6227617],[121.0559332,14.6227969]]}},
{"type":"Feature","properties":{"osm_id":"855760467","name":"General Romulo Avenue","highway":"tertiary","z_order":4,"other_tags":"\"lanes\"=>\"2\",\"lit\"=>\"yes\",\"maxspeed\"=>\"20\",\"oneway\"=>\"yes\",\"postal_code\"=>\"1109\",\"source:maxspeed\"=>\"sign\",\"turn:lanes:backward\"=>\"through\",\"turn:lanes:forward\"=>\"left;through|through|right\""},"geometry":{"type":"LineString","coordinates":[[121.0556153,14.6235384],[121.0554794,14.6238903],[121.0554417,14.6239879]]}},
{"type":"Feature","properties":{"osm_id":"855760468","name":"General Romulo Avenue","highway":"tertiary","z_order":4,"other_tags":"\"lanes\"=>\"2\",\"lit\"=>\"yes\",\"maxspeed\"=>\"20\",\"oneway\"=>\"yes\",\"postal_code\"=>\"1109\",\"source:maxspeed\"=>\"sign\""},"geometry":{"type":"LineString","coordinates":[[121.0557386,14.6232506],[121.0556153,14.6235384]]}},
{"type":"Feature","properties":{"osm_id":"855760472","name":"General Roxas Avenue","highway":"unclassified","z_order":3,"other_tags":"\"lanes\"=>\"2\",\"lit\"=>\"yes\",\"maxspeed\"=>\"20\",\"oneway\"=>\"yes\",\"postal_code\"=>\"1109\",\"sidewalk:right\"=>\"yes\",\"source:maxspeed\"=>\"sign\",\"surface\"=>\"asphalt\""},"geometry":{"type":"LineString","coordinates":[[121.0538069,14.6217271],[121.053877,14.6217702],[121.053921,14.6217942],[121.0545439,14.6221236]]}},
{"type":"Feature","properties":{"osm_id":"883266546","name":"Ermin Garcia Street","highway":"tertiary","z_order":4,"other_tags":"\"bicycle\"=>\"yes\",\"designation\"=>\"national_tertiary_road\",\"lanes\"=>\"2\",\"lit\"=>\"yes\",\"maxspeed\"=>\"40\",\"maxspeed:type\"=>\"PH:urban\",\"name:etymology\"=>\"Ermin Erfe Garcia\",\"name:etymology:wikidata\"=>\"Q20119953\",\"old_name\"=>\"Minnesota Avenue\",\"oneway\"=>\"yes\",\"postal_code\"=>\"1102\",\"sidewalk\"=>\"both\",\"surface\"=>\"asphalt\""},"geometry":{"type":"LineString","coordinates":[[121.0571481,14.6279924],[121.057075,14.6281332],[121.0566751,14.6289471],[121.0566558,14.6289707],[121.0566243,14.6289837],[121.0565874,14.6289889],[121.056547,14.6289791],[121.0561403,14.6288022],[121.0560842,14.6287801]]}},
{"type":"Feature","properties":{"osm_id":"883266549","name":"Anonas Street","highway":"secondary","z_order":6,"other_tags":"\"designation\"=>\"city_road\",\"foot\"=>\"no\",\"lane_markings\"=>\"yes\",\"lanes\"=>\"2\",\"lit\"=>\"yes\",\"maxspeed\"=>\"30\",\"oneway\"=>\"yes\",\"postal_code\"=>\"1102\",\"surface\"=>\"asphalt\""},"geometry":{"type":"LineString","coordinates":[[121.0632222,14.6277985],[121.0632396,14.6277159]]}},
{"type":"Feature","properties":{"osm_id":"883266550","name":"Aurora Boulevard","highway":"primary","z_order":7,"other_tags":"\"cycleway:right\"=>\"lane\",\"lane_markings\"=>\"yes\",\"lanes\"=>\"2\",\"lit\"=>\"yes\",\"maxspeed\"=>\"60\",\"maxspeed:bus\"=>\"50\",\"maxspeed:hgv\"=>\"50\",\"oneway\"=>\"yes\",\"ref\"=>\"59\",\"sidewalk\"=>\"right\",\"source:maxspeed\"=>\"sign\",\"surface\"=>\"asphalt\",\"wikidata\"=>\"Q4822499\""},"geometry":{"type":"LineString","coordinates":[[121.062534,14.6275838],[121.0624972,14.6275675],[121.0623588,14.627506],[121.0620623,14.6273771],[121.0619928,14.6273436],[121.0614077,14.6270521],[121.0613199,14.6270084],[121.0611995,14.6269517],[121.0607084,14.6267164],[121.0604575,14.6265776],[121.0603954,14.6265444]]}},
{"type":"Feature","properties":{"osm_id":"883266551","name":"Aurora Boulevard","highway":"primary","z_order":7,"other_tags":"\"cycleway:right\"=>\"lane\",\"lane_markings\"=>\"yes\",\"lanes\"=>\"2\",\"lit\"=>\"yes\",\"maxspeed\"=>\"60\",\"maxspeed:bus\"=>\"50\",\"maxspeed:hgv\"=>\"50\",\"oneway\"=>\"yes\",\"ref\"=>\"59\",\"sidewalk\"=>\"right\",\"source:maxspeed\"=>\"sign\",\"surface\"=>\"asphalt\",\"wikidata\"=>\"Q4822499\""},"geometry":{"type":"LineString","coordinates":[[121.0604418,14.6264571],[121.0605036,14.6264871],[121.0605115,14.6264905],[121.0608529,14.6266587],[121.0612432,14.6268597],[121.0613666,14.6269233],[121.0614448,14.6269592],[121.0615173,14.6269954],[121.0620442,14.6272485],[121.0621187,14.6272812],[121.0623639,14.6274017],[121.0624073,14.6274199],[121.0625685,14.6275003]]}},
{"type":"Feature","properties":{"osm_id":"891845359","name":"Tanguile Street","highway":"service","z_order":0,"other_tags":"\"abutters\"=>\"residential\",\"lanes\"=>\"1\",\"motorcycle\"=>\"destination\",\"service\"=>\"alley\""},"geometry":{"type":"LineString","coordinates":[[121.0680919,14.6327993],[121.0680927,14.6328577]]}},
{"type":"Feature","properties":{"osm_id":"894526385","highway":"service","z_order":0,"other_tags":"\"access\"=>\"private\""},"geometry":{"type":"LineString","coordinates":[[121.0678206,14.6283243],[121.0678726,14.6283457],[121.0679465,14.6283721],[121.0681021,14.6284277]]}},
{"type":"Feature","properties":{"osm_id":"894526386","highway":"service","z_order":0,"other_tags":"\"access\"=>\"private\""},"geometry":{"type":"LineString","coordinates":[[121.0677646,14.6284816],[121.0678206,14.6283243],[121.067896,14.6280637]]}},
{"type":"Feature","properties":{"osm_id":"894526387","highway":"service","z_order":0},"geometry":{"type":"LineString","coordinates":[[121.0677246,14.6285906],[121.067755,14.6285052]]}},
{"type":"Feature","properties":{"osm_id":"894808384","name":"Supa Street","highway":"service","z_order":0,"other_tags":"\"service\"=>\"alley\""},"geometry":{"type":"LineString","coordinates":[[121.0689635,14.6302191],[121.0693088,14.6295292]]}},
{"type":"Feature","properties":{"osm_id":"894810723","name":"Callejon","highway":"service","z_order":0,"other_tags":"\"service\"=>\"alley\""},"geometry":{"type":"LineString","coordinates":[[121.0692131,14.6319194],[121.0691267,14.6318765],[121.0686906,14.6316685]]}},
{"type":"Feature","properties":{"osm_id":"894811289","highway":"service","z_order":0,"other_tags":"\"service\"=>\"alley\""},"geometry":{"type":"LineString","coordinates":[[121.0624331,14.6315689],[121.0628833,14.6313492]]}},
{"type":"Feature","properties":{"osm_id":"894812295","name":"Palosapis Alley 1","highway":"residential","z_order":3,"other_tags":"\"lanes\"=>\"1\",\"sidewalk\"=>\"no\""},"geometry":{"type":"LineString","coordinates":[[121.0665196,14.6328065],[121.0669595,14.6329532]]}},
{"type":"Feature","properties":{"osm_id":"894812929","name":"Kamagong Street","highway":"residential","z_order":3,"other_tags":"\"lanes\"=>\"1\",\"lit\"=>\"yes\",\"postal_code\"=>\"1102\",\"sidewalk\"=>\"both\""},"geometry":{"type":"LineString","coordinates":[[121.0667074,14.6297315],[121.0666888,14.6297953],[121.0666939,14.6298538],[121.0667109,14.6299502],[121.0668864,14.6304059],[121.0668857,14.6304267],[121.0668793,14.6304416]]}},
{"type":"Feature","properties":{"osm_id":"894847508","name":"Batino Alley 2","highway":"footway","z_order":0},"geometry":{"type":"LineString","coordinates":[[121.07021,14.6317336],[121.0695837,14.6317324]]}},
{"type":"Feature","properties":{"osm_id":"894850156","highway":"service","z_order":0,"other_tags":"\"access\"=>\"private\",\"service\"=>\"driveway\""},"geometry":{"type":"LineString","coordinates":[[121.0630522,14.6233746],[121.0627645,14.6233585],[121.0627437,14.6233604],[121.0627263,14.623363],[121.0627082,14.6233682],[121.0626961,14.6233824],[121.06267,14.6234512]]}},
{"type":"Feature","properties":{"osm_id":"894850174","highway":"service","z_order":0,"other_tags":"\"access\"=>\"private\",\"service\"=>\"driveway\""},"geometry":{"type":"LineString","coordinates":[[121.0671868,14.6305279],[121.0671868,14.6306265],[121.0671821,14.6307167],[121.0671499,14.6307796],[121.067107,14.6308555],[121.0670929,14.6309853],[121.067101,14.6310242],[121.0671164,14.6310554],[121.0672981,14.6311579],[121.0674819,14.6312156],[121.0675013,14.631213],[121.0675201,14.6312007],[121.0676082,14.6310139],[121.0676344,14.6309733],[121.0676582,14.6309412],[121.0677001,14.630905],[121.0677722,14.6308614],[121.0678609,14.6307861],[121.0679296,14.6307058],[121.0679563,14.6306553],[121.0680108,14.6305595]]}},
{"type":"Feature","properties":{"osm_id":"894851025","highway":"service","z_order":0},"geometry":{"type":"LineString","coordinates":[[121.0634833,14.6225799],[121.0635896,14.6226255]]}},
{"type":"Feature","properties":{"osm_id":"894851179","highway":"service","z_order":0,"other_tags":"\"access\"=>\"private\""},"geometry":{"type":"LineString","coordinates":[[121.0649961,14.6208779],[121.0650562,14.620737],[121.0650921,14.6206528],[121.0651503,14.6205315]]}},
{"type":"Feature","properties":{"osm_id":"894851700","name":"Batino Alley 1","highway":"footway","z_order":0,"other_tags":"\"footway\"=>\"alley\",\"mapillary\"=>\"407653014507083\",\"source:name\"=>\"extrapolation\""},"geometry":{"type":"LineString","coordinates":[[121.0700145,14.6321369],[121.0699361,14.632124],[121.0694321,14.6321286],[121.0694302,14.6320224]]}},
{"type":"Feature","properties":{"osm_id":"894888894","highway":"footway","z_order":0,"other_tags":"\"footway\"=>\"alley\",\"mapillary\"=>\"532763538457733\""},"geometry":{"type":"LineString","coordinates":[[121.0695249,14.6313007],[121.0700186,14.631311]]}},
{"type":"Feature","properties":{"osm_id":"894893780","highway":"service","z_order":0,"other_tags":"\"access\"=>\"destination\",\"service\"=>\"driveway\""},"geometry":{"type":"LineString","coordinates":[[121.0624073,14.6274199],[121.0626049,14.6270302],[121.0627645,14.6267219]]}},
{"type":"Feature","properties":{"osm_id":"894893994","name":"Talisay Street","highway":"service","z_order":0,"other_tags":"\"lanes\"=>\"1\",\"service\"=>\"alley\",\"sidewalk\"=>\"no\",\"surface\"=>\"asphalt\""},"geometry":{"type":"LineString","coordinates":[[121.0688961,14.6323633],[121.0689973,14.632462],[121.0690121,14.6324737],[121.0690362,14.6324873],[121.0690617,14.6324977],[121.0690972,14.6325022],[121.0695049,14.6325048]]}},
{"type":"Feature","properties":{"osm_id":"894894574","highway":"service","z_order":0},"geometry":{"type":"LineString","coordinates":[[121.0659892,14.6280532],[121.0661602,14.6280786],[121.0661857,14.6280799],[121.0662138,14.6280734],[121.0662433,14.628063],[121.0662947,14.6280438],[121.0664013,14.6280041]]}},
{"type":"Feature","properties":{"osm_id":"894895211","highway":"service","z_order":0,"other_tags":"\"oneway\"=>\"yes\""},"geometry":{"type":"LineString","coordinates":[[121.0635545,14.6277691],[121.0635146,14.627484],[121.0634981,14.6273662],[121.0634927,14.6273403],[121.063482,14.6273234],[121.0634632,14.6273143],[121.0634391,14.6273104],[121.0632567,14.6273403],[121.0628785,14.6274259],[121.0628195,14.6274648],[121.0627342,14.6275618]]}},
{"type":"Feature","properties":{"osm_id":"894899779","highway":"service","z_order":0,"other_tags":"\"access\"=>\"private\",\"service\"=>\"driveway\""},"geometry":{"type":"LineString","coordinates":[[121.0625352,14.6244725],[121.0617506,14.623969]]}},
{"type":"Feature","properties":{"osm_id":"894900911","highway":"service","z_order":0,"other_tags":"\"access\"=>\"private\",\"surface\"=>\"asphalt\""},"geometry":{"type":"LineString","coordinates":[[121.0625526,14.6241364],[121.0619277,14.6236303]]}},
{"type":"Feature","properties":{"osm_id":"894914133","highway":"service","z_order":0,"other_tags":"\"access\"=>\"private\",\"lanes\"=>\"1\",\"service\"=>\"driveway\""},"geometry":{"type":"LineString","coordinates":[[121.0557103,14.6296994],[121.0559687,14.6298541],[121.0561375,14.6299767]]}},
{"type":"Feature","properties":{"osm_id":"894914951","name":"Chico Street","highway":"residential","z_order":3,"other_tags":"\"postal_code\"=>\"1102\""},"geometry":{"type":"LineString","coordinates":[[121.0569589,14.6294846],[121.0571971,14.6296758]]}},
{"type":"Feature","properties":{"osm_id":"894918272","highway":"service","z_order":0,"other_tags":"\"service\"=>\"driveway\""},"geometry":{"type":"LineString","coordinates":[[121.0554694,14.6299465],[121.0553931,14.6299074]]}},
{"type":"Feature","properties":{"osm_id":"900241513","highway":"service","z_order":0,"other_tags":"\"lanes\"=>\"1\",\"oneway\"=>\"yes\",\"surface\"=>\"concrete\""},"geometry":{"type":"LineString","coordinates":[[121.0549528,14.6198873],[121.0550059,14.6198735],[121.0555232,14.6201227],[121.0555352,14.6201729]]}},
{"type":"Feature","properties":{"osm_id":"900276068","name":"General Aguinaldo Avenue","highway":"tertiary","z_order":4,"other_tags":"\"lane_markings\"=>\"yes\",\"lanes\"=>\"2\",\"lit\"=>\"yes\",\"maxspeed\"=>\"20\",\"oneway\"=>\"yes\",\"postal_code\"=>\"1109\",\"short_name\"=>\"Gen. Aguinaldo\",\"sidewalk:right\"=>\"yes\",\"source:maxspeed\"=>\"sign\""},"geometry":{"type":"LineString","coordinates":[[121.05471,14.6198725],[121.0546831,14.6199646],[121.0544805,14.6203978],[121.0542945,14.6207362],[121.0542539,14.62081]]}},
{"type":"Feature","properties":{"osm_id":"900276069","name":"General Aguinaldo Avenue","highway":"tertiary","z_order":4,"other_tags":"\"bicycle\"=>\"yes\",\"lanes\"=>\"3\",\"lit\"=>\"yes\",\"maxspeed\"=>\"20\",\"motor_vehicle:conditional\"=>\"no @ (Su 05:00-09:00)\",\"oneway\"=>\"yes\",\"postal_code\"=>\"1109\",\"short_name\"=>\"Gen. Aguinaldo\",\"source:maxspeed\"=>\"sign\",\"surface\"=>\"concrete\",\"turn:lanes\"=>\"left|through|right\""},"geometry":{"type":"LineString","coordinates":[[121.0544502,14.6203055],[121.0546126,14.61993],[121.0546393,14.6198345]]}},
{"type":"Feature","properties":{"osm_id":"900280640","name":"General MacArthur Avenue","highway":"unclassified","z_order":3,"other_tags":"\"lane_markings\"=>\"yes\",\"lanes\"=>\"3\",\"lit\"=>\"yes\",\"maxspeed\"=>\"20\",\"oneway\"=>\"yes\",\"postal_code\"=>\"1109\",\"source:maxspeed\"=>\"sign\",\"surface\"=>\"asphalt\",\"turn:lanes\"=>\"left|through|right\""},"geometry":{"type":"LineString","coordinates":[[121.0550409,14.6200322],[121.054787,14.6199098],[121.05471,14.6198725]]}},
{"type":"Feature","properties":{"osm_id":"900280641","highway":"footway","z_order":0,"other_tags":"\"crossing\"=>\"unmarked\",\"footway\"=>\"crossing\",\"surface\"=>\"asphalt\""},"geometry":{"type":"LineString","coordinates":[[121.0548281,14.622162],[121.0548884,14.6221919]]}},
{"type":"Feature","properties":{"osm_id":"900294253","name":"General Roxas Avenue","highway":"unclassified","z_order":3,"other_tags":"\"lanes\"=>\"2\",\"lit\"=>\"yes\",\"maxspeed\"=>\"20\",\"oneway\"=>\"yes\",\"postal_code\"=>\"1109\",\"source:maxspeed\"=>\"sign\",\"surface\"=>\"asphalt\",\"turn:lanes\"=>\"left;through|through;right\""},"geometry":{"type":"LineString","coordinates":[[121.0545439,14.6221236],[121.0546857,14.6222029],[121.054753,14.6222383]]}},
{"type":"Feature","properties":{"osm_id":"900294254","highway":"footway","z_order":0,"other_tags":"\"crossing\"=>\"uncontrolled\",\"footway\"=>\"crossing\",\"mapillary\"=>\"1379826082382233\",\"surface\"=>\"asphalt\""},"geometry":{"type":"LineString","coordinates":[[121.0546857,14.6222029],[121.0546287,14.6222587]]}},
{"type":"Feature","properties":{"osm_id":"900654881","highway":"service","z_order":0},"geometry":{"type":"LineString","coordinates":[[121.0646806,14.6269204],[121.0646904,14.6270548],[121.0646826,14.6270826],[121.0646421,14.6270976],[121.0641166,14.6271378]]}},
{"type":"Feature","properties":{"osm_id":"900654882","highway":"service","z_order":0},"geometry":{"type":"LineString","coordinates":[[121.0641166,14.6271378],[121.0640998,14.6269813]]}},
{"type":"Feature","properties":{"osm_id":"900654883","highway":"service","z_order":0},"geometry":{"type":"LineString","coordinates":[[121.0641879,14.6278749],[121.0641609,14.6275551],[121.0641466,14.6273305],[121.0641364,14.6272482],[121.0641166,14.6271378]]}},
{"type":"Feature","properties":{"osm_id":"900654884","highway":"service","z_order":0,"other_tags":"\"access\"=>\"destination\",\"service\"=>\"driveway\""},"geometry":{"type":"LineString","coordinates":[[121.0686382,14.6287469],[121.0687271,14.6284756]]}},
{"type":"Feature","properties":{"osm_id":"900654885","highway":"service","z_order":0,"other_tags":"\"service\"=>\"driveway\""},"geometry":{"type":"LineString","coordinates":[[121.06856,14.6289714],[121.0685959,14.6288684]]}},
{"type":"Feature","properties":{"osm_id":"900699270","highway":"service","z_order":0,"other_tags":"\"oneway\"=>\"yes\",\"service\"=>\"parking_aisle\""},"geometry":{"type":"LineString","coordinates":[[121.0630409,14.6210341],[121.0640909,14.6214813],[121.0646193,14.6217016],[121.0646859,14.6217518],[121.0647528,14.6219005]]}},
{"type":"Feature","properties":{"osm_id":"901141260","name":"Bignay Street","highway":"residential","z_order":3,"other_tags":"\"lit\"=>\"yes\",\"postal_code\"=>\"1102\",\"surface\"=>\"concrete\""},"geometry":{"type":"LineString","coordinates":[[121.0564246,14.6296639],[121.0568249,14.6300255]]}},
{"type":"Feature","properties":{"osm_id":"901944844","highway":"service","z_order":0,"other_tags":"\"access\"=>\"private\""},"geometry":{"type":"LineString","coordinates":[[121.0617038,14.6235563],[121.0615737,14.6234898]]}},
{"type":"Feature","properties":{"osm_id":"902556517","name":"E. Evangelista Street","highway":"residential","z_order":3,"other_tags":"\"postal_code\"=>\"1109\""},"geometry":{"type":"LineString","coordinates":[[121.0637336,14.6244166],[121.0638475,14.6241938],[121.0641657,14.6234985],[121.0646354,14.6224819],[121.0646621,14.6224737]]}},
{"type":"Feature","properties":{"osm_id":"902596691","highway":"service","z_order":0},"geometry":{"type":"LineString","coordinates":[[121.069676,14.6294778],[121.0696983,14.6294171],[121.069777,14.6292582],[121.0697792,14.6292355],[121.0697705,14.6292205],[121.0696404,14.6291531],[121.0696132,14.6291615],[121.0696008,14.6291875]]}},
{"type":"Feature","properties":{"osm_id":"902624292","name":"Monterey Street","highway":"residential","z_order":3,"other_tags":"\"postal_code\"=>\"1109\""},"geometry":{"type":"LineString","coordinates":[[121.0588049,14.6233536],[121.0589434,14.6234217]]}},
{"type":"Feature","properties":{"osm_id":"903326132","name":"Dap Dap Street","highway":"service","z_order":0,"other_tags":"\"alt_name\"=>\"Dapdap Street\",\"lanes\"=>\"1\",\"lit\"=>\"yes\",\"service\"=>\"alley\",\"sidewalk\"=>\"no\",\"surface\"=>\"concrete\""},"geometry":{"type":"LineString","coordinates":[[121.06507,14.628967],[121.0652098,14.6281329]]}},
{"type":"Feature","properties":{"osm_id":"914768294","highway":"service","z_order":0,"other_tags":"\"service\"=>\"alley\""},"geometry":{"type":"LineString","coordinates":[[121.062018,14.6318138],[121.061603,14.63201]]}},
{"type":"Feature","properties":{"osm_id":"915513098","highway":"service","z_order":0,"other_tags":"\"access\"=>\"private\",\"service\"=>\"parking_aisle\""},"geometry":{"type":"LineString","coordinates":[[121.0617402,14.6242696],[121.0617075,14.6243149],[121.0615813,14.6245641]]}},
{"type":"Feature","properties":{"osm_id":"915513099","highway":"service","z_order":0},"geometry":{"type":"LineString","coordinates":[[121.0596702,14.6231635],[121.0596853,14.6231242]]}},
{"type":"Feature","properties":{"osm_id":"915529358","highway":"service","z_order":0,"other_tags":"\"access\"=>\"permissive\""},"geometry":{"type":"LineString","coordinates":[[121.0627981,14.6215625],[121.0626639,14.621519],[121.0625982,14.6214904],[121.062566,14.6214632],[121.0625607,14.6214139],[121.0625795,14.6213321],[121.0626197,14.6212218],[121.0626662,14.6210898]]}},
{"type":"Feature","properties":{"osm_id":"919044379","name":"Aurora Boulevard","highway":"primary","z_order":7,"other_tags":"\"cycleway:right\"=>\"lane\",\"lanes\"=>\"2\",\"lit\"=>\"yes\",\"maxspeed\"=>\"60\",\"maxspeed:bus\"=>\"50\",\"maxspeed:hgv\"=>\"50\",\"oneway\"=>\"yes\",\"ref\"=>\"59\",\"sidewalk\"=>\"right\",\"source:maxspeed\"=>\"sign\",\"surface\"=>\"asphalt\",\"wikidata\"=>\"Q4822499\""},"geometry":{"type":"LineString","coordinates":[[121.0553761,14.6240747],[121.0548245,14.6238072]]}},
{"type":"Feature","properties":{"osm_id":"919044381","name":"Oxford Street","highway":"residential","z_order":3,"other_tags":"\"lane_markings\"=>\"yes\",\"lanes\"=>\"2\",\"lit\"=>\"yes\",\"postal_code\"=>\"1102\",\"sidewalk\"=>\"both\",\"surface\"=>\"concrete\""},"geometry":{"type":"LineString","coordinates":[[121.0548245,14.6238072],[121.0546764,14.6241143],[121.0543345,14.6248235],[121.0538686,14.6257836]]}},
{"type":"Feature","properties":{"osm_id":"919044383","name":"Columbia Street","highway":"residential","z_order":3,"other_tags":"\"lanes\"=>\"2\",\"lit\"=>\"yes\",\"postal_code\"=>\"1102\",\"sidewalk\"=>\"both\",\"surface\"=>\"asphalt\""},"geometry":{"type":"LineString","coordinates":[[121.0538686,14.6257836],[121.0544349,14.6260418]]}},
{"type":"Feature","properties":{"osm_id":"919051844","name":"15th Avenue","highway":"tertiary","z_order":4,"other_tags":"\"admin_level\"=>\"10\",\"boundary\"=>\"administrative\",\"designation\"=>\"national_tertiary_road\",\"lanes\"=>\"2\",\"lit\"=>\"yes\",\"maxspeed\"=>\"40\",\"maxspeed:type\"=>\"PH:urban\",\"oneway\"=>\"yes\""},"geometry":{"type":"LineString","coordinates":[[121.0570521,14.6251431],[121.0571523,14.6249404]]}},
{"type":"Feature","properties":{"osm_id":"919051845","name":"15th Avenue","highway":"tertiary","z_order":4,"other_tags":"\"admin_level\"=>\"10\",\"boundary\"=>\"administrative\",\"designation\"=>\"national_tertiary_road\",\"lanes\"=>\"2\",\"lit\"=>\"yes\",\"maxspeed\"=>\"40\",\"maxspeed:type\"=>\"PH:urban\",\"oneway\"=>\"yes\""},"geometry":{"type":"LineString","coordinates":[[121.0564149,14.6265136],[121.0570521,14.6251431]]}},
{"type":"Feature","properties":{"osm_id":"919051846","name":"15th Avenue","highway":"tertiary","z_order":4,"other_tags":"\"admin_level\"=>\"10\",\"boundary\"=>\"administrative\",\"designation\"=>\"national_tertiary_road\",\"lanes\"=>\"2\",\"lit\"=>\"yes\",\"maxspeed\"=>\"40\",\"maxspeed:type\"=>\"PH:urban\",\"oneway\"=>\"yes\""},"geometry":{"type":"LineString","coordinates":[[121.056246,14.6268657],[121.0564149,14.6265136]]}},
{"type":"Feature","properties":{"osm_id":"925178359","highway":"service","z_order":0,"other_tags":"\"access\"=>\"private\",\"service\"=>\"driveway\""},"geometry":{"type":"LineString","coordinates":[[121.0616973,14.624655],[121.0617201,14.6246563],[121.0617379,14.6246515],[121.0617523,14.6246355],[121.0618455,14.6244409],[121.0618821,14.6243559],[121.0617402,14.6242696]]}},
{"type":"Feature","properties":{"osm_id":"925188745","highway":"service","z_order":0},"geometry":{"type":"LineString","coordinates":[[121.05674,14.6228145],[121.0571507,14.6230178]]}},
{"type":"Feature","properties":{"osm_id":"926122532","name":"Ermin Garcia Street","highway":"tertiary","z_order":4,"other_tags":"\"designation\"=>\"national_tertiary_road\",\"lanes\"=>\"2\",\"lit\"=>\"yes\",\"maxheight\"=>\"default\",\"maxspeed\"=>\"40\",\"maxspeed:type\"=>\"PH:urban\",\"shoulder\"=>\"no\",\"sidewalk\"=>\"no\",\"smoothness\"=>\"intermediate\",\"surface\"=>\"asphalt\""},"geometry":{"type":"LineString","coordinates":[[121.0621187,14.6272812],[121.0620623,14.6273771]]}},
{"type":"Feature","properties":{"osm_id":"926205811","name":"Times Square Avenue","highway":"unclassified","z_order":3,"other_tags":"\"lanes\"=>\"4\",\"lit\"=>\"yes\",\"maxspeed\"=>\"20\",\"oneway\"=>\"yes\",\"postal_code\"=>\"1109\",\"source:maxspeed\"=>\"sign\""},"geometry":{"type":"LineString","coordinates":[[121.0546864,14.6222872],[121.054753,14.6222383]]}},
{"type":"Feature","properties":{"osm_id":"926205812","name":"General Roxas Avenue","highway":"unclassified","z_order":3,"other_tags":"\"lanes\"=>\"2\",\"lit\"=>\"yes\",\"maxspeed\"=>\"20\",\"oneway\"=>\"yes\",\"postal_code\"=>\"1109\""},"geometry":{"type":"LineString","coordinates":[[121.0547373,14.6223093],[121.0546864,14.6222872]]}},
{"type":"Feature","properties":{"osm_id":"926205813","name":"Times Square Avenue","highway":"unclassified","z_order":3,"other_tags":"\"lanes\"=>\"2\",\"lit\"=>\"yes\",\"maxspeed\"=>\"20\",\"oneway\"=>\"yes\",\"postal_code\"=>\"1109\",\"source:maxspeed\"=>\"sign\",\"surface\"=>\"asphalt\""},"geometry":{"type":"LineString","coordinates":[[121.0547373,14.6223093],[121.0546415,14.6223339]]}},
{"type":"Feature","properties":{"osm_id":"926205814","name":"General Roxas Avenue","highway":"unclassified","z_order":3,"other_tags":"\"foot\"=>\"no\",\"lanes\"=>\"3\",\"lit\"=>\"yes\",\"maxspeed\"=>\"20\",\"oneway\"=>\"yes\",\"postal_code\"=>\"1109\",\"source:maxspeed\"=>\"sign\""},"geometry":{"type":"LineString","coordinates":[[121.0559117,14.6228471],[121.0558648,14.6228256]]}},
{"type":"Feature","properties":{"osm_id":"926205815","name":"General Roxas Avenue","highway":"unclassified","z_order":3,"other_tags":"\"lanes\"=>\"1\",\"lit\"=>\"yes\",\"maxspeed\"=>\"20\",\"oneway\"=>\"yes\",\"postal_code\"=>\"1109\",\"source:maxspeed\"=>\"sign\""},"geometry":{"type":"LineString","coordinates":[[121.0548127,14.6222699],[121.0549211,14.6223271]]}},
{"type":"Feature","properties":{"osm_id":"927129544","highway":"service","z_order":0},"geometry":{"type":"LineString","coordinates":[[121.0694595,14.6290967],[121.0696008,14.6291875],[121.0695372,14.6293407],[121.0696983,14.6294171]]}},
{"type":"Feature","properties":{"osm_id":"927158801","highway":"service","z_order":0,"other_tags":"\"access\"=>\"permissive\",\"service\"=>\"driveway\""},"geometry":{"type":"LineString","coordinates":[[121.0676556,14.6286847],[121.0675422,14.6289331],[121.0677035,14.629009],[121.0677439,14.6289245],[121.0678197,14.6287601]]}},
{"type":"Feature","properties":{"osm_id":"927596594","highway":"service","z_order":0,"other_tags":"\"access\"=>\"private\",\"service\"=>\"driveway\""},"geometry":{"type":"LineString","coordinates":[[121.0553536,14.6304131],[121.0557633,14.6305765],[121.0557821,14.6305811],[121.0557961,14.630572],[121.0558082,14.6305597],[121.0558384,14.6304825],[121.055833,14.6304682],[121.0558223,14.6304572],[121.0554055,14.6302914]]}},
{"type":"Feature","properties":{"osm_id":"927626578","highway":"service","z_order":0},"geometry":{"type":"LineString","coordinates":[[121.0645829,14.6242138],[121.0647004,14.6239631]]}},
{"type":"Feature","properties":{"osm_id":"927704597","highway":"service","z_order":0,"other_tags":"\"access\"=>\"private\",\"service\"=>\"parking_aisle\""},"geometry":{"type":"LineString","coordinates":[[121.0638712,14.6202389],[121.0641546,14.6203673],[121.0641713,14.6203647]]}},
{"type":"Feature","properties":{"osm_id":"927704598","highway":"service","z_order":0,"other_tags":"\"access\"=>\"private\",\"service\"=>\"parking_aisle\""},"geometry":{"type":"LineString","coordinates":[[121.0648222,14.6205358],[121.0647916,14.6206054],[121.0647882,14.6206197],[121.0647997,14.6206359],[121.0650562,14.620737]]}},
{"type":"Feature","properties":{"osm_id":"928110707","name":"P. Ladia Street","highway":"residential","z_order":3,"other_tags":"\"oneway\"=>\"yes\",\"postal_code\"=>\"1109\""},"geometry":{"type":"LineString","coordinates":[[121.0673965,14.6236166],[121.0674511,14.6236157],[121.0678331,14.6236096],[121.0678942,14.6236104],[121.0681205,14.6236115],[121.0681802,14.6236124],[121.068265,14.623605],[121.068283,14.6235957],[121.06863,14.6234165],[121.0686637,14.6233686],[121.0686675,14.623351],[121.0686997,14.6232017],[121.0687224,14.6230963]]}},
{"type":"Feature","properties":{"osm_id":"928235670","highway":"service","z_order":0,"other_tags":"\"access\"=>\"private\",\"service\"=>\"driveway\""},"geometry":{"type":"LineString","coordinates":[[121.0595487,14.6230572],[121.0595712,14.6229822],[121.0595752,14.6229384],[121.0595659,14.6227983]]}},
{"type":"Feature","properties":{"osm_id":"928235671","highway":"service","z_order":0,"other_tags":"\"access\"=>\"private\""},"geometry":{"type":"LineString","coordinates":[[121.0625513,14.6237094],[121.0626197,14.6238678],[121.0626572,14.6238846],[121.0626961,14.6238872],[121.0630311,14.6237708]]}},
{"type":"Feature","properties":{"osm_id":"930619304","highway":"service","z_order":0,"other_tags":"\"access\"=>\"private\",\"service\"=>\"parking_aisle\""},"geometry":{"type":"LineString","coordinates":[[121.0613089,14.6256013],[121.0614928,14.6252138]]}},
{"type":"Feature","properties":{"osm_id":"930619305","highway":"service","z_order":0,"other_tags":"\"service\"=>\"driveway\""},"geometry":{"type":"LineString","coordinates":[[121.060946,14.6254355],[121.0610247,14.6254677]]}},
{"type":"Feature","properties":{"osm_id":"930619306","highway":"service","z_order":0,"other_tags":"\"access\"=>\"private\",\"service\"=>\"driveway\""},"geometry":{"type":"LineString","coordinates":[[121.0611706,14.625536],[121.0613089,14.6256013],[121.0613872,14.625641],[121.0614073,14.6256468],[121.0614281,14.6256384]]}},
{"type":"Feature","properties":{"osm_id":"930648205","highway":"service","z_order":0},"geometry":{"type":"LineString","coordinates":[[121.0579215,14.6252039],[121.0578755,14.6252986]]}},
{"type":"Feature","properties":{"osm_id":"930648852","highway":"service","z_order":0,"other_tags":"\"access\"=>\"destination\""},"geometry":{"type":"LineString","coordinates":[[121.0588411,14.6251372],[121.0589132,14.6251781],[121.0589571,14.625204],[121.059022,14.6252374],[121.0590597,14.6252569],[121.0590636,14.6252705],[121.0590597,14.6252867],[121.0589019,14.6256104]]}},
{"type":"Feature","properties":{"osm_id":"930738775","highway":"service","z_order":0,"other_tags":"\"covered\"=>\"yes\""},"geometry":{"type":"LineString","coordinates":[[121.0659331,14.6280433],[121.0659892,14.6280532]]}},
{"type":"Feature","properties":{"osm_id":"930738776","highway":"service","z_order":0},"geometry":{"type":"LineString","coordinates":[[121.0656267,14.6281114],[121.0656577,14.6280361],[121.0656771,14.6280158],[121.0657157,14.6280045],[121.0659331,14.6280433]]}},
{"type":"Feature","properties":{"osm_id":"930738778","highway":"service","z_order":0,"other_tags":"\"covered\"=>\"yes\""},"geometry":{"type":"LineString","coordinates":[[121.0661958,14.6277257],[121.0661748,14.6276624]]}},
{"type":"Feature","properties":{"osm_id":"930738779","highway":"service","z_order":0},"geometry":{"type":"LineString","coordinates":[[121.0662947,14.6280438],[121.0661958,14.6277257]]}},
{"type":"Feature","properties":{"osm_id":"930738780","highway":"service","z_order":0},"geometry":{"type":"LineString","coordinates":[[121.0661748,14.6276624],[121.0661454,14.6275483],[121.0661413,14.6275195],[121.0661493,14.6274969],[121.0661806,14.6274904],[121.0662476,14.6274871]]}},
{"type":"Feature","properties":{"osm_id":"931342635","highway":"service","z_order":0},"geometry":{"type":"LineString","coordinates":[[121.0621085,14.6212174],[121.0621355,14.6211998],[121.0621498,14.6211555]]}},
{"type":"Feature","properties":{"osm_id":"931342637","highway":"service","z_order":-10,"other_tags":"\"layer\"=>\"-1\",\"tunnel\"=>\"building_passage\""},"geometry":{"type":"LineString","coordinates":[[121.0621498,14.6211555],[121.0621936,14.6210381]]}},
{"type":"Feature","properties":{"osm_id":"931342638","highway":"service","z_order":0},"geometry":{"type":"LineString","coordinates":[[121.0616574,14.6210475],[121.0620685,14.6212192],[121.0621085,14.6212174]]}},
{"type":"Feature","properties":{"osm_id":"931360970","highway":"service","z_order":0,"other_tags":"\"access\"=>\"private\""},"geometry":{"type":"LineString","coordinates":[[121.060782,14.6244615],[121.0612144,14.6246431]]}},
{"type":"Feature","properties":{"osm_id":"931360973","highway":"service","z_order":0,"other_tags":"\"access\"=>\"private\",\"service\"=>\"driveway\""},"geometry":{"type":"LineString","coordinates":[[121.0603274,14.6236735],[121.0603673,14.6235832]]}},
{"type":"Feature","properties":{"osm_id":"931360974","highway":"service","z_order":0,"other_tags":"\"access\"=>\"private\",\"service\"=>\"driveway\""},"geometry":{"type":"LineString","coordinates":[[121.0605593,14.6237832],[121.060545,14.6237549],[121.0604208,14.6237067],[121.0603274,14.6236735],[121.0602778,14.623649],[121.0601564,14.6235989]]}},
{"type":"Feature","properties":{"osm_id":"931360975","highway":"service","z_order":0,"other_tags":"\"access\"=>\"private\""},"geometry":{"type":"LineString","coordinates":[[121.0616179,14.6233435],[121.0616031,14.623324],[121.0614033,14.6232371],[121.0613802,14.6232397],[121.0613598,14.6232505],[121.0613416,14.6232656]]}},
{"type":"Feature","properties":{"osm_id":"931362505","highway":"service","z_order":0,"other_tags":"\"access\"=>\"private\",\"oneway\"=>\"yes\""},"geometry":{"type":"LineString","coordinates":[[121.0597861,14.624338],[121.0598107,14.6243323],[121.0598396,14.6243401],[121.0605054,14.6246528],[121.0605242,14.6246684],[121.0605347,14.6246876]]}},
{"type":"Feature","properties":{"osm_id":"931362506","highway":"service","z_order":0,"other_tags":"\"access\"=>\"private\",\"oneway\"=>\"yes\""},"geometry":{"type":"LineString","coordinates":[[121.060137,14.625494],[121.0601192,14.6254931],[121.0601011,14.6254885],[121.0594386,14.6252121],[121.0594091,14.6251927],[121.0593858,14.6251527]]}},
{"type":"Feature","properties":{"osm_id":"931362507","highway":"service","z_order":0,"other_tags":"\"access\"=>\"private\",\"oneway\"=>\"yes\""},"geometry":{"type":"LineString","coordinates":[[121.0593858,14.6251527],[121.0593943,14.6251083],[121.0597658,14.6243531],[121.0597861,14.624338]]}},
{"type":"Feature","properties":{"osm_id":"931362508","highway":"service","z_order":0,"other_tags":"\"access\"=>\"private\",\"service\"=>\"driveway\""},"geometry":{"type":"LineString","coordinates":[[121.0603777,14.6253194],[121.0608111,14.62552]]}},
{"type":"Feature","properties":{"osm_id":"931435882","highway":"service","z_order":0,"other_tags":"\"service\"=>\"driveway\""},"geometry":{"type":"LineString","coordinates":[[121.0582424,14.6226939],[121.0581967,14.6226712]]}},
{"type":"Feature","properties":{"osm_id":"931435883","highway":"service","z_order":0,"other_tags":"\"access\"=>\"private\",\"service\"=>\"driveway\""},"geometry":{"type":"LineString","coordinates":[[121.0577546,14.6227117],[121.0577233,14.6227271],[121.0576673,14.6228754],[121.0576435,14.6229001],[121.0575997,14.6229076]]}},
{"type":"Feature","properties":{"osm_id":"931435890","highway":"service","z_order":0,"other_tags":"\"access\"=>\"private\",\"service\"=>\"driveway\""},"geometry":{"type":"LineString","coordinates":[[121.0580624,14.6222799],[121.0580343,14.6223323]]}},
{"type":"Feature","properties":{"osm_id":"931435891","highway":"service","z_order":0,"other_tags":"\"access\"=>\"private\",\"service\"=>\"driveway\""},"geometry":{"type":"LineString","coordinates":[[121.0578568,14.6222493],[121.0578773,14.6222115]]}},
{"type":"Feature","properties":{"osm_id":"931435892","highway":"service","z_order":0,"other_tags":"\"access\"=>\"private\",\"oneway\"=>\"yes\",\"service\"=>\"driveway\""},"geometry":{"type":"LineString","coordinates":[[121.0575502,14.622058],[121.0578773,14.6222115],[121.0580624,14.6222799],[121.0583007,14.6223891]]}},
{"type":"Feature","properties":{"osm_id":"931610607","highway":"service","z_order":0,"other_tags":"\"access\"=>\"private\",\"service\"=>\"driveway\""},"geometry":{"type":"LineString","coordinates":[[121.0584301,14.6221328],[121.0583151,14.6220825],[121.0581339,14.6220084],[121.0578765,14.621925],[121.0575753,14.6218014]]}},
{"type":"Feature","properties":{"osm_id":"931610608","name":"15th Avenue","highway":"secondary","z_order":6,"other_tags":"\"designation\"=>\"national_tertiary_road\",\"lane_markings\"=>\"yes\",\"lanes\"=>\"2\",\"lit\"=>\"yes\",\"maxspeed\"=>\"40\",\"maxspeed:type\"=>\"PH:urban\",\"oneway\"=>\"yes\",\"sidewalk\"=>\"both\",\"surface\"=>\"asphalt\""},"geometry":{"type":"LineString","coordinates":[[121.0583173,14.6225353],[121.0583444,14.6224813],[121.0583788,14.6224168],[121.0585013,14.6221691],[121.0585607,14.6220448],[121.0585685,14.6220263],[121.058686,14.621772],[121.0587624,14.6216139],[121.0587955,14.6215488],[121.0589366,14.6212722],[121.0590632,14.6209959],[121.0591885,14.6207365],[121.0594099,14.6202628]]}},
{"type":"Feature","properties":{"osm_id":"931612658","name":"Aurora Boulevard","highway":"primary","z_order":27,"other_tags":"\"bridge\"=>\"yes\",\"cycleway:right\"=>\"lane\",\"lane_markings\"=>\"yes\",\"lanes\"=>\"2\",\"layer\"=>\"1\",\"lit\"=>\"yes\",\"maxspeed\"=>\"60\",\"maxspeed:bus\"=>\"50\",\"maxspeed:hgv\"=>\"50\",\"maxweight\"=>\"10\",\"oneway\"=>\"yes\",\"ref\"=>\"59\",\"sidewalk\"=>\"right\",\"sidewalk:right:surface\"=>\"concrete\",\"smoothness\"=>\"intermediate\",\"source:maxspeed\"=>\"sign\",\"surface\"=>\"asphalt\",\"wikidata\"=>\"Q4822499\""},"geometry":{"type":"LineString","coordinates":[[121.0625685,14.6275003],[121.0626327,14.6275255]]}},
{"type":"Feature","properties":{"osm_id":"931612659","name":"Aurora Boulevard","highway":"primary","z_order":7,"other_tags":"\"cycleway:right\"=>\"lane\",\"lane_markings\"=>\"yes\",\"lanes\"=>\"2\",\"lit\"=>\"yes\",\"maxspeed\"=>\"60\",\"maxspeed:bus\"=>\"50\",\"maxspeed:hgv\"=>\"50\",\"oneway\"=>\"yes\",\"ref\"=>\"59\",\"sidewalk:right\"=>\"yes\",\"sidewalk:right:surface\"=>\"concrete\",\"smoothness\"=>\"intermediate\",\"source:maxspeed\"=>\"sign\",\"surface\"=>\"asphalt\",\"wikidata\"=>\"Q4822499\""},"geometry":{"type":"LineString","coordinates":[[121.0626327,14.6275255],[121.0627342,14.6275618],[121.0629963,14.6276473]]}},
{"type":"Feature","properties":{"osm_id":"931612660","name":"Aurora Boulevard","highway":"primary","z_order":27,"other_tags":"\"bridge\"=>\"yes\",\"cycleway:right\"=>\"lane\",\"lane_markings\"=>\"yes\",\"lanes\"=>\"2\",\"layer\"=>\"1\",\"lit\"=>\"yes\",\"mapillary\"=>\"4120254557995438\",\"maxspeed\"=>\"60\",\"maxspeed:bus\"=>\"50\",\"maxspeed:hgv\"=>\"50\",\"maxweight\"=>\"10\",\"oneway\"=>\"yes\",\"ref\"=>\"59\",\"sidewalk:right\"=>\"yes\",\"sidewalk:right:surface\"=>\"concrete\",\"smoothness\"=>\"intermediate\",\"source:maxspeed\"=>\"sign\",\"surface\"=>\"asphalt\",\"wikidata\"=>\"Q4822499\""},"geometry":{"type":"LineString","coordinates":[[121.0626079,14.6276089],[121.062534,14.6275838]]}},
{"type":"Feature","properties":{"osm_id":"931612661","name":"Aurora Boulevard","highway":"primary","z_order":7,"other_tags":"\"cycleway:right\"=>\"lane\",\"lane_markings\"=>\"yes\",\"lanes\"=>\"2\",\"lit\"=>\"yes\",\"maxspeed\"=>\"60\",\"maxspeed:bus\"=>\"50\",\"maxspeed:hgv\"=>\"50\",\"oneway\"=>\"yes\",\"ref\"=>\"59\",\"sidewalk:right\"=>\"yes\",\"source:maxspeed\"=>\"sign\",\"surface\"=>\"asphalt\",\"wikidata\"=>\"Q4822499\""},"geometry":{"type":"LineString","coordinates":[[121.0632222,14.6277985],[121.0629753,14.6277293],[121.0627392,14.6276532],[121.0626079,14.6276089]]}},
{"type":"Feature","properties":{"osm_id":"931620951","highway":"service","z_order":0},"geometry":{"type":"LineString","coordinates":[[121.0693507,14.6303015],[121.0696893,14.6296358]]}},
{"type":"Feature","properties":{"osm_id":"932882660","highway":"service","z_order":0,"other_tags":"\"access\"=>\"permissive\",\"service\"=>\"driveway\""},"geometry":{"type":"LineString","coordinates":[[121.0684136,14.6288994],[121.0684332,14.6288314],[121.0684303,14.6287648],[121.0684924,14.6285493]]}},
{"type":"Feature","properties":{"osm_id":"933156838","highway":"service","z_order":0,"other_tags":"\"service\"=>\"alley\""},"geometry":{"type":"LineString","coordinates":[[121.0619614,14.6317137],[121.0623895,14.6314929]]}},
{"type":"Feature","properties":{"osm_id":"933817128","highway":"service","z_order":0,"other_tags":"\"service\"=>\"driveway\""},"geometry":{"type":"LineString","coordinates":[[121.0614044,14.6268451],[121.0614369,14.6267845]]}},
{"type":"Feature","properties":{"osm_id":"933817129","highway":"service","z_order":0,"other_tags":"\"access\"=>\"private\",\"service\"=>\"parking_aisle\""},"geometry":{"type":"LineString","coordinates":[[121.0614928,14.6252138],[121.0613758,14.6251576],[121.0613577,14.6251609],[121.0611706,14.625536]]}},
{"type":"Feature","properties":{"osm_id":"933817130","highway":"service","z_order":0,"other_tags":"\"access\"=>\"private\",\"service\"=>\"driveway\""},"geometry":{"type":"LineString","coordinates":[[121.0610247,14.6254677],[121.0610347,14.6254724]]}},
{"type":"Feature","properties":{"osm_id":"934070130","name":"Aurora Boulevard","highway":"primary","z_order":7,"other_tags":"\"cycleway:right\"=>\"lane\",\"lane_markings\"=>\"yes\",\"lanes\"=>\"2\",\"lit\"=>\"yes\",\"maxspeed\"=>\"60\",\"maxspeed:bus\"=>\"50\",\"maxspeed:hgv\"=>\"50\",\"oneway\"=>\"yes\",\"ref\"=>\"59\",\"sidewalk:right\"=>\"yes\",\"source:maxspeed\"=>\"sign\",\"surface\"=>\"asphalt\",\"wikidata\"=>\"Q4822499\""},"geometry":{"type":"LineString","coordinates":[[121.0638279,14.627904],[121.0632577,14.6278057]]}},
{"type":"Feature","properties":{"osm_id":"934070131","name":"Aurora Boulevard","highway":"primary","z_order":7,"other_tags":"\"cycleway:right\"=>\"lane\",\"lane_markings\"=>\"yes\",\"lanes\"=>\"2\",\"lit\"=>\"yes\",\"maxspeed\"=>\"60\",\"maxspeed:bus\"=>\"50\",\"maxspeed:hgv\"=>\"50\",\"oneway\"=>\"yes\",\"ref\"=>\"59\",\"sidewalk:right\"=>\"yes\",\"source:maxspeed\"=>\"sign\",\"surface\"=>\"asphalt\",\"wikidata\"=>\"Q4822499\""},"geometry":{"type":"LineString","coordinates":[[121.0632396,14.6277159],[121.0632751,14.627723]]}},
{"type":"Feature","properties":{"osm_id":"934071653","name":"Aurora Boulevard","highway":"primary","z_order":7,"other_tags":"\"cycleway:right\"=>\"lane\",\"lane_markings\"=>\"yes\",\"lanes\"=>\"2\",\"lit\"=>\"yes\",\"maxspeed\"=>\"60\",\"maxspeed:bus\"=>\"50\",\"maxspeed:hgv\"=>\"50\",\"oneway\"=>\"yes\",\"ref\"=>\"59\",\"sidewalk\"=>\"right\",\"source:maxspeed\"=>\"sign\",\"surface\"=>\"asphalt\",\"wikidata\"=>\"Q4822499\""},"geometry":{"type":"LineString","coordinates":[[121.0566024,14.6245408],[121.0572034,14.6248429]]}},
{"type":"Feature","properties":{"osm_id":"934071654","name":"Aurora Boulevard","highway":"primary","z_order":7,"other_tags":"\"cycleway:right\"=>\"lane\",\"lanes\"=>\"2\",\"lit\"=>\"yes\",\"maxspeed\"=>\"60\",\"maxspeed:bus\"=>\"50\",\"maxspeed:hgv\"=>\"50\",\"oneway\"=>\"yes\",\"ref\"=>\"59\",\"sidewalk\"=>\"right\",\"source:maxspeed\"=>\"sign\",\"surface\"=>\"asphalt\",\"wikidata\"=>\"Q4822499\""},"geometry":{"type":"LineString","coordinates":[[121.0559611,14.6243539],[121.0553761,14.6240747]]}},
{"type":"Feature","properties":{"osm_id":"934071655","name":"Aurora Boulevard","highway":"primary","z_order":7,"other_tags":"\"cycleway:right\"=>\"lane\",\"lanes\"=>\"2\",\"lit\"=>\"yes\",\"maxspeed\"=>\"60\",\"maxspeed:bus\"=>\"50\",\"maxspeed:hgv\"=>\"50\",\"oneway\"=>\"yes\",\"ref\"=>\"59\",\"source:maxspeed\"=>\"sign\",\"surface\"=>\"asphalt\",\"wikidata\"=>\"Q4822499\""},"geometry":{"type":"LineString","coordinates":[[121.0565517,14.6246446],[121.0559611,14.6243539]]}},
{"type":"Feature","properties":{"osm_id":"934071656","name":"Harvard Street","highway":"residential","z_order":3,"other_tags":"\"lanes\"=>\"2\",\"lit\"=>\"yes\",\"maxspeed\"=>\"30\",\"postal_code\"=>\"1102\",\"surface\"=>\"concrete\""},"geometry":{"type":"LineString","coordinates":[[121.0566024,14.6245408],[121.0565517,14.6246446]]}},
{"type":"Feature","properties":{"osm_id":"935708166","highway":"service","z_order":0},"geometry":{"type":"LineString","coordinates":[[121.0603064,14.6203718],[121.0602231,14.6205898],[121.0602104,14.6206061],[121.0601909,14.6206106],[121.0601058,14.6205808],[121.060091,14.6205671],[121.0600897,14.6205431],[121.0601694,14.6203272]]}},
{"type":"Feature","properties":{"osm_id":"935708168","highway":"service","z_order":0,"other_tags":"\"smoothness\"=>\"intermediate\",\"surface\"=>\"concrete\""},"geometry":{"type":"LineString","coordinates":[[121.0624972,14.6275675],[121.0624085,14.6277879],[121.0624011,14.6277967],[121.062389,14.627799],[121.0622931,14.6277704],[121.062283,14.6277575],[121.0622817,14.6277445],[121.0623588,14.627506]]}},
{"type":"Feature","properties":{"osm_id":"936438585","name":"20th Avenue","highway":"secondary","z_order":6,"other_tags":"\"bicycle\"=>\"yes\",\"designation\"=>\"national_tertiary_road\",\"lanes\"=>\"4\",\"lit\"=>\"yes\",\"maxspeed\"=>\"40\",\"maxspeed:type\"=>\"PH:urban\",\"postal_code\"=>\"1109\",\"sidewalk\"=>\"both\",\"surface\"=>\"concrete\""},"geometry":{"type":"LineString","coordinates":[[121.0604137,14.6265158],[121.0604418,14.6264571]]}},
{"type":"Feature","properties":{"osm_id":"936438586","name":"Aurora Boulevard","highway":"primary","z_order":7,"other_tags":"\"cycleway:right\"=>\"lane\",\"lane_markings\"=>\"yes\",\"lanes\"=>\"2\",\"lit\"=>\"yes\",\"maxspeed\"=>\"60\",\"maxspeed:bus\"=>\"50\",\"maxspeed:hgv\"=>\"50\",\"oneway\"=>\"yes\",\"ref\"=>\"59\",\"sidewalk\"=>\"right\",\"source:maxspeed\"=>\"sign\",\"surface\"=>\"asphalt\",\"wikidata\"=>\"Q4822499\""},"geometry":{"type":"LineString","coordinates":[[121.0601867,14.6263326],[121.0604418,14.6264571]]}},
{"type":"Feature","properties":{"osm_id":"936438587","name":"Aurora Boulevard","highway":"primary","z_order":7,"other_tags":"\"cycleway:right\"=>\"lane\",\"lane_markings\"=>\"yes\",\"lanes\"=>\"2\",\"lit\"=>\"yes\",\"maxspeed\"=>\"60\",\"maxspeed:bus\"=>\"50\",\"maxspeed:hgv\"=>\"50\",\"oneway\"=>\"yes\",\"ref\"=>\"59\",\"source:maxspeed\"=>\"sign\",\"surface\"=>\"asphalt\",\"wikidata\"=>\"Q4822499\""},"geometry":{"type":"LineString","coordinates":[[121.0603954,14.6265444],[121.0601383,14.6264189]]}},
{"type":"Feature","properties":{"osm_id":"936438588","name":"Aurora Boulevard","highway":"primary","z_order":7,"other_tags":"\"cycleway:right\"=>\"lane\",\"lane_markings\"=>\"yes\",\"lanes\"=>\"2\",\"lit\"=>\"yes\",\"maxspeed\"=>\"60\",\"maxspeed:bus\"=>\"50\",\"maxspeed:hgv\"=>\"50\",\"oneway\"=>\"yes\",\"ref\"=>\"59\",\"sidewalk\"=>\"right\",\"source:maxspeed\"=>\"sign\",\"surface\"=>\"asphalt\",\"wikidata\"=>\"Q4822499\""},"geometry":{"type":"LineString","coordinates":[[121.0572034,14.6248429],[121.0577187,14.6251015],[121.0579215,14.6252039],[121.0580485,14.6252673],[121.0582226,14.625355],[121.0587393,14.6256155],[121.0588685,14.6256807],[121.0589342,14.6257139],[121.0594639,14.6259799],[121.059509,14.6260026],[121.0595286,14.6260124],[121.0598101,14.6261494],[121.0598755,14.6261812],[121.0601867,14.6263326]]}},
{"type":"Feature","properties":{"osm_id":"936579172","highway":"service","z_order":0,"other_tags":"\"access\"=>\"permissive\",\"covered\"=>\"yes\",\"oneway\"=>\"yes\""},"geometry":{"type":"LineString","coordinates":[[121.0579796,14.6251286],[121.0580465,14.6251618]]}},
{"type":"Feature","properties":{"osm_id":"936579173","highway":"service","z_order":0,"other_tags":"\"access\"=>\"permissive\",\"oneway\"=>\"yes\""},"geometry":{"type":"LineString","coordinates":[[121.0579215,14.6252039],[121.0579454,14.625158],[121.0579685,14.625123],[121.0579796,14.6251286]]}},
{"type":"Feature","properties":{"osm_id":"936579174","highway":"service","z_order":0,"other_tags":"\"access\"=>\"permissive\",\"oneway\"=>\"yes\""},"geometry":{"type":"LineString","coordinates":[[121.0580465,14.6251618],[121.0580747,14.6251751],[121.0580834,14.62518],[121.0580907,14.625183],[121.0580485,14.6252673]]}},
{"type":"Feature","properties":{"osm_id":"936580376","name":"Potsdam Street","highway":"tertiary","z_order":4,"other_tags":"\"designation\"=>\"barangay_road\",\"lit\"=>\"yes\",\"maxspeed\"=>\"20\",\"maxspeed:type\"=>\"PH:urban\""},"geometry":{"type":"LineString","coordinates":[[121.0613199,14.6270084],[121.0613666,14.6269233]]}},
{"type":"Feature","properties":{"osm_id":"936583109","highway":"service","z_order":0,"other_tags":"\"access\"=>\"private\",\"service\"=>\"driveway\""},"geometry":{"type":"LineString","coordinates":[[121.0615452,14.6269313],[121.0615977,14.626924],[121.0616514,14.6269296],[121.0616985,14.6269449],[121.0618526,14.6270068],[121.0620016,14.6270787],[121.0621228,14.6271496],[121.0621416,14.6271738],[121.0621469,14.6272043],[121.0621416,14.6272462]]}},
{"type":"Feature","properties":{"osm_id":"936616712","name":"Notre Dame Street","highway":"residential","z_order":3,"other_tags":"\"lanes\"=>\"2\",\"mapillary\"=>\"864772950773724\",\"oneway\"=>\"yes\",\"postal_code\"=>\"1102\",\"surface\"=>\"concrete\""},"geometry":{"type":"LineString","coordinates":[[121.0578126,14.6280302],[121.0588955,14.6258033]]}},
{"type":"Feature","properties":{"osm_id":"936616713","name":"La Salle Street","highway":"residential","z_order":3,"other_tags":"\"bicycle\"=>\"yes\",\"lanes\"=>\"2\",\"lit\"=>\"yes\",\"maxspeed\"=>\"20\",\"postal_code\"=>\"1102\",\"surface\"=>\"concrete\""},"geometry":{"type":"LineString","coordinates":[[121.0594875,14.6260942],[121.0595286,14.6260124]]}},
{"type":"Feature","properties":{"osm_id":"940253992","highway":"service","z_order":0,"other_tags":"\"service\"=>\"driveway\""},"geometry":{"type":"LineString","coordinates":[[121.0598755,14.6261812],[121.0599129,14.6261046]]}},
{"type":"Feature","properties":{"osm_id":"940275625","name":"Aurora Boulevard","highway":"primary","z_order":7,"other_tags":"\"cycleway:right\"=>\"lane\",\"lane_markings\"=>\"yes\",\"lanes\"=>\"2\",\"lit\"=>\"yes\",\"maxspeed\"=>\"60\",\"maxspeed:bus\"=>\"50\",\"maxspeed:hgv\"=>\"50\",\"oneway\"=>\"yes\",\"ref\"=>\"59\",\"sidewalk:right\"=>\"yes\",\"source:maxspeed\"=>\"sign\",\"surface\"=>\"asphalt\",\"turn:lanes\"=>\"slight_left;through|through\",\"wikidata\"=>\"Q4822499\""},"geometry":{"type":"LineString","coordinates":[[121.0629963,14.6276473],[121.0632396,14.6277159]]}},
{"type":"Feature","properties":{"osm_id":"940275626","highway":"service","z_order":0,"other_tags":"\"covered\"=>\"yes\",\"maxheight\"=>\"default\",\"smoothness\"=>\"good\",\"surface\"=>\"concrete\""},"geometry":{"type":"LineString","coordinates":[[121.0609057,14.6265573],[121.0610897,14.626204]]}},
{"type":"Feature","properties":{"osm_id":"940275627","highway":"service","z_order":0},"geometry":{"type":"LineString","coordinates":[[121.0608529,14.6266587],[121.0609057,14.6265573]]}},
{"type":"Feature","properties":{"osm_id":"940337460","name":"Aurora Boulevard","highway":"primary","z_order":7,"other_tags":"\"cycleway:right\"=>\"lane\",\"lanes\"=>\"2\",\"lit\"=>\"yes\",\"maxspeed\"=>\"60\",\"maxspeed:bus\"=>\"50\",\"maxspeed:hgv\"=>\"50\",\"oneway\"=>\"yes\",\"ref\"=>\"59\",\"sidewalk\"=>\"right\",\"source:maxspeed\"=>\"sign\",\"surface\"=>\"asphalt\",\"turn:lanes\"=>\"left;through|through\",\"wikidata\"=>\"Q4822499\""},"geometry":{"type":"LineString","coordinates":[[121.0694003,14.6294956],[121.0693075,14.6294506]]}},
{"type":"Feature","properties":{"osm_id":"940337461","name":"Aurora Boulevard","highway":"primary","z_order":7,"other_tags":"\"cycleway:right\"=>\"lane\",\"lanes\"=>\"2\",\"lit\"=>\"yes\",\"maxspeed\"=>\"60\",\"maxspeed:bus\"=>\"50\",\"maxspeed:hgv\"=>\"50\",\"oneway\"=>\"yes\",\"ref\"=>\"59\",\"sidewalk\"=>\"right\",\"source:maxspeed\"=>\"sign\",\"surface\"=>\"asphalt\",\"wikidata\"=>\"Q4822499\""},"geometry":{"type":"LineString","coordinates":[[121.0692971,14.6293081],[121.0693586,14.6293338]]}},
{"type":"Feature","properties":{"osm_id":"940337462","name":"Aurora Boulevard","highway":"primary","z_order":7,"other_tags":"\"cycleway:right\"=>\"lane\",\"lanes\"=>\"2\",\"lit\"=>\"yes\",\"maxspeed\"=>\"60\",\"maxspeed:bus\"=>\"50\",\"maxspeed:hgv\"=>\"50\",\"oneway\"=>\"yes\",\"ref\"=>\"59\",\"sidewalk\"=>\"right\",\"source:maxspeed\"=>\"sign\",\"surface\"=>\"asphalt\",\"wikidata\"=>\"Q4822499\""},"geometry":{"type":"LineString","coordinates":[[121.0693075,14.6294506],[121.0692482,14.6294201]]}},
{"type":"Feature","properties":{"osm_id":"940337463","name":"Aurora Boulevard","highway":"primary","z_order":7,"other_tags":"\"cycleway:right\"=>\"lane\",\"lane_markings\"=>\"yes\",\"lanes\"=>\"2\",\"lit\"=>\"yes\",\"maxspeed\"=>\"60\",\"maxspeed:bus\"=>\"50\",\"maxspeed:hgv\"=>\"50\",\"oneway\"=>\"yes\",\"ref\"=>\"59\",\"sidewalk:right\"=>\"yes\",\"source:maxspeed\"=>\"sign\",\"surface\"=>\"asphalt\",\"wikidata\"=>\"Q4822499\""},"geometry":{"type":"LineString","coordinates":[[121.0692482,14.6294201],[121.0679441,14.6288207],[121.0678965,14.6287976],[121.0678197,14.6287601],[121.0676556,14.6286847],[121.0672955,14.6285423],[121.0670524,14.6284635],[121.0668214,14.6284114],[121.0665125,14.6283573],[121.066178,14.6283089],[121.0652098,14.6281329],[121.0651845,14.6281298],[121.0647299,14.6280535],[121.0639934,14.6279357],[121.0638279,14.627904]]}},
{"type":"Feature","properties":{"osm_id":"940337464","name":"Aurora Boulevard","highway":"primary","z_order":7,"other_tags":"\"cycleway:right\"=>\"lane\",\"lanes\"=>\"2\",\"lit\"=>\"yes\",\"maxspeed\"=>\"60\",\"maxspeed:bus\"=>\"50\",\"maxspeed:hgv\"=>\"50\",\"oneway\"=>\"yes\",\"ref\"=>\"59\",\"sidewalk\"=>\"right\",\"source:maxspeed\"=>\"sign\",\"surface\"=>\"asphalt\",\"wikidata\"=>\"Q4822499\""},"geometry":{"type":"LineString","coordinates":[[121.0693586,14.6293338],[121.0694432,14.6293698],[121.0695124,14.6294019],[121.069676,14.6294778],[121.0699127,14.6295838],[121.0705332,14.6298695]]}},
{"type":"Feature","properties":{"osm_id":"940337465","name":"J. P. Rizal Street","highway":"tertiary","z_order":4,"other_tags":"\"designation\"=>\"national_tertiary_road\",\"lanes\"=>\"2\",\"lit\"=>\"yes\",\"maxspeed\"=>\"40\",\"maxspeed:type\"=>\"PH:urban\",\"name:etymology\"=>\"José Rizal\",\"name:etymology:wikidata\"=>\"Q1500\",\"postal_code\"=>\"1109\",\"sidewalk\"=>\"both\",\"surface\"=>\"asphalt\",\"width\"=>\"8\""},"geometry":{"type":"LineString","coordinates":[[121.0693075,14.6294506],[121.0693586,14.6293338]]}},
{"type":"Feature","properties":{"osm_id":"940337471","name":"F. Castillo Street","highway":"tertiary","z_order":4,"other_tags":"\"admin_level\"=>\"10\",\"boundary\"=>\"administrative\",\"lane_markings\"=>\"yes\",\"lanes\"=>\"2\",\"lanes:backward\"=>\"1\",\"lanes:forward\"=>\"1\",\"lit\"=>\"yes\",\"maxspeed\"=>\"30\",\"maxspeed:type\"=>\"PH:urban\",\"postal_code\"=>\"1109\",\"sidewalk\"=>\"both\",\"surface\"=>\"concrete\",\"turn:lanes:backward\"=>\"left;right\""},"geometry":{"type":"LineString","coordinates":[[121.0664777,14.6282469],[121.0664013,14.6280041]]}},
{"type":"Feature","properties":{"osm_id":"999329157","name":"F. Salalilla Street","highway":"residential","z_order":3,"other_tags":"\"lit\"=>\"yes\",\"oneway\"=>\"yes\",\"postal_code\"=>\"1109\",\"sidewalk\"=>\"both\",\"surface\"=>\"concrete\""},"geometry":{"type":"LineString","coordinates":[[121.0679328,14.6219609],[121.0683704,14.6219453],[121.0686963,14.6219336],[121.0689747,14.6219461],[121.0690411,14.6219797]]}},
{"type":"Feature","properties":{"osm_id":"1072446886","name":"Lanzones Street","highway":"residential","z_order":3,"other_tags":"\"lanes\"=>\"2\",\"lit\"=>\"yes\",\"oneway\"=>\"yes\",\"postal_code\"=>\"1102\",\"surface\"=>\"concrete\""},"geometry":{"type":"LineString","coordinates":[[121.0616412,14.6326143],[121.0613181,14.6329409]]}},
{"type":"Feature","properties":{"osm_id":"1072446887","name":"K-9th Street","highway":"residential","z_order":3,"other_tags":"\"lanes\"=>\"2\",\"lit\"=>\"yes\",\"oneway\"=>\"yes\",\"postal_code\"=>\"1102\",\"surface\"=>\"concrete\""},"geometry":{"type":"LineString","coordinates":[[121.0571552,14.6320337],[121.0549119,14.6313975]]}},
{"type":"Feature","properties":{"osm_id":"1072455591","name":"Banuyo Street","highway":"residential","z_order":3,"other_tags":"\"postal_code\"=>\"1102\",\"psv\"=>\"no\""},"geometry":{"type":"LineString","coordinates":[[121.0668582,14.6324523],[121.067163,14.6320613],[121.0672844,14.6319669]]}},
{"type":"Feature","properties":{"osm_id":"1072728806","highway":"service","z_order":0,"other_tags":"\"driveway\"=>\"pipestem\",\"service\"=>\"driveway\""},"geometry":{"type":"LineString","coordinates":[[121.0662476,14.6274871],[121.0663347,14.6274778]]}},
{"type":"Feature","properties":{"osm_id":"1072844769","name":"Magat Salamat Street","highway":"residential","z_order":3,"other_tags":"\"oneway\"=>\"yes\",\"postal_code\"=>\"1109\""},"geometry":{"type":"LineString","coordinates":[[121.0692612,14.6231788],[121.0698441,14.6233292],[121.0699449,14.6233551],[121.0702255,14.6234271],[121.0713744,14.6237279]]}},
{"type":"Feature","properties":{"osm_id":"1073152145","highway":"service","z_order":0,"other_tags":"\"covered\"=>\"yes\""},"geometry":{"type":"LineString","coordinates":[[121.0609387,14.6203528],[121.061094,14.620401]]}},
{"type":"Feature","properties":{"osm_id":"1073152146","highway":"service","z_order":0},"geometry":{"type":"LineString","coordinates":[[121.0611149,14.6204115],[121.0611183,14.620438],[121.0610594,14.6205888]]}},
{"type":"Feature","properties":{"osm_id":"1073152148","highway":"service","z_order":0},"geometry":{"type":"LineString","coordinates":[[121.061094,14.620401],[121.0611149,14.6204115]]}},
{"type":"Feature","properties":{"osm_id":"1073152149","highway":"service","z_order":0},"geometry":{"type":"LineString","coordinates":[[121.0608463,14.6203242],[121.0609387,14.6203528]]}},
{"type":"Feature","properties":{"osm_id":"1073201754","highway":"service","z_order":0,"other_tags":"\"driveway\"=>\"pipestem\",\"service\"=>\"driveway\""},"geometry":{"type":"LineString","coordinates":[[121.0634106,14.6201825],[121.0635125,14.6202185]]}},
{"type":"Feature","properties":{"osm_id":"1078018165","highway":"service","z_order":0,"other_tags":"\"access\"=>\"destination\",\"service\"=>\"driveway\""},"geometry":{"type":"LineString","coordinates":[[121.0685959,14.6288684],[121.0686382,14.6287469]]}},
{"type":"Feature","properties":{"osm_id":"1078018167","highway":"service","z_order":0,"other_tags":"\"access\"=>\"private\""},"geometry":{"type":"LineString","coordinates":[[121.0650813,14.6279177],[121.0649961,14.6271158]]}},
{"type":"Feature","properties":{"osm_id":"1078018168","name":"Aurora Boulevard","highway":"primary","z_order":7,"other_tags":"\"cycleway:right\"=>\"lane\",\"lane_markings\"=>\"yes\",\"lanes\"=>\"2\",\"lit\"=>\"yes\",\"maxspeed\"=>\"60\",\"maxspeed:bus\"=>\"50\",\"maxspeed:hgv\"=>\"50\",\"oneway\"=>\"yes\",\"ref\"=>\"59\",\"sidewalk:right\"=>\"yes\",\"source:maxspeed\"=>\"sign\",\"surface\"=>\"asphalt\",\"wikidata\"=>\"Q4822499\""},"geometry":{"type":"LineString","coordinates":[[121.0632751,14.627723],[121.0635545,14.6277691]]}},
{"type":"Feature","properties":{"osm_id":"1078018169","name":"Aurora Boulevard","highway":"primary","z_order":7,"other_tags":"\"cycleway:right\"=>\"lane\",\"lane_markings\"=>\"yes\",\"lanes\"=>\"2\",\"lit\"=>\"yes\",\"maxspeed\"=>\"60\",\"maxspeed:bus\"=>\"50\",\"maxspeed:hgv\"=>\"50\",\"oneway\"=>\"yes\",\"ref\"=>\"59\",\"sidewalk:right\"=>\"yes\",\"source:maxspeed\"=>\"sign\",\"surface\"=>\"asphalt\",\"wikidata\"=>\"Q4822499\""},"geometry":{"type":"LineString","coordinates":[[121.0632577,14.6278057],[121.0632222,14.6277985]]}},
{"type":"Feature","properties":{"osm_id":"1078018170","name":"Anonas Street","highway":"secondary","z_order":6,"other_tags":"\"designation\"=>\"city_road\",\"foot\"=>\"no\",\"lane_markings\"=>\"yes\",\"lanes\"=>\"2\",\"lit\"=>\"yes\",\"maxspeed\"=>\"30\",\"oneway\"=>\"yes\",\"postal_code\"=>\"1102\",\"surface\"=>\"asphalt\""},"geometry":{"type":"LineString","coordinates":[[121.0632751,14.627723],[121.0632577,14.6278057]]}},
{"type":"Feature","properties":{"osm_id":"1078018171","name":"Anonas Street","highway":"secondary","z_order":6,"other_tags":"\"designation\"=>\"city_road\",\"lane_markings\"=>\"yes\",\"lanes\"=>\"2\",\"lit\"=>\"yes\",\"maxspeed\"=>\"30\",\"oneway\"=>\"yes\",\"postal_code\"=>\"1102\",\"sidewalk:right\"=>\"yes\",\"surface\"=>\"asphalt\""},"geometry":{"type":"LineString","coordinates":[[121.0632577,14.6278057],[121.0632376,14.6279327],[121.0632296,14.6279686],[121.0632064,14.628006]]}},
{"type":"Feature","properties":{"osm_id":"1078018172","name":"Anonas Street","highway":"secondary","z_order":6,"other_tags":"\"designation\"=>\"city_road\",\"lane_markings\"=>\"yes\",\"lanes\"=>\"2\",\"lit\"=>\"yes\",\"maxspeed\"=>\"30\",\"oneway\"=>\"yes\",\"postal_code\"=>\"1102\",\"sidewalk:right\"=>\"yes\",\"surface\"=>\"asphalt\""},"geometry":{"type":"LineString","coordinates":[[121.0632064,14.628006],[121.0631984,14.6279657],[121.063204,14.6279249],[121.0632222,14.6277985]]}},
{"type":"Feature","properties":{"osm_id":"1078018173","highway":"service","z_order":0,"other_tags":"\"service\"=>\"driveway\",\"smoothness\"=>\"intermediate\",\"surface\"=>\"asphalt\""},"geometry":{"type":"LineString","coordinates":[[121.0621416,14.6272462],[121.0621187,14.6272812]]}},
{"type":"Feature","properties":{"osm_id":"1078018174","highway":"service","z_order":0,"other_tags":"\"service\"=>\"driveway\""},"geometry":{"type":"LineString","coordinates":[[121.0615173,14.6269954],[121.0615452,14.6269313]]}},
{"type":"Feature","properties":{"osm_id":"1078282537","highway":"service","z_order":0,"other_tags":"\"access\"=>\"customers\""},"geometry":{"type":"LineString","coordinates":[[121.0639791,14.6280296],[121.0639426,14.6282358]]}},
{"type":"Feature","properties":{"osm_id":"1078282538","highway":"service","z_order":0},"geometry":{"type":"LineString","coordinates":[[121.0639934,14.6279357],[121.0639791,14.6280296]]}},
{"type":"Feature","properties":{"osm_id":"1085311553","highway":"service","z_order":0},"geometry":{"type":"LineString","coordinates":[[121.0606983,14.6259485],[121.0606161,14.6258979]]}},
{"type":"Feature","properties":{"osm_id":"1085320790","highway":"service","z_order":0},"geometry":{"type":"LineString","coordinates":[[121.0624393,14.6223169],[121.062336,14.6222736]]}},
{"type":"Feature","properties":{"osm_id":"1085752428","highway":"service","z_order":0},"geometry":{"type":"LineString","coordinates":[[121.0633163,14.620402],[121.0632366,14.6203764]]}},
{"type":"Feature","properties":{"osm_id":"1085752429","highway":"service","z_order":0,"other_tags":"\"access\"=>\"permissive\""},"geometry":{"type":"LineString","coordinates":[[121.0617015,14.620778],[121.061643,14.6209522],[121.0616296,14.6209655],[121.061615,14.620972],[121.0615381,14.6209502],[121.0615287,14.6209402],[121.061527,14.6209211],[121.0615818,14.6207401]]}},
{"type":"Feature","properties":{"osm_id":"1088975490","highway":"tertiary_link","z_order":4,"other_tags":"\"oneway\"=>\"yes\""},"geometry":{"type":"LineString","coordinates":[[121.0560839,14.6224542],[121.056044,14.6224391]]}},
{"type":"Feature","properties":{"osm_id":"1088975491","highway":"service","z_order":0},"geometry":{"type":"LineString","coordinates":[[121.0553342,14.6224079],[121.0553961,14.6222862]]}},
{"type":"Feature","properties":{"osm_id":"1089033619","name":"Antonio Luna","highway":"path","z_order":0,"other_tags":"\"name:abbr\"=>\"A. Luna\",\"postal_code\"=>\"1109\""},"geometry":{"type":"LineString","coordinates":[[121.0665883,14.625512],[121.0669219,14.6250713]]}},
{"type":"Feature","properties":{"osm_id":"1090018331","name":"Yakal Street","highway":"residential","z_order":3,"other_tags":"\"lane_markings\"=>\"yes\",\"lanes\"=>\"2\",\"lit\"=>\"yes\",\"oneway\"=>\"yes\",\"postal_code\"=>\"1102\",\"psv\"=>\"no\",\"sidewalk\"=>\"both\",\"surface\"=>\"asphalt\""},"geometry":{"type":"LineString","coordinates":[[121.0693317,14.630394],[121.0693026,14.6304567],[121.0691213,14.6308127],[121.0686906,14.6316685]]}},
{"type":"Feature","properties":{"osm_id":"1102465548","name":"15th Avenue","highway":"secondary","z_order":6,"other_tags":"\"designation\"=>\"national_tertiary_road\",\"lanes\"=>\"2\",\"lit\"=>\"yes\",\"maxspeed\"=>\"40\",\"maxspeed:type\"=>\"PH:urban\",\"oneway\"=>\"yes\",\"surface\"=>\"asphalt\""},"geometry":{"type":"LineString","coordinates":[[121.0594099,14.6202628],[121.0594963,14.6200931]]}},
{"type":"Feature","properties":{"osm_id":"1102465549","name":"P. Tuazon Boulevard","highway":"secondary","z_order":6,"other_tags":"\"designation\"=>\"national_tertiary_road\",\"lanes\"=>\"4\",\"lit\"=>\"yes\",\"maxspeed\"=>\"40\",\"maxspeed:type\"=>\"PH:urban\",\"name:abbr\"=>\"P. Tuazon Blvd.\",\"name:etymology\"=>\"Pedro Tuazon\",\"name:etymology:wikidata\"=>\"Q2126544\",\"official_name\"=>\"Pedro Tuazon Boulevard\",\"postal_code\"=>\"1109\",\"sidewalk\"=>\"both\",\"surface\"=>\"asphalt\""},"geometry":{"type":"LineString","coordinates":[[121.0596475,14.6201465],[121.0594963,14.6200931]]}},
{"type":"Feature","properties":{"osm_id":"1109172525","highway":"service","z_order":0,"other_tags":"\"access\"=>\"permissive\",\"junction\"=>\"circular\",\"oneway\"=>\"yes\",\"service\"=>\"driveway\",\"surface\"=>\"paved\""},"geometry":{"type":"LineString","coordinates":[[121.0675188,14.6285054],[121.0675271,14.6284081],[121.0675213,14.6283687],[121.0674962,14.6283343],[121.0674759,14.6282896],[121.0674723,14.6282641],[121.0674774,14.6282393],[121.0674904,14.6282176],[121.0675102,14.6282016],[121.0675341,14.6281923],[121.0675595,14.6281921],[121.0675835,14.6281991],[121.0676048,14.6282137],[121.0676192,14.6282343],[121.067626,14.6282587],[121.0676231,14.6282856],[121.0676187,14.6283123],[121.0676132,14.6283401],[121.0676123,14.6283755],[121.0676115,14.6284094],[121.0675922,14.6285327]]}},
{"type":"Feature","properties":{"osm_id":"1109893085","highway":"service","z_order":0,"other_tags":"\"access\"=>\"private\",\"service\"=>\"driveway\""},"geometry":{"type":"LineString","coordinates":[[121.0644302,14.6206106],[121.0645159,14.620413]]}},
{"type":"Feature","properties":{"osm_id":"1109893086","highway":"service","z_order":0,"other_tags":"\"access\"=>\"private\",\"service\"=>\"parking_aisle\""},"geometry":{"type":"LineString","coordinates":[[121.0641713,14.6203647],[121.0641834,14.6203563],[121.0642139,14.6202784],[121.0642478,14.6202012],[121.0642485,14.620185]]}},
{"type":"Feature","properties":{"osm_id":"1109893087","highway":"service","z_order":0,"other_tags":"\"access\"=>\"private\",\"service\"=>\"parking_aisle\""},"geometry":{"type":"LineString","coordinates":[[121.0642485,14.620185],[121.0642371,14.6201694],[121.0639816,14.6200546],[121.0639668,14.6200584],[121.0639501,14.6200721],[121.0639174,14.6201418]]}},
{"type":"Feature","properties":{"osm_id":"1109899666","name":"Poblete Street","highway":"residential","z_order":3,"other_tags":"\"lanes\"=>\"1\",\"lit\"=>\"yes\",\"postal_code\"=>\"1109\",\"surface\"=>\"concrete\""},"geometry":{"type":"LineString","coordinates":[[121.0693803,14.6207401],[121.0694675,14.6207544],[121.0698916,14.6208455]]}},
{"type":"Feature","properties":{"osm_id":"1109899667","name":"A. de Legaspi Street","highway":"residential","z_order":3,"other_tags":"\"lanes\"=>\"2\",\"lit\"=>\"yes\",\"mapillary\"=>\"1103304163489876\",\"oneway\"=>\"no\",\"postal_code\"=>\"1109\",\"surface\"=>\"concrete\""},"geometry":{"type":"LineString","coordinates":[[121.0698916,14.6208455],[121.0699926,14.6205377],[121.0700072,14.6204932]]}},
{"type":"Feature","properties":{"osm_id":"1109899668","name":"A. de Legaspi Street","highway":"residential","z_order":3,"other_tags":"\"lanes\"=>\"2\",\"lit\"=>\"yes\",\"mapillary\"=>\"1103304163489876\",\"oneway\"=>\"yes\",\"postal_code\"=>\"1109\",\"surface\"=>\"concrete\""},"geometry":{"type":"LineString","coordinates":[[121.0697459,14.6213926],[121.0698916,14.6208455]]}},
{"type":"Feature","properties":{"osm_id":"1109899669","name":"A. de Legaspi Street","highway":"residential","z_order":3,"other_tags":"\"lanes\"=>\"2\",\"lit\"=>\"yes\",\"mapillary\"=>\"1103304163489876\",\"oneway\"=>\"yes\",\"postal_code\"=>\"1109\",\"sidewalk\"=>\"both\",\"surface\"=>\"concrete\""},"geometry":{"type":"LineString","coordinates":[[121.0694075,14.6226358],[121.0694249,14.6225782],[121.0695916,14.6220088],[121.0695978,14.6219848],[121.0697459,14.6213926]]}},
{"type":"Feature","properties":{"osm_id":"1109899673","name":"Poblete Street","highway":"residential","z_order":3,"other_tags":"\"lanes\"=>\"1\",\"lit\"=>\"yes\",\"postal_code\"=>\"1109\",\"sidewalk\"=>\"no\",\"surface\"=>\"concrete\""},"geometry":{"type":"LineString","coordinates":[[121.0690374,14.6206502],[121.0693803,14.6207401]]}},
{"type":"Feature","properties":{"osm_id":"1109899674","name":"Belarmino Street","highway":"residential","z_order":3,"other_tags":"\"lanes\"=>\"2\",\"lit\"=>\"yes\",\"oneway\"=>\"yes\",\"postal_code\"=>\"1109\",\"sidewalk\"=>\"no\",\"surface\"=>\"concrete\""},"geometry":{"type":"LineString","coordinates":[[121.0691869,14.620036],[121.0692001,14.6200772],[121.0691295,14.6203083],[121.0690374,14.6206502]]}},
{"type":"Feature","properties":{"osm_id":"1109899675","name":"Belarmino Street","highway":"residential","z_order":3,"other_tags":"\"lanes\"=>\"2\",\"lit\"=>\"yes\",\"sidewalk\"=>\"no\",\"surface\"=>\"concrete\""},"geometry":{"type":"LineString","coordinates":[[121.0691869,14.620036],[121.0691362,14.6200063],[121.06894,14.6197792]]}},
{"type":"Feature","properties":{"osm_id":"1109899679","highway":"service","z_order":0},"geometry":{"type":"LineString","coordinates":[[121.0688706,14.6198106],[121.0688022,14.6198657],[121.0686801,14.6199994],[121.0686155,14.6200294],[121.0684186,14.619952]]}},
{"type":"Feature","properties":{"osm_id":"1109901036","name":"M. Gregorio Street","highway":"residential","z_order":3,"other_tags":"\"postal_code\"=>\"1109\""},"geometry":{"type":"LineString","coordinates":[[121.0673223,14.621973],[121.0673218,14.6218512],[121.0673202,14.6214606]]}},
{"type":"Feature","properties":{"osm_id":"1110678487","highway":"service","z_order":0,"other_tags":"\"access\"=>\"private\",\"lanes\"=>\"1\",\"service\"=>\"driveway\""},"geometry":{"type":"LineString","coordinates":[[121.0630448,14.6264085],[121.0629858,14.6264345],[121.0629583,14.6264508],[121.0629322,14.6264748],[121.0627645,14.6267219]]}},
{"type":"Feature","properties":{"osm_id":"1110678489","highway":"service","z_order":0,"other_tags":"\"access\"=>\"private\",\"lanes\"=>\"1\",\"service\"=>\"driveway\""},"geometry":{"type":"LineString","coordinates":[[121.0629838,14.6262009],[121.0626344,14.6268491]]}},
{"type":"Feature","properties":{"osm_id":"1110678490","highway":"service","z_order":0,"other_tags":"\"access\"=>\"permissive\",\"lanes\"=>\"1\",\"service\"=>\"driveway\""},"geometry":{"type":"LineString","coordinates":[[121.0623639,14.6274017],[121.0625428,14.6270315],[121.0626344,14.6268491]]}},
{"type":"Feature","properties":{"osm_id":"1110681729","name":"Camerino Extension","highway":"residential","z_order":3,"other_tags":"\"lanes\"=>\"1\",\"name:etymology\"=>\"Camerino Reyes\",\"oneway\"=>\"yes\""},"geometry":{"type":"LineString","coordinates":[[121.0688174,14.6257124],[121.0686783,14.6256674],[121.0686328,14.6256348]]}},
{"type":"Feature","properties":{"osm_id":"1110681730","name":"Camerino Extension","highway":"residential","z_order":3,"other_tags":"\"lanes\"=>\"1\",\"name:etymology\"=>\"Camerino Reyes\",\"oneway\"=>\"yes\""},"geometry":{"type":"LineString","coordinates":[[121.0686328,14.6256348],[121.0686261,14.6251158]]}},
{"type":"Feature","properties":{"osm_id":"1110687021","highway":"service","z_order":0},"geometry":{"type":"LineString","coordinates":[[121.0697405,14.6282625],[121.0698382,14.6282953],[121.0698838,14.6281669]]}},
{"type":"Feature","properties":{"osm_id":"1110707616","highway":"service","z_order":0,"other_tags":"\"service\"=>\"driveway\""},"geometry":{"type":"LineString","coordinates":[[121.0682375,14.6299667],[121.0682818,14.6298901]]}},
{"type":"Feature","properties":{"osm_id":"1110707617","highway":"service","z_order":0,"other_tags":"\"access\"=>\"private\",\"service\"=>\"driveway\""},"geometry":{"type":"LineString","coordinates":[[121.0678715,14.6302171],[121.0680056,14.630258],[121.0681055,14.6302126],[121.0682375,14.6299667]]}},
{"type":"Feature","properties":{"osm_id":"1110707622","name":"Callejon","highway":"service","z_order":0,"other_tags":"\"service\"=>\"alley\""},"geometry":{"type":"LineString","coordinates":[[121.0681815,14.6314183],[121.0679084,14.6312786]]}},
{"type":"Feature","properties":{"osm_id":"1110918385","highway":"service","z_order":0},"geometry":{"type":"LineString","coordinates":[[121.0623642,14.621543],[121.0627302,14.6217081]]}},
{"type":"Feature","properties":{"osm_id":"1110918388","highway":"service","z_order":0,"other_tags":"\"service\"=>\"driveway\""},"geometry":{"type":"LineString","coordinates":[[121.0631065,14.6233785],[121.0630522,14.6233746]]}},
{"type":"Feature","properties":{"osm_id":"1110938297","name":"Velante Drive","highway":"service","z_order":0},"geometry":{"type":"LineString","coordinates":[[121.0591629,14.6213488],[121.0589366,14.6212722]]}},
{"type":"Feature","properties":{"osm_id":"1110964626","highway":"service","z_order":0,"other_tags":"\"service\"=>\"driveway\""},"geometry":{"type":"LineString","coordinates":[[121.0554055,14.6302914],[121.0553053,14.6302442]]}},
{"type":"Feature","properties":{"osm_id":"1110964627","highway":"service","z_order":0,"other_tags":"\"service\"=>\"driveway\""},"geometry":{"type":"LineString","coordinates":[[121.0552522,14.6303703],[121.0553536,14.6304131]]}},
{"type":"Feature","properties":{"osm_id":"1110964628","highway":"service","z_order":0},"geometry":{"type":"LineString","coordinates":[[121.0554258,14.6302299],[121.0553337,14.6301885]]}},
{"type":"Feature","properties":{"osm_id":"1110964629","highway":"service","z_order":0,"other_tags":"\"access\"=>\"private\",\"service\"=>\"driveway\""},"geometry":{"type":"LineString","coordinates":[[121.0556506,14.6303326],[121.0554258,14.6302299]]}},
{"type":"Feature","properties":{"osm_id":"1110964630","highway":"service","z_order":0,"other_tags":"\"lanes\"=>\"1\",\"service\"=>\"driveway\""},"geometry":{"type":"LineString","coordinates":[[121.0556423,14.6296579],[121.0556978,14.6296918],[121.0557103,14.6296994]]}},
{"type":"Feature","properties":{"osm_id":"1110964632","highway":"service","z_order":0,"other_tags":"\"access\"=>\"destination\",\"oneway\"=>\"yes\",\"service\"=>\"driveway\""},"geometry":{"type":"LineString","coordinates":[[121.0552108,14.6304724],[121.0553689,14.630534]]}},
{"type":"Feature","properties":{"osm_id":"1111008947","name":"Pajo Street","highway":"residential","z_order":3,"other_tags":"\"lanes\"=>\"2\",\"lit\"=>\"yes\",\"oneway\"=>\"yes\",\"postal_code\"=>\"1102\",\"sidewalk\"=>\"right\",\"surface\"=>\"concrete\""},"geometry":{"type":"LineString","coordinates":[[121.0632736,14.6323336],[121.0633511,14.6324488],[121.0634113,14.6325345],[121.0635197,14.632731],[121.0635368,14.6327603],[121.0635591,14.6327986]]}},
{"type":"Feature","properties":{"osm_id":"1111015692","name":"Ipil Street","highway":"residential","z_order":3,"other_tags":"\"lanes\"=>\"2\",\"lit\"=>\"yes\",\"oneway\"=>\"yes\",\"postal_code\"=>\"1102\",\"sidewalk\"=>\"both\",\"surface\"=>\"concrete\""},"geometry":{"type":"LineString","coordinates":[[121.0661817,14.630666],[121.0659205,14.6300127],[121.0658743,14.6298363],[121.0658765,14.6297154],[121.0658785,14.6296893],[121.0658859,14.6295935]]}},
{"type":"Feature","properties":{"osm_id":"1111015693","name":"Ipil Street","highway":"residential","z_order":3,"other_tags":"\"lanes\"=>\"2\",\"lit\"=>\"yes\",\"oneway\"=>\"no\",\"postal_code\"=>\"1102\",\"sidewalk\"=>\"both\",\"surface\"=>\"concrete\""},"geometry":{"type":"LineString","coordinates":[[121.0661949,14.630703],[121.0661817,14.630666]]}},
{"type":"Feature","properties":{"osm_id":"1111015694","name":"Tindalo Street","highway":"residential","z_order":3,"other_tags":"\"lanes\"=>\"2\",\"lit\"=>\"yes\",\"postal_code\"=>\"1102\",\"sidewalk\"=>\"right\",\"surface\"=>\"concrete\""},"geometry":{"type":"LineString","coordinates":[[121.0667074,14.6297315],[121.0668144,14.6297328]]}},
{"type":"Feature","properties":{"osm_id":"1111015695","name":"Kamagong Street","highway":"residential","z_order":3,"other_tags":"\"lanes\"=>\"1\",\"lit\"=>\"yes\",\"old_name\"=>\"Kalantas\",\"postal_code\"=>\"1102\",\"sidewalk\"=>\"both\""},"geometry":{"type":"LineString","coordinates":[[121.0668793,14.6304416],[121.0668663,14.6304559],[121.0667081,14.6305103],[121.0666873,14.6305149],[121.0666705,14.6305155],[121.0666091,14.6305089]]}},
{"type":"Feature","properties":{"osm_id":"1111015696","name":"Kalantas Street","highway":"residential","z_order":3,"other_tags":"\"lanes\"=>\"2\",\"lit\"=>\"yes\",\"old_name\"=>\"Akle\",\"oneway\"=>\"yes\",\"postal_code\"=>\"1102\",\"sidewalk\"=>\"both\""},"geometry":{"type":"LineString","coordinates":[[121.0666091,14.6305089],[121.0661817,14.630666]]}},
{"type":"Feature","properties":{"osm_id":"1111215575","name":"Batino Alley","highway":"footway","z_order":0,"other_tags":"\"footway\"=>\"alley\",\"mapillary\"=>\"407653014507083\",\"source:name\"=>\"extrapolation\""},"geometry":{"type":"LineString","coordinates":[[121.0694302,14.6320224],[121.0692131,14.6319194]]}},
{"type":"Feature","properties":{"osm_id":"1111218850","name":"Batino Alley","highway":"footway","z_order":0},"geometry":{"type":"LineString","coordinates":[[121.0694302,14.6320224],[121.0695837,14.6317324]]}},
{"type":"Feature","properties":{"osm_id":"1134400690","highway":"service","z_order":0,"other_tags":"\"access\"=>\"permissive\",\"junction\"=>\"circular\",\"oneway\"=>\"no\",\"service\"=>\"driveway\",\"surface\"=>\"paved\""},"geometry":{"type":"LineString","coordinates":[[121.0676132,14.6283401],[121.0674962,14.6283343],[121.0674532,14.6283303],[121.0674136,14.628323],[121.0673637,14.6283103],[121.0673251,14.6282764],[121.0673145,14.6282508],[121.0673203,14.6281769]]}},
{"type":"Feature","properties":{"osm_id":"1156152385","name":"Aurora Boulevard","highway":"primary","z_order":7,"other_tags":"\"cycleway:right\"=>\"lane\",\"lanes\"=>\"3\",\"lit\"=>\"yes\",\"maxspeed\"=>\"60\",\"maxspeed:bus\"=>\"50\",\"maxspeed:hgv\"=>\"50\",\"oneway\"=>\"yes\",\"placement\"=>\"left_of:2\",\"ref\"=>\"59\",\"sidewalk\"=>\"right\",\"source:maxspeed\"=>\"sign\",\"surface\"=>\"asphalt\",\"tunnel\"=>\"building_passage\",\"width\"=>\"9.15\",\"wikidata\"=>\"Q4822499\""},"geometry":{"type":"LineString","coordinates":[[121.053913,14.6232658],[121.0541111,14.6233584]]}},
{"type":"Feature","properties":{"osm_id":"1157543556","highway":"service","z_order":0,"other_tags":"\"access\"=>\"permissive\",\"service\"=>\"driveway\""},"geometry":{"type":"LineString","coordinates":[[121.0677439,14.6289245],[121.067861,14.6289817]]}},
{"type":"Feature","properties":{"osm_id":"1166057847","name":"J. Zobel Street","highway":"residential","z_order":3,"other_tags":"\"admin_level\"=>\"10\",\"boundary\"=>\"administrative\",\"oneway\"=>\"yes\",\"postal_code\"=>\"1109\""},"geometry":{"type":"LineString","coordinates":[[121.0655731,14.6206919],[121.0656816,14.6204603]]}},
{"type":"Feature","properties":{"osm_id":"1179658926","highway":"service","z_order":0,"other_tags":"\"access\"=>\"private\",\"oneway\"=>\"yes\",\"service\"=>\"driveway\""},"geometry":{"type":"LineString","coordinates":[[121.0583007,14.6223891],[121.0583788,14.6224168]]}},
{"type":"Feature","properties":{"osm_id":"1214518814","highway":"service","z_order":0,"other_tags":"\"access\"=>\"private\",\"service\"=>\"driveway\""},"geometry":{"type":"LineString","coordinates":[[121.0588329,14.6221488],[121.059028,14.6222427],[121.0593072,14.622367],[121.0593222,14.6223804]]}},
{"type":"Feature","properties":{"osm_id":"1214518815","highway":"service","z_order":0,"other_tags":"\"access\"=>\"private\",\"covered\"=>\"yes\",\"service\"=>\"driveway\""},"geometry":{"type":"LineString","coordinates":[[121.0587773,14.6221237],[121.0588329,14.6221488]]}},
{"type":"Feature","properties":{"osm_id":"1225342744","highway":"service","z_order":0,"other_tags":"\"access\"=>\"customers\",\"oneway\"=>\"yes\",\"service\"=>\"parking_aisle\""},"geometry":{"type":"LineString","coordinates":[[121.0555608,14.6224957],[121.0555397,14.6225007],[121.0555199,14.6224961],[121.0553342,14.6224079]]}},
{"type":"Feature","properties":{"osm_id":"1225342745","highway":"service","z_order":0,"other_tags":"\"access\"=>\"customers\",\"oneway\"=>\"yes\",\"service\"=>\"parking_aisle\""},"geometry":{"type":"LineString","coordinates":[[121.0553961,14.6222862],[121.055605,14.6223664],[121.0556111,14.6223774],[121.0556138,14.6223891],[121.0555608,14.6224957]]}},
{"type":"Feature","properties":{"osm_id":"1225342746","highway":"service","z_order":0,"other_tags":"\"access\"=>\"private\",\"service\"=>\"driveway\""},"geometry":{"type":"LineString","coordinates":[[121.0572197,14.6220795],[121.0572888,14.6221386],[121.0573532,14.6222132],[121.0573867,14.6222612],[121.0574356,14.6223171]]}},
{"type":"Feature","properties":{"osm_id":"1235363535","highway":"service","z_order":0,"other_tags":"\"access\"=>\"private\",\"mapillary\"=>\"508137827495227\",\"service\"=>\"driveway\""},"geometry":{"type":"LineString","coordinates":[[121.0553931,14.6299074],[121.0550568,14.6297348]]}},
{"type":"Feature","properties":{"osm_id":"1235363536","highway":"service","z_order":0,"other_tags":"\"access\"=>\"destination\",\"surface\"=>\"ground\""},"geometry":{"type":"LineString","coordinates":[[121.0548655,14.6305494],[121.054975,14.6304971],[121.0550186,14.630491],[121.0550585,14.6304987],[121.0551841,14.6305397]]}},
{"type":"Feature","properties":{"osm_id":"1235363537","highway":"service","z_order":0,"other_tags":"\"access\"=>\"destination\",\"oneway\"=>\"yes\",\"service\"=>\"driveway\""},"geometry":{"type":"LineString","coordinates":[[121.0553057,14.6306919],[121.0551518,14.6306334]]}},
{"type":"Feature","properties":{"osm_id":"1235363538","highway":"service","z_order":0,"other_tags":"\"access\"=>\"destination\",\"oneway\"=>\"yes\",\"service\"=>\"driveway\""},"geometry":{"type":"LineString","coordinates":[[121.0553689,14.630534],[121.0554277,14.6305534]]}},
{"type":"Feature","properties":{"osm_id":"1235363539","highway":"service","z_order":0,"other_tags":"\"access\"=>\"destination\",\"oneway\"=>\"yes\",\"service\"=>\"driveway\""},"geometry":{"type":"LineString","coordinates":[[121.0553689,14.630534],[121.0553057,14.6306919]]}},
{"type":"Feature","properties":{"osm_id":"1235363540","highway":"service","z_order":0,"other_tags":"\"access\"=>\"destination\",\"oneway\"=>\"yes\",\"service\"=>\"driveway\""},"geometry":{"type":"LineString","coordinates":[[121.0553694,14.6307151],[121.0553057,14.6306919]]}},
{"type":"Feature","properties":{"osm_id":"1235363541","highway":"service","z_order":0,"other_tags":"\"access\"=>\"private\",\"oneway\"=>\"yes\",\"service\"=>\"driveway\""},"geometry":{"type":"LineString","coordinates":[[121.0554277,14.6305534],[121.0554304,14.6305544]]}},
{"type":"Feature","properties":{"osm_id":"1235383015","highway":"service","z_order":0,"other_tags":"\"access\"=>\"private\",\"service\"=>\"driveway\""},"geometry":{"type":"LineString","coordinates":[[121.0606764,14.6319663],[121.0612947,14.6325061],[121.0613067,14.632511],[121.0613218,14.63251]]}},
{"type":"Feature","properties":{"osm_id":"1235383016","highway":"service","z_order":0,"other_tags":"\"access\"=>\"private\",\"service\"=>\"driveway\""},"geometry":{"type":"LineString","coordinates":[[121.0608027,14.6317264],[121.0614724,14.6323199],[121.0614764,14.6323439],[121.0614669,14.6323645]]}},
{"type":"Feature","properties":{"osm_id":"1236243002","highway":"footway","z_order":0,"other_tags":"\"access\"=>\"destination\""},"geometry":{"type":"LineString","coordinates":[[121.069031,14.6288621],[121.0690006,14.6289298]]}},
{"type":"Feature","properties":{"osm_id":"1236243004","highway":"footway","z_order":0,"other_tags":"\"access\"=>\"destination\""},"geometry":{"type":"LineString","coordinates":[[121.0689587,14.629038],[121.0690006,14.6289298]]}},
{"type":"Feature","properties":{"osm_id":"1236243005","highway":"service","z_order":0,"other_tags":"\"access\"=>\"destination\",\"service\"=>\"driveway\""},"geometry":{"type":"LineString","coordinates":[[121.0687271,14.6284756],[121.0694201,14.6287062]]}},
{"type":"Feature","properties":{"osm_id":"1236243006","highway":"service","z_order":0,"other_tags":"\"access\"=>\"destination\",\"service\"=>\"driveway\""},"geometry":{"type":"LineString","coordinates":[[121.0694201,14.6287062],[121.0692958,14.6290725]]}},
{"type":"Feature","properties":{"osm_id":"1236243007","highway":"service","z_order":0,"other_tags":"\"service\"=>\"driveway\""},"geometry":{"type":"LineString","coordinates":[[121.0694558,14.6287175],[121.0695717,14.6287789]]}},
{"type":"Feature","properties":{"osm_id":"1236244256","highway":"service","z_order":0,"other_tags":"\"access\"=>\"private\""},"geometry":{"type":"LineString","coordinates":[[121.0679465,14.6283721],[121.0680532,14.6280968]]}},
{"type":"Feature","properties":{"osm_id":"1236244257","highway":"footway","z_order":0,"other_tags":"\"access\"=>\"private\""},"geometry":{"type":"LineString","coordinates":[[121.0678495,14.6284073],[121.0678726,14.6283457]]}},
{"type":"Feature","properties":{"osm_id":"1236244258","highway":"footway","z_order":0,"other_tags":"\"access\"=>\"private\",\"covered\"=>\"yes\""},"geometry":{"type":"LineString","coordinates":[[121.0678172,14.6284931],[121.0678495,14.6284073]]}},
{"type":"Feature","properties":{"osm_id":"1236244259","highway":"footway","z_order":0},"geometry":{"type":"LineString","coordinates":[[121.0677709,14.6286114],[121.0678053,14.6285246]]}},
{"type":"Feature","properties":{"osm_id":"1236244260","highway":"footway","z_order":0,"other_tags":"\"access\"=>\"private\""},"geometry":{"type":"LineString","coordinates":[[121.0678053,14.6285246],[121.0678172,14.6284931]]}},
{"type":"Feature","properties":{"osm_id":"1236244261","highway":"service","z_order":0,"other_tags":"\"access\"=>\"destination\""},"geometry":{"type":"LineString","coordinates":[[121.067755,14.6285052],[121.0677646,14.6284816]]}},
{"type":"Feature","properties":{"osm_id":"1236244817","highway":"service","z_order":0,"other_tags":"\"access\"=>\"destination\",\"driveway\"=>\"pipestem\",\"service\"=>\"driveway\""},"geometry":{"type":"LineString","coordinates":[[121.0663347,14.6274778],[121.0663443,14.6274768]]}},
{"type":"Feature","properties":{"osm_id":"1236245600","highway":"service","z_order":0,"other_tags":"\"service\"=>\"driveway\""},"geometry":{"type":"LineString","coordinates":[[121.0680108,14.6305595],[121.0680167,14.6305465]]}},
{"type":"Feature","properties":{"osm_id":"1236245601","name":"Supa Street","highway":"service","z_order":0,"other_tags":"\"service\"=>\"alley\""},"geometry":{"type":"LineString","coordinates":[[121.0693088,14.6295292],[121.0693075,14.6294506]]}},
{"type":"Feature","properties":{"osm_id":"1236254477","highway":"footway","z_order":0,"other_tags":"\"abutters\"=>\"residential\",\"footway\"=>\"alley\",\"motorcycle\"=>\"destination\""},"geometry":{"type":"LineString","coordinates":[[121.0678215,14.6327701],[121.0678368,14.6321763]]}},
{"type":"Feature","properties":{"osm_id":"1236462856","name":"Narra Street","highway":"tertiary","z_order":4,"other_tags":"\"admin_level\"=>\"10\",\"boundary\"=>\"administrative\",\"designation\"=>\"city_road\",\"lanes\"=>\"2\",\"lit\"=>\"yes\",\"maxspeed\"=>\"30\",\"postal_code\"=>\"1102\",\"sidewalk\"=>\"both\",\"surface\"=>\"asphalt\""},"geometry":{"type":"LineString","coordinates":[[121.0665671,14.6323567],[121.0662401,14.6322415]]}},
{"type":"Feature","properties":{"osm_id":"1236484948","highway":"service","z_order":0,"other_tags":"\"service\"=>\"alley\",\"surface\"=>\"concrete\""},"geometry":{"type":"LineString","coordinates":[[121.0648518,14.6285219],[121.0646971,14.628499],[121.0646816,14.6284935],[121.0646739,14.6284857],[121.0646661,14.6284673],[121.0647299,14.6280535]]}},
{"type":"Feature","properties":{"osm_id":"1236484949","highway":"service","z_order":0,"other_tags":"\"driveway\"=>\"pipestem\",\"service\"=>\"driveway\""},"geometry":{"type":"LineString","coordinates":[[121.0636678,14.6286356],[121.0636527,14.6287112]]}},
{"type":"Feature","properties":{"osm_id":"1236484950","highway":"service","z_order":0,"other_tags":"\"access\"=>\"private\",\"driveway\"=>\"pipestem\",\"service\"=>\"driveway\""},"geometry":{"type":"LineString","coordinates":[[121.0637224,14.6283559],[121.0636678,14.6286356]]}},
{"type":"Feature","properties":{"osm_id":"1236490294","highway":"service","z_order":0,"other_tags":"\"access\"=>\"private\",\"service\"=>\"driveway\""},"geometry":{"type":"LineString","coordinates":[[121.0615862,14.6268338],[121.0615452,14.6269313]]}},
{"type":"Feature","properties":{"osm_id":"1236490295","highway":"service","z_order":0,"other_tags":"\"access\"=>\"private\",\"service\"=>\"driveway\""},"geometry":{"type":"LineString","coordinates":[[121.0617274,14.6265546],[121.0615862,14.6268338]]}},
{"type":"Feature","properties":{"osm_id":"1236491324","highway":"service","z_order":0,"other_tags":"\"service\"=>\"driveway\""},"geometry":{"type":"LineString","coordinates":[[121.059509,14.6260026],[121.0595597,14.6258993]]}},
{"type":"Feature","properties":{"osm_id":"1236491325","highway":"service","z_order":0,"other_tags":"\"oneway\"=>\"yes\""},"geometry":{"type":"LineString","coordinates":[[121.0595138,14.6258787],[121.0594639,14.6259799]]}},
{"type":"Feature","properties":{"osm_id":"1236491326","highway":"service","z_order":0,"other_tags":"\"access\"=>\"destination\",\"oneway\"=>\"yes\",\"service\"=>\"driveway\""},"geometry":{"type":"LineString","coordinates":[[121.0598101,14.6261494],[121.0598645,14.6260412]]}},
{"type":"Feature","properties":{"osm_id":"1236491327","highway":"service","z_order":0,"other_tags":"\"access\"=>\"no\",\"service\"=>\"driveway\""},"geometry":{"type":"LineString","coordinates":[[121.0599129,14.6261046],[121.0601537,14.6256116]]}},
{"type":"Feature","properties":{"osm_id":"1236492223","highway":"service","z_order":0,"other_tags":"\"access\"=>\"private\",\"oneway\"=>\"yes\""},"geometry":{"type":"LineString","coordinates":[[121.0605347,14.6246876],[121.0605356,14.6247054],[121.0604871,14.6247916]]}},
{"type":"Feature","properties":{"osm_id":"1236492224","highway":"service","z_order":0,"other_tags":"\"access\"=>\"private\",\"oneway\"=>\"yes\""},"geometry":{"type":"LineString","coordinates":[[121.0604497,14.6248672],[121.0601668,14.6254768],[121.0601551,14.6254872],[121.060137,14.625494]]}},
{"type":"Feature","properties":{"osm_id":"1236492225","highway":"service","z_order":0,"other_tags":"\"access\"=>\"destination\",\"oneway\"=>\"yes\""},"geometry":{"type":"LineString","coordinates":[[121.0606046,14.6248472],[121.0607047,14.6248946]]}},
{"type":"Feature","properties":{"osm_id":"1236492226","highway":"service","z_order":0,"other_tags":"\"access\"=>\"private\",\"oneway\"=>\"yes\""},"geometry":{"type":"LineString","coordinates":[[121.0605719,14.6249235],[121.0604497,14.6248672]]}},
{"type":"Feature","properties":{"osm_id":"1236492227","highway":"service","z_order":0,"other_tags":"\"access\"=>\"destination\",\"oneway\"=>\"no\",\"service\"=>\"driveway\""},"geometry":{"type":"LineString","coordinates":[[121.060643,14.6250129],[121.0605427,14.6249722]]}},
{"type":"Feature","properties":{"osm_id":"1236492228","highway":"service","z_order":0,"other_tags":"\"service\"=>\"driveway\""},"geometry":{"type":"LineString","coordinates":[[121.0608111,14.62552],[121.0608864,14.6255653]]}},
{"type":"Feature","properties":{"osm_id":"1236492229","highway":"service","z_order":0,"other_tags":"\"access\"=>\"private\",\"service\"=>\"driveway\""},"geometry":{"type":"LineString","coordinates":[[121.0610347,14.6254724],[121.0611706,14.625536]]}},
{"type":"Feature","properties":{"osm_id":"1236492230","highway":"service","z_order":0,"other_tags":"\"access\"=>\"private\",\"service\"=>\"parking_aisle\""},"geometry":{"type":"LineString","coordinates":[[121.0614281,14.6256384],[121.0616065,14.6253205],[121.0616112,14.6252978],[121.0616011,14.6252744],[121.0614928,14.6252138]]}},
{"type":"Feature","properties":{"osm_id":"1236492795","highway":"service","z_order":0,"other_tags":"\"access\"=>\"private\",\"service\"=>\"driveway\""},"geometry":{"type":"LineString","coordinates":[[121.0624061,14.6246176],[121.0619365,14.6243827],[121.0618821,14.6243559]]}},
{"type":"Feature","properties":{"osm_id":"1236492796","highway":"service","z_order":0,"other_tags":"\"access\"=>\"private\",\"service\"=>\"driveway\""},"geometry":{"type":"LineString","coordinates":[[121.0617328,14.6241956],[121.0617402,14.6242696]]}},
{"type":"Feature","properties":{"osm_id":"1236492797","highway":"service","z_order":0,"other_tags":"\"access\"=>\"private\""},"geometry":{"type":"LineString","coordinates":[[121.0615813,14.6245641],[121.0615786,14.6245824],[121.061584,14.6245992],[121.0616973,14.624655]]}},
{"type":"Feature","properties":{"osm_id":"1236492798","highway":"service","z_order":0,"other_tags":"\"access\"=>\"private\",\"service\"=>\"driveway\""},"geometry":{"type":"LineString","coordinates":[[121.061672,14.6241414],[121.0617225,14.6241727],[121.0617328,14.6241956]]}},
{"type":"Feature","properties":{"osm_id":"1236492799","highway":"service","z_order":0,"other_tags":"\"service\"=>\"driveway\""},"geometry":{"type":"LineString","coordinates":[[121.0615879,14.6240986],[121.061672,14.6241414]]}},
{"type":"Feature","properties":{"osm_id":"1236493207","highway":"service","z_order":0,"other_tags":"\"service\"=>\"driveway\""},"geometry":{"type":"LineString","coordinates":[[121.0620069,14.6232146],[121.0620883,14.6232547]]}},
{"type":"Feature","properties":{"osm_id":"1236493208","highway":"service","z_order":0,"other_tags":"\"access\"=>\"private\",\"service\"=>\"driveway\""},"geometry":{"type":"LineString","coordinates":[[121.062116,14.6232684],[121.0624318,14.6226162]]}},
{"type":"Feature","properties":{"osm_id":"1236493209","highway":"service","z_order":0,"other_tags":"\"access\"=>\"private\",\"service\"=>\"driveway\""},"geometry":{"type":"LineString","coordinates":[[121.0620883,14.6232547],[121.062116,14.6232684],[121.0622312,14.6233257]]}},
{"type":"Feature","properties":{"osm_id":"1236493210","highway":"service","z_order":0,"other_tags":"\"service\"=>\"driveway\""},"geometry":{"type":"LineString","coordinates":[[121.0619714,14.6230466],[121.0620677,14.6230881]]}},
{"type":"Feature","properties":{"osm_id":"1236493211","highway":"service","z_order":0,"other_tags":"\"access\"=>\"private\",\"service\"=>\"driveway\""},"geometry":{"type":"LineString","coordinates":[[121.0617999,14.6229713],[121.0619714,14.6230466]]}},
{"type":"Feature","properties":{"osm_id":"1236493212","highway":"service","z_order":0,"other_tags":"\"surface\"=>\"asphalt\""},"geometry":{"type":"LineString","coordinates":[[121.0619277,14.6236303],[121.0618415,14.6235721]]}},
{"type":"Feature","properties":{"osm_id":"1236493213","highway":"service","z_order":0,"other_tags":"\"access\"=>\"private\""},"geometry":{"type":"LineString","coordinates":[[121.0615737,14.6234898],[121.0616246,14.623372],[121.0616179,14.6233435]]}},
{"type":"Feature","properties":{"osm_id":"1236493214","highway":"service","z_order":0},"geometry":{"type":"LineString","coordinates":[[121.0618202,14.6236145],[121.0617038,14.6235563]]}},
{"type":"Feature","properties":{"osm_id":"1236493215","highway":"service","z_order":0,"other_tags":"\"service\"=>\"driveway\""},"geometry":{"type":"LineString","coordinates":[[121.0617506,14.623969],[121.0616729,14.6239244]]}},
{"type":"Feature","properties":{"osm_id":"1236493368","highway":"service","z_order":0,"other_tags":"\"service\"=>\"driveway\""},"geometry":{"type":"LineString","coordinates":[[121.062514,14.6223495],[121.0624393,14.6223169]]}},
{"type":"Feature","properties":{"osm_id":"1236493369","highway":"service","z_order":0,"other_tags":"\"access\"=>\"private\",\"service\"=>\"driveway\""},"geometry":{"type":"LineString","coordinates":[[121.0626394,14.6224041],[121.062514,14.6223495]]}},
{"type":"Feature","properties":{"osm_id":"1236493370","highway":"footway","z_order":0},"geometry":{"type":"LineString","coordinates":[[121.062254,14.6220612],[121.0625063,14.6221719]]}},
{"type":"Feature","properties":{"osm_id":"1236493371","highway":"service","z_order":0,"other_tags":"\"access\"=>\"private\""},"geometry":{"type":"LineString","coordinates":[[121.062336,14.6222736],[121.0620823,14.6221657]]}},
{"type":"Feature","properties":{"osm_id":"1236531223","highway":"service","z_order":0,"other_tags":"\"access\"=>\"private\""},"geometry":{"type":"LineString","coordinates":[[121.0632366,14.6203764],[121.0629717,14.6202661]]}},
{"type":"Feature","properties":{"osm_id":"1236531224","name":"Century Compound","highway":"service","z_order":0,"other_tags":"\"access\"=>\"private\",\"postal_code\"=>\"1109\""},"geometry":{"type":"LineString","coordinates":[[121.0633975,14.6204886],[121.0649372,14.621134]]}},
{"type":"Feature","properties":{"osm_id":"1236531225","highway":"service","z_order":0,"other_tags":"\"access\"=>\"private\",\"driveway\"=>\"pipestem\",\"maxspeed\"=>\"15\",\"service\"=>\"driveway\""},"geometry":{"type":"LineString","coordinates":[[121.063528,14.6202242],[121.0637932,14.6203355],[121.0638166,14.6203389]]}},
{"type":"Feature","properties":{"osm_id":"1236531226","highway":"service","z_order":0,"other_tags":"\"driveway\"=>\"pipestem\",\"service\"=>\"driveway\""},"geometry":{"type":"LineString","coordinates":[[121.0635125,14.6202185],[121.063528,14.6202242]]}},
{"type":"Feature","properties":{"osm_id":"1236532599","highway":"footway","z_order":0,"other_tags":"\"footway\"=>\"alley\",\"motorcycle\"=>\"yes\""},"geometry":{"type":"LineString","coordinates":[[121.0670108,14.6205175],[121.0666249,14.6201152]]}},
{"type":"Feature","properties":{"osm_id":"1236744748","highway":"service","z_order":0,"other_tags":"\"access\"=>\"permissive\""},"geometry":{"type":"LineString","coordinates":[[121.0620744,14.6208959],[121.0621785,14.6206309],[121.0621979,14.6206197],[121.0622187,14.6206171],[121.0622495,14.6206236],[121.0623032,14.6206418],[121.0623102,14.6206544],[121.0623112,14.6206722],[121.062295,14.6207162],[121.0622063,14.6209382]]}},
{"type":"Feature","properties":{"osm_id":"1236744749","highway":"service","z_order":0},"geometry":{"type":"LineString","coordinates":[[121.0621936,14.6210381],[121.0621949,14.6210343],[121.0622272,14.6209442]]}},
{"type":"Feature","properties":{"osm_id":"1236745150","name":"Mirasol Street","highway":"residential","z_order":3,"other_tags":"\"lane_markings\"=>\"no\",\"lanes\"=>\"2\",\"lit\"=>\"yes\",\"postal_code\"=>\"1109\",\"sidewalk\"=>\"both\",\"surface\"=>\"asphalt\""},"geometry":{"type":"LineString","coordinates":[[121.0611148,14.6238335],[121.0613238,14.6239317],[121.061609,14.6240535]]}},
{"type":"Feature","properties":{"osm_id":"1236745151","highway":"service","z_order":0,"other_tags":"\"service\"=>\"driveway\""},"geometry":{"type":"LineString","coordinates":[[121.0609289,14.6242135],[121.0610921,14.62388],[121.0611148,14.6238335]]}},
{"type":"Feature","properties":{"osm_id":"1236745153","highway":"service","z_order":0,"other_tags":"\"service\"=>\"driveway\""},"geometry":{"type":"LineString","coordinates":[[121.0603753,14.6234346],[121.060371,14.6234885]]}},
{"type":"Feature","properties":{"osm_id":"1236745154","highway":"service","z_order":0,"other_tags":"\"access\"=>\"private\",\"service\"=>\"driveway\""},"geometry":{"type":"LineString","coordinates":[[121.0603187,14.6232038],[121.0603626,14.623241],[121.060388,14.6232766],[121.0603894,14.6233357],[121.0603753,14.6234346]]}},
{"type":"Feature","properties":{"osm_id":"1236745155","highway":"service","z_order":0,"other_tags":"\"access\"=>\"private\",\"service\"=>\"driveway\""},"geometry":{"type":"LineString","coordinates":[[121.0600411,14.6241564],[121.0602778,14.623649]]}},
{"type":"Feature","properties":{"osm_id":"1236745158","highway":"service","z_order":0,"other_tags":"\"access\"=>\"private\",\"service\"=>\"driveway\""},"geometry":{"type":"LineString","coordinates":[[121.0604001,14.6242074],[121.0605597,14.6238042],[121.0605593,14.6237832]]}},
{"type":"Feature","properties":{"osm_id":"1236745159","highway":"service","z_order":0,"other_tags":"\"service\"=>\"driveway\""},"geometry":{"type":"LineString","coordinates":[[121.0603673,14.6235832],[121.0604026,14.6235032]]}},
{"type":"Feature","properties":{"osm_id":"1236747108","highway":"service","z_order":0,"other_tags":"\"access\"=>\"private\",\"driveway\"=>\"pipestem\",\"oneway\"=>\"yes\",\"postal_code\"=>\"1109\",\"service\"=>\"driveway\""},"geometry":{"type":"LineString","coordinates":[[121.0589327,14.6237701],[121.0589357,14.6237905],[121.0589498,14.6238003],[121.0591104,14.62387],[121.0591186,14.6238718],[121.0591254,14.623871]]}},
{"type":"Feature","properties":{"osm_id":"1236747109","highway":"service","z_order":0,"other_tags":"\"access\"=>\"private\",\"driveway\"=>\"pipestem\",\"oneway\"=>\"yes\",\"postal_code\"=>\"1109\",\"service\"=>\"driveway\""},"geometry":{"type":"LineString","coordinates":[[121.0592623,14.6230485],[121.0589327,14.6237701]]}},
{"type":"Feature","properties":{"osm_id":"1236747110","highway":"service","z_order":0,"other_tags":"\"driveway\"=>\"pipestem\",\"oneway\"=>\"yes\",\"postal_code\"=>\"1109\",\"service\"=>\"driveway\""},"geometry":{"type":"LineString","coordinates":[[121.0592874,14.622993],[121.0592623,14.6230485]]}},
{"type":"Feature","properties":{"osm_id":"1236747111","highway":"service","z_order":0,"other_tags":"\"access\"=>\"private\",\"service\"=>\"driveway\""},"geometry":{"type":"LineString","coordinates":[[121.0595659,14.6227983],[121.0595821,14.6227479],[121.0596976,14.6224848]]}},
{"type":"Feature","properties":{"osm_id":"1236747112","highway":"service","z_order":0,"other_tags":"\"service\"=>\"driveway\""},"geometry":{"type":"LineString","coordinates":[[121.0595277,14.6231014],[121.0595487,14.6230572]]}},
{"type":"Feature","properties":{"osm_id":"1236747113","highway":"service","z_order":0,"other_tags":"\"access\"=>\"private\",\"barrier:personnel\"=>\"yes\""},"geometry":{"type":"LineString","coordinates":[[121.0596853,14.6231242],[121.0599417,14.6225983],[121.0599522,14.6225954],[121.0599636,14.6225967],[121.0600082,14.6226256],[121.0600211,14.6226277],[121.060034,14.6226236],[121.0601205,14.6224629]]}},
{"type":"Feature","properties":{"osm_id":"1236747114","highway":"service","z_order":0,"other_tags":"\"access\"=>\"private\",\"mapillary\"=>\"160697839322243\",\"service\"=>\"driveway\""},"geometry":{"type":"LineString","coordinates":[[121.059476,14.6239687],[121.0596274,14.6236352],[121.0597146,14.6234431],[121.0597066,14.6234042],[121.0596357,14.623324],[121.059633,14.6232955],[121.0596478,14.6232228]]}},
{"type":"Feature","properties":{"osm_id":"1236747115","highway":"service","z_order":0,"other_tags":"\"service\"=>\"driveway\""},"geometry":{"type":"LineString","coordinates":[[121.0596478,14.6232228],[121.0596702,14.6231635]]}},
{"type":"Feature","properties":{"osm_id":"1236749732","highway":"service","z_order":0,"other_tags":"\"access\"=>\"private\",\"noname\"=>\"yes\",\"oneway\"=>\"no\",\"postal_code\"=>\"1109\",\"service\"=>\"driveway\""},"geometry":{"type":"LineString","coordinates":[[121.0568307,14.6225973],[121.0568829,14.6224891]]}},
{"type":"Feature","properties":{"osm_id":"1236749733","name":"Stanford Street","highway":"residential","z_order":3,"other_tags":"\"postal_code\"=>\"1109\""},"geometry":{"type":"LineString","coordinates":[[121.0560089,14.6242553],[121.0562494,14.6238036],[121.05674,14.6228145],[121.0568307,14.6225973]]}},
{"type":"Feature","properties":{"osm_id":"1236749734","highway":"service","z_order":0,"other_tags":"\"access\"=>\"private\",\"oneway\"=>\"yes\",\"service\"=>\"driveway\",\"surface\"=>\"concrete\""},"geometry":{"type":"LineString","coordinates":[[121.0568546,14.6224839],[121.0565874,14.6223635],[121.056424,14.6222899],[121.0563247,14.6222444]]}},
{"type":"Feature","properties":{"osm_id":"1236749735","highway":"service","z_order":0,"other_tags":"\"access\"=>\"private\",\"oneway\"=>\"yes\",\"service\"=>\"driveway\",\"surface\"=>\"concrete\""},"geometry":{"type":"LineString","coordinates":[[121.0563721,14.6219997],[121.0565154,14.6220652],[121.0566114,14.6221067],[121.0568699,14.6222184],[121.0569361,14.622247],[121.0569653,14.6222687],[121.0569783,14.6222885],[121.0569822,14.6223101]]}},
{"type":"Feature","properties":{"osm_id":"1236749736","highway":"service","z_order":0,"other_tags":"\"access\"=>\"private\",\"service\"=>\"driveway\""},"geometry":{"type":"LineString","coordinates":[[121.0562679,14.6222204],[121.0562019,14.6221882],[121.0561597,14.6221697]]}},
{"type":"Feature","properties":{"osm_id":"1236749737","highway":"service","z_order":0,"other_tags":"\"oneway\"=>\"no\",\"service\"=>\"driveway\""},"geometry":{"type":"LineString","coordinates":[[121.0562525,14.6219505],[121.0562989,14.6219693],[121.0563721,14.6219997]]}},
{"type":"Feature","properties":{"osm_id":"1236749738","highway":"service","z_order":0,"other_tags":"\"access\"=>\"private\",\"service\"=>\"driveway\""},"geometry":{"type":"LineString","coordinates":[[121.0575997,14.6229076],[121.0575555,14.6228903],[121.0573705,14.622724]]}},
{"type":"Feature","properties":{"osm_id":"1236749739","highway":"service","z_order":0,"other_tags":"\"access\"=>\"private\",\"service\"=>\"parking_aisle\""},"geometry":{"type":"LineString","coordinates":[[121.0576673,14.6228754],[121.0579856,14.6230191]]}},
{"type":"Feature","properties":{"osm_id":"1236749740","highway":"service","z_order":0,"other_tags":"\"access\"=>\"private\",\"service\"=>\"driveway\""},"geometry":{"type":"LineString","coordinates":[[121.0580827,14.6228507],[121.0578038,14.6227193],[121.0577546,14.6227117]]}},
{"type":"Feature","properties":{"osm_id":"1236749741","highway":"service","z_order":0,"other_tags":"\"mapillary\"=>\"597770941220370\",\"service\"=>\"driveway\""},"geometry":{"type":"LineString","coordinates":[[121.0581528,14.6228783],[121.0580827,14.6228507]]}},
{"type":"Feature","properties":{"osm_id":"1236749742","highway":"service","z_order":0,"other_tags":"\"access\"=>\"private\",\"service\"=>\"driveway\""},"geometry":{"type":"LineString","coordinates":[[121.0581967,14.6226712],[121.0581404,14.622645]]}},
{"type":"Feature","properties":{"osm_id":"1236749743","highway":"service","z_order":0,"other_tags":"\"access\"=>\"private\",\"oneway\"=>\"yes\",\"service\"=>\"driveway\""},"geometry":{"type":"LineString","coordinates":[[121.0583444,14.6224813],[121.0582733,14.6224465]]}},
{"type":"Feature","properties":{"osm_id":"1236749744","highway":"service","z_order":0,"other_tags":"\"service\"=>\"driveway\""},"geometry":{"type":"LineString","coordinates":[[121.0585013,14.6221691],[121.0584301,14.6221328]]}},
{"type":"Feature","properties":{"osm_id":"1236749745","highway":"service","z_order":0,"other_tags":"\"access\"=>\"private\",\"service\"=>\"driveway\""},"geometry":{"type":"LineString","coordinates":[[121.0581404,14.622645],[121.0574356,14.6223171]]}},
{"type":"Feature","properties":{"osm_id":"1236749746","highway":"service","z_order":0,"other_tags":"\"access\"=>\"private\",\"oneway\"=>\"yes\",\"service\"=>\"driveway\""},"geometry":{"type":"LineString","coordinates":[[121.0575311,14.6220966],[121.0575299,14.6220927],[121.0575289,14.6220895],[121.0575429,14.6220622],[121.057546,14.6220598],[121.0575502,14.622058]]}},
{"type":"Feature","properties":{"osm_id":"1236760344","highway":"service","z_order":0,"other_tags":"\"driveway\"=>\"pipestem\",\"service\"=>\"driveway\""},"geometry":{"type":"LineString","coordinates":[[121.0588217,14.6216397],[121.0587624,14.6216139]]}},
{"type":"Feature","properties":{"osm_id":"1236760345","highway":"service","z_order":0,"other_tags":"\"access\"=>\"destination\",\"service\"=>\"driveway\""},"geometry":{"type":"LineString","coordinates":[[121.058686,14.621772],[121.0589696,14.6218965]]}},
{"type":"Feature","properties":{"osm_id":"1236760346","highway":"service","z_order":0,"other_tags":"\"access\"=>\"private\",\"service\"=>\"parking_aisle\""},"geometry":{"type":"LineString","coordinates":[[121.0589657,14.6223704],[121.0589665,14.6223495],[121.059028,14.6222427]]}},
{"type":"Feature","properties":{"osm_id":"1236760347","highway":"service","z_order":0,"other_tags":"\"access\"=>\"private\",\"service\"=>\"parking_aisle\""},"geometry":{"type":"LineString","coordinates":[[121.0592584,14.6225108],[121.0589759,14.6223832],[121.0589657,14.6223704]]}},
{"type":"Feature","properties":{"osm_id":"1236760348","highway":"service","z_order":0,"other_tags":"\"access\"=>\"private\",\"service\"=>\"driveway\""},"geometry":{"type":"LineString","coordinates":[[121.0586162,14.622049],[121.0587773,14.6221237]]}},
{"type":"Feature","properties":{"osm_id":"1236762192","highway":"service","z_order":0,"other_tags":"\"access\"=>\"destination\",\"service\"=>\"driveway\""},"geometry":{"type":"LineString","coordinates":[[121.0596617,14.620949],[121.0597485,14.6206854]]}},
{"type":"Feature","properties":{"osm_id":"1236762194","highway":"service","z_order":0,"other_tags":"\"access\"=>\"permit\",\"service\"=>\"parking_aisle\""},"geometry":{"type":"LineString","coordinates":[[121.0587164,14.6207501],[121.0587164,14.6207407],[121.0588076,14.6205668]]}},
{"type":"Feature","properties":{"osm_id":"1236762195","highway":"service","z_order":0,"other_tags":"\"access\"=>\"permit\",\"service\"=>\"driveway\""},"geometry":{"type":"LineString","coordinates":[[121.0588076,14.6205668],[121.0590674,14.6206736]]}},
{"type":"Feature","properties":{"osm_id":"1236762196","highway":"service","z_order":0,"other_tags":"\"access\"=>\"permit\",\"service\"=>\"driveway\""},"geometry":{"type":"LineString","coordinates":[[121.0587579,14.6205457],[121.0588076,14.6205668]]}},
{"type":"Feature","properties":{"osm_id":"1236762197","highway":"service","z_order":0,"other_tags":"\"access\"=>\"permit\",\"service\"=>\"driveway\""},"geometry":{"type":"LineString","coordinates":[[121.0586303,14.6207606],[121.0587107,14.6205619],[121.0587164,14.6205506],[121.0587265,14.6205418],[121.0587394,14.6205377],[121.0587579,14.6205457]]}},
{"type":"Feature","properties":{"osm_id":"1236762198","highway":"service","z_order":0,"other_tags":"\"access\"=>\"private\",\"oneway\"=>\"yes\",\"service\"=>\"driveway\""},"geometry":{"type":"LineString","coordinates":[[121.0590674,14.6206736],[121.0591088,14.620691],[121.0591885,14.6207365]]}},
{"type":"Feature","properties":{"osm_id":"1236762199","highway":"service","z_order":0,"other_tags":"\"access\"=>\"destination\",\"oneway\"=>\"yes\",\"service\"=>\"driveway\""},"geometry":{"type":"LineString","coordinates":[[121.0590632,14.6209959],[121.058977,14.6209562]]}},
{"type":"Feature","properties":{"osm_id":"1236762200","highway":"service","z_order":0,"other_tags":"\"access\"=>\"private\",\"oneway\"=>\"yes\",\"service\"=>\"driveway\""},"geometry":{"type":"LineString","coordinates":[[121.058977,14.6209562],[121.0589481,14.6209435],[121.0589477,14.6209344],[121.0589484,14.6209201],[121.0590674,14.6206736]]}},
{"type":"Feature","properties":{"osm_id":"1237123463","highway":"service","z_order":0,"other_tags":"\"access\"=>\"private\""},"geometry":{"type":"LineString","coordinates":[[121.0542948,14.6248059],[121.0543078,14.6248117]]}},
{"type":"Feature","properties":{"osm_id":"1237123464","highway":"service","z_order":0,"other_tags":"\"access\"=>\"private\",\"tunnel\"=>\"building_passage\""},"geometry":{"type":"LineString","coordinates":[[121.0539471,14.6246518],[121.0542948,14.6248059]]}},
{"type":"Feature","properties":{"osm_id":"1237123465","highway":"service","z_order":0},"geometry":{"type":"LineString","coordinates":[[121.0543078,14.6248117],[121.0543345,14.6248235]]}},
{"type":"Feature","properties":{"osm_id":"1237124391","highway":"service","z_order":0,"other_tags":"\"access\"=>\"destination\",\"service\"=>\"driveway\""},"geometry":{"type":"LineString","coordinates":[[121.059022,14.6252374],[121.0590542,14.6251798]]}},
{"type":"Feature","properties":{"osm_id":"1237124392","highway":"service","z_order":0,"other_tags":"\"access\"=>\"private\",\"service\"=>\"driveway\""},"geometry":{"type":"LineString","coordinates":[[121.0591425,14.6244533],[121.0591553,14.6244412],[121.059167,14.6244378],[121.0591757,14.6244397],[121.0591838,14.6244429],[121.0592571,14.6244745],[121.0594802,14.6245878],[121.0595087,14.6246009],[121.0595157,14.6246129],[121.059516,14.6246313]]}},
{"type":"Feature","properties":{"osm_id":"1237124393","highway":"service","z_order":0,"other_tags":"\"access\"=>\"private\",\"service\"=>\"driveway\""},"geometry":{"type":"LineString","coordinates":[[121.0588933,14.6249595],[121.0588941,14.6249416],[121.0591425,14.6244533]]}},
{"type":"Feature","properties":{"osm_id":"1237124394","highway":"service","z_order":0,"other_tags":"\"access\"=>\"private\",\"service\"=>\"parking_aisle\""},"geometry":{"type":"LineString","coordinates":[[121.0593969,14.6241913],[121.0593802,14.6242064],[121.0592571,14.6244745]]}},
{"type":"Feature","properties":{"osm_id":"1237124395","highway":"service","z_order":0,"other_tags":"\"access\"=>\"private\",\"service\"=>\"parking_aisle\""},"geometry":{"type":"LineString","coordinates":[[121.0596055,14.6243018],[121.0595988,14.6242869],[121.0595868,14.6242772],[121.0594151,14.6241941],[121.0593969,14.6241913]]}},
{"type":"Feature","properties":{"osm_id":"1237124396","highway":"service","z_order":0,"other_tags":"\"access\"=>\"private\",\"service\"=>\"parking_aisle\""},"geometry":{"type":"LineString","coordinates":[[121.0594802,14.6245878],[121.0596029,14.6243154],[121.0596055,14.6243018]]}},
{"type":"Feature","properties":{"osm_id":"1237124397","highway":"service","z_order":0,"other_tags":"\"access\"=>\"private\",\"service\"=>\"driveway\""},"geometry":{"type":"LineString","coordinates":[[121.0590916,14.6251128],[121.0590306,14.6250749],[121.0589881,14.625019],[121.0589001,14.6249773],[121.0588933,14.6249595]]}},
{"type":"Feature","properties":{"osm_id":"1237124398","highway":"service","z_order":0,"other_tags":"\"access\"=>\"private\",\"service\"=>\"driveway\""},"geometry":{"type":"LineString","coordinates":[[121.0590542,14.6251798],[121.0590916,14.6251128],[121.059222,14.6251687],[121.0592398,14.6251729],[121.0592564,14.6251709],[121.0592693,14.6251651],[121.0592797,14.6251544],[121.059516,14.6246313]]}},
{"type":"Feature","properties":{"osm_id":"1237124399","highway":"service","z_order":0,"other_tags":"\"access\"=>\"customers\",\"service\"=>\"parking_aisle\""},"geometry":{"type":"LineString","coordinates":[[121.0587393,14.6256155],[121.0589022,14.6252861]]}},
{"type":"Feature","properties":{"osm_id":"1237124400","highway":"service","z_order":0},"geometry":{"type":"LineString","coordinates":[[121.0589019,14.6256104],[121.0588685,14.6256807]]}},
{"type":"Feature","properties":{"osm_id":"1237125406","highway":"service","z_order":0,"other_tags":"\"service\"=>\"driveway\""},"geometry":{"type":"LineString","coordinates":[[121.0582226,14.625355],[121.0582362,14.6253287]]}},
{"type":"Feature","properties":{"osm_id":"1237125407","highway":"service","z_order":0,"other_tags":"\"access\"=>\"private\",\"service\"=>\"driveway\""},"geometry":{"type":"LineString","coordinates":[[121.0582362,14.6253287],[121.0584138,14.6250216],[121.0585414,14.6247943],[121.0586607,14.6245376]]}},
{"type":"Feature","properties":{"osm_id":"1237125408","highway":"service","z_order":0,"other_tags":"\"service\"=>\"driveway\",\"tunnel\"=>\"building_passage\""},"geometry":{"type":"LineString","coordinates":[[121.0577605,14.6250236],[121.0577622,14.6250205],[121.0578494,14.6248582]]}},
{"type":"Feature","properties":{"osm_id":"1237125409","highway":"service","z_order":0,"other_tags":"\"service\"=>\"driveway\""},"geometry":{"type":"LineString","coordinates":[[121.0577187,14.6251015],[121.0577605,14.6250236]]}},
{"type":"Feature","properties":{"osm_id":"1237125410","highway":"service","z_order":0,"other_tags":"\"access\"=>\"private\",\"service\"=>\"driveway\""},"geometry":{"type":"LineString","coordinates":[[121.0578494,14.6248582],[121.057899,14.6247618],[121.0579145,14.6247505],[121.0579459,14.6247508],[121.0579754,14.6247605],[121.0580222,14.6247852]]}},
{"type":"Feature","properties":{"osm_id":"1237945684","highway":"service","z_order":0,"other_tags":"\"access\"=>\"private\",\"vehicle\"=>\"destination\""},"geometry":{"type":"LineString","coordinates":[[121.0679077,14.6205645],[121.0680673,14.6203907],[121.0681864,14.6204236]]}},
{"type":"Feature","properties":{"osm_id":"1237945685","highway":"service","z_order":0,"other_tags":"\"access\"=>\"private\",\"vehicle\"=>\"destination\""},"geometry":{"type":"LineString","coordinates":[[121.0681805,14.6204426],[121.0681864,14.6204236],[121.0682101,14.6203479]]}},
{"type":"Feature","properties":{"osm_id":"1237945686","highway":"service","z_order":0,"other_tags":"\"access\"=>\"private\",\"service\"=>\"driveway\",\"vehicle\"=>\"destination\""},"geometry":{"type":"LineString","coordinates":[[121.0685366,14.6207572],[121.0687123,14.620804],[121.0687573,14.6206495]]}},
{"type":"Feature","properties":{"osm_id":"1237945687","highway":"service","z_order":0},"geometry":{"type":"LineString","coordinates":[[121.06902,14.6207142],[121.0689785,14.6207043]]}},
{"type":"Feature","properties":{"osm_id":"1266518974","name":"General MacArthur Avenue","highway":"unclassified","z_order":3,"other_tags":"\"lane_markings\"=>\"yes\",\"lanes\"=>\"2\",\"lit\"=>\"yes\",\"maxspeed\"=>\"20\",\"oneway\"=>\"yes\",\"postal_code\"=>\"1109\",\"source:maxspeed\"=>\"sign\",\"surface\"=>\"asphalt\""},"geometry":{"type":"LineString","coordinates":[[121.0549528,14.6198873],[121.0555352,14.6201729],[121.0556215,14.6202153],[121.0556555,14.620232],[121.0556808,14.6202442]]}},
{"type":"Feature","properties":{"osm_id":"1289090136","name":"15th Avenue","highway":"secondary","z_order":6,"other_tags":"\"designation\"=>\"national_tertiary_road\",\"lane_markings\"=>\"yes\",\"lanes\"=>\"2\",\"lit\"=>\"yes\",\"maxspeed\"=>\"40\",\"maxspeed:type\"=>\"PH:urban\",\"oneway\"=>\"yes\",\"sidewalk\"=>\"both\",\"surface\"=>\"concrete\""},"geometry":{"type":"LineString","coordinates":[[121.0571745,14.6248966],[121.0572034,14.6248429]]}},
{"type":"Feature","properties":{"osm_id":"1289564391","name":"General Romulo Avenue","highway":"tertiary","z_order":4,"other_tags":"\"foot\"=>\"no\",\"lanes\"=>\"2\",\"lit\"=>\"yes\",\"maxspeed\"=>\"20\",\"oneway\"=>\"yes\",\"postal_code\"=>\"1109\",\"source:maxspeed\"=>\"sign\",\"surface\"=>\"asphalt\""},"geometry":{"type":"LineString","coordinates":[[121.056814,14.6208181],[121.05678,14.6208846]]}},
{"type":"Feature","properties":{"osm_id":"1289564392","name":"General Romulo Avenue","highway":"tertiary","z_order":4,"other_tags":"\"lane_markings\"=>\"yes\",\"lanes\"=>\"2\",\"lit\"=>\"yes\",\"maxspeed\"=>\"20\",\"oneway\"=>\"yes\",\"postal_code\"=>\"1109\",\"source:maxspeed\"=>\"sign\",\"surface\"=>\"asphalt\""},"geometry":{"type":"LineString","coordinates":[[121.0571155,14.6203195],[121.056926,14.6206394],[121.0568647,14.6207402]]}},
{"type":"Feature","properties":{"osm_id":"1289564393","name":"General Romulo Avenue","highway":"tertiary","z_order":4,"other_tags":"\"foot\"=>\"no\",\"lane_markings\"=>\"yes\",\"lanes\"=>\"2\",\"lit\"=>\"yes\",\"maxspeed\"=>\"20\",\"oneway\"=>\"yes\",\"postal_code\"=>\"1109\",\"source:maxspeed\"=>\"sign\",\"surface\"=>\"asphalt\""},"geometry":{"type":"LineString","coordinates":[[121.05675,14.6207859],[121.0568018,14.6207083]]}},
{"type":"Feature","properties":{"osm_id":"1289564394","name":"General Romulo Avenue","highway":"tertiary","z_order":4,"other_tags":"\"foot\"=>\"no\",\"lane_markings\"=>\"yes\",\"lanes\"=>\"2\",\"lit\"=>\"yes\",\"maxspeed\"=>\"20\",\"oneway\"=>\"yes\",\"postal_code\"=>\"1109\",\"source:maxspeed\"=>\"sign\",\"surface\"=>\"asphalt\""},"geometry":{"type":"LineString","coordinates":[[121.0567143,14.6208522],[121.05675,14.6207859]]}},
{"type":"Feature","properties":{"osm_id":"1289564395","name":"General MacArthur Avenue","highway":"unclassified","z_order":3,"other_tags":"\"foot\"=>\"no\",\"lanes\"=>\"3\",\"lit\"=>\"yes\",\"maxspeed\"=>\"20\",\"oneway\"=>\"yes\",\"postal_code\"=>\"1109\",\"source:maxspeed\"=>\"sign\",\"surface\"=>\"asphalt\",\"turn:lanes\"=>\"left|left;right|right\""},"geometry":{"type":"LineString","coordinates":[[121.05675,14.6207859],[121.056814,14.6208181]]}},
{"type":"Feature","properties":{"osm_id":"1289564398","highway":"service","z_order":0,"other_tags":"\"access\"=>\"no\",\"bus\"=>\"yes\",\"lanes\"=>\"1\",\"oneway\"=>\"yes\",\"surface\"=>\"asphalt\""},"geometry":{"type":"LineString","coordinates":[[121.0571155,14.6203195],[121.0570692,14.6202513]]}},
{"type":"Feature","properties":{"osm_id":"1289564399","highway":"service","z_order":0,"other_tags":"\"fine:foot\"=>\"2,000 PHP\",\"foot\"=>\"no\",\"lanes\"=>\"1\",\"oneway\"=>\"yes\",\"surface\"=>\"concrete\""},"geometry":{"type":"LineString","coordinates":[[121.0570601,14.6205795],[121.0569924,14.6206625],[121.0569676,14.6206813],[121.0568647,14.6207402]]}},
{"type":"Feature","properties":{"osm_id":"1289564400","highway":"service","z_order":0,"other_tags":"\"lanes\"=>\"1\",\"oneway\"=>\"yes\",\"source:maxspeed\"=>\"sign\",\"surface\"=>\"concrete\""},"geometry":{"type":"LineString","coordinates":[[121.0568503,14.6208312],[121.0569114,14.620853],[121.0569596,14.6208526]]}},
{"type":"Feature","properties":{"osm_id":"1289564401","highway":"service","z_order":0,"other_tags":"\"lanes\"=>\"2\",\"oneway\"=>\"yes\",\"source:maxspeed\"=>\"sign\",\"surface\"=>\"concrete\",\"turn:lanes\"=>\"left|right\""},"geometry":{"type":"LineString","coordinates":[[121.0569052,14.6209285],[121.0568133,14.6208968]]}},
{"type":"Feature","properties":{"osm_id":"1289564402","highway":"service","z_order":0,"other_tags":"\"covered\"=>\"yes\",\"lanes\"=>\"1\",\"oneway\"=>\"yes\",\"source:maxspeed\"=>\"sign\",\"surface\"=>\"concrete\",\"tunnel\"=>\"building_passage\""},"geometry":{"type":"LineString","coordinates":[[121.0569596,14.6208526],[121.0569904,14.6208325],[121.0570139,14.6208072],[121.0570467,14.6207942],[121.0570896,14.6208007],[121.0571158,14.6208163],[121.0571218,14.6208494],[121.057095,14.6208999],[121.0570541,14.6209318],[121.0569977,14.6209422],[121.0569442,14.6209389],[121.0569052,14.6209285]]}},
{"type":"Feature","properties":{"osm_id":"1289742950","highway":"service","z_order":0},"geometry":{"type":"LineString","coordinates":[[121.0616967,14.6282603],[121.0613993,14.6281111]]}},
{"type":"Feature","properties":{"osm_id":"1289742951","highway":"service","z_order":0},"geometry":{"type":"LineString","coordinates":[[121.0618872,14.6278816],[121.0618549,14.6278668]]}},
{"type":"Feature","properties":{"osm_id":"1289748783","name":"K-9th Street","highway":"residential","z_order":3,"other_tags":"\"lit\"=>\"yes\",\"oneway\"=>\"yes\",\"postal_code\"=>\"1102\",\"surface\"=>\"concrete\""},"geometry":{"type":"LineString","coordinates":[[121.0549119,14.6313975],[121.0538065,14.6310769]]}},
{"type":"Feature","properties":{"osm_id":"1290034232","name":"Pajo Street","highway":"residential","z_order":3,"other_tags":"\"oneway\"=>\"yes\""},"geometry":{"type":"LineString","coordinates":[[121.0632681,14.6324893],[121.0632803,14.6324648],[121.0632969,14.6324527],[121.0633511,14.6324488]]}},
{"type":"Feature","properties":{"osm_id":"1290067623","highway":"service","z_order":0,"other_tags":"\"covered\"=>\"yes\""},"geometry":{"type":"LineString","coordinates":[[121.0626847,14.6295223],[121.0625908,14.629472]]}},
{"type":"Feature","properties":{"osm_id":"1290067624","highway":"service","z_order":0},"geometry":{"type":"LineString","coordinates":[[121.0625908,14.629472],[121.0625587,14.6294385],[121.0624149,14.6292474]]}},
{"type":"Feature","properties":{"osm_id":"1290067625","highway":"service","z_order":0},"geometry":{"type":"LineString","coordinates":[[121.0627929,14.6294519],[121.0627464,14.6295073],[121.0627196,14.6295235],[121.0626847,14.6295223]]}},
{"type":"Feature","properties":{"osm_id":"1290072387","name":"Narra Street","highway":"tertiary","z_order":4,"other_tags":"\"designation\"=>\"city_road\",\"lane_markings\"=>\"yes\",\"lanes\"=>\"2\",\"lit\"=>\"yes\",\"mapillary\"=>\"4257991047623262\",\"maxspeed\"=>\"30\",\"oneway\"=>\"yes\",\"postal_code\"=>\"1102\",\"sidewalk\"=>\"both\",\"surface\"=>\"concrete\""},"geometry":{"type":"LineString","coordinates":[[121.0687624,14.6324914],[121.0687462,14.632522],[121.0687359,14.6325336],[121.0686975,14.6325385]]}},
{"type":"Feature","properties":{"osm_id":"1290072388","name":"Narra Street","highway":"tertiary","z_order":4,"other_tags":"\"designation\"=>\"city_road\",\"lane_markings\"=>\"yes\",\"lanes\"=>\"2\",\"lit\"=>\"yes\",\"mapillary\"=>\"4257991047623262\",\"maxspeed\"=>\"30\",\"postal_code\"=>\"1102\",\"sidewalk\"=>\"both\",\"surface\"=>\"concrete\""},"geometry":{"type":"LineString","coordinates":[[121.0698562,14.6306394],[121.0698025,14.6307311],[121.0695249,14.6313007],[121.0692131,14.6319194],[121.0691329,14.6320621],[121.0689996,14.6322418],[121.0688961,14.6323633],[121.0688588,14.632407],[121.0687624,14.6324914]]}},
{"type":"Feature","properties":{"osm_id":"1290072389","name":"Narra Street","highway":"tertiary","z_order":4,"other_tags":"\"oneway\"=>\"yes\""},"geometry":{"type":"LineString","coordinates":[[121.0686975,14.6325385],[121.0687143,14.6325074],[121.0687254,14.6325038],[121.0687624,14.6324914]]}},
{"type":"Feature","properties":{"osm_id":"1290107210","highway":"service","z_order":0,"other_tags":"\"driveway\"=>\"pipestem\",\"oneway\"=>\"yes\",\"postal_code\"=>\"1109\",\"service\"=>\"driveway\""},"geometry":{"type":"LineString","coordinates":[[121.0594716,14.6231447],[121.0594996,14.6230911]]}},
{"type":"Feature","properties":{"osm_id":"1290976377","highway":"service","z_order":0},"geometry":{"type":"LineString","coordinates":[[121.0612144,14.6246431],[121.0613094,14.6246841]]}},
{"type":"Feature","properties":{"osm_id":"1291031719","name":"Callejon","highway":"service","z_order":0,"other_tags":"\"motorcar\"=>\"no\",\"service\"=>\"alley\""},"geometry":{"type":"LineString","coordinates":[[121.0686906,14.6316685],[121.0681815,14.6314183]]}},
{"type":"Feature","properties":{"osm_id":"1291045047","highway":"service","z_order":0,"other_tags":"\"access\"=>\"private\""},"geometry":{"type":"LineString","coordinates":[[121.0610866,14.6215752],[121.0615609,14.6217409]]}},
{"type":"Feature","properties":{"osm_id":"1291045048","highway":"service","z_order":0},"geometry":{"type":"LineString","coordinates":[[121.0610339,14.6215568],[121.0610866,14.6215752]]}},
{"type":"Feature","properties":{"osm_id":"1291091742","name":"General Romulo Avenue","highway":"tertiary","z_order":4,"other_tags":"\"lanes\"=>\"4\",\"lit\"=>\"yes\",\"maxspeed\"=>\"20\",\"oneway\"=>\"yes\",\"postal_code\"=>\"1109\",\"source:maxspeed\"=>\"sign\""},"geometry":{"type":"LineString","coordinates":[[121.0559332,14.6227969],[121.0559117,14.6228471]]}},
{"type":"Feature","properties":{"osm_id":"1291381261","highway":"footway","z_order":0,"other_tags":"\"motorcycle\"=>\"yes\""},"geometry":{"type":"LineString","coordinates":[[121.0645504,14.6248815],[121.0649163,14.6243552]]}},
{"type":"Feature","properties":{"osm_id":"1291557697","name":"General Roxas Avenue","highway":"unclassified","z_order":3,"other_tags":"\"lanes\"=>\"2\",\"lit\"=>\"yes\",\"maxspeed\"=>\"20\",\"oneway\"=>\"yes\",\"postal_code\"=>\"1109\",\"surface\"=>\"asphalt\""},"geometry":{"type":"LineString","coordinates":[[121.0546864,14.6222872],[121.0546287,14.6222587]]}},
{"type":"Feature","properties":{"osm_id":"1291566532","highway":"service","z_order":0},"geometry":{"type":"LineString","coordinates":[[121.0657819,14.6240972],[121.0655414,14.6239494]]}},
{"type":"Feature","properties":{"osm_id":"1291566533","highway":"service","z_order":0},"geometry":{"type":"LineString","coordinates":[[121.0696533,14.6268116],[121.0694204,14.6267276]]}},
{"type":"Feature","properties":{"osm_id":"1291573871","highway":"service","z_order":0,"other_tags":"\"oneway\"=>\"yes\""},"geometry":{"type":"LineString","coordinates":[[121.0699449,14.6233551],[121.0699555,14.6234049],[121.069964,14.6234447],[121.0701014,14.6234857],[121.0702255,14.6234271]]}},
{"type":"Feature","properties":{"osm_id":"1291573872","highway":"service","z_order":0},"geometry":{"type":"LineString","coordinates":[[121.0683716,14.6240864],[121.0684257,14.6242793]]}},
{"type":"Feature","properties":{"osm_id":"1291885591","name":"P. Ocampo Street","highway":"residential","z_order":3,"other_tags":"\"postal_code\"=>\"1109\""},"geometry":{"type":"LineString","coordinates":[[121.0690266,14.62695],[121.0692106,14.6264528]]}},
{"type":"Feature","properties":{"osm_id":"1292179999","highway":"service","z_order":0},"geometry":{"type":"LineString","coordinates":[[121.0630311,14.6237708],[121.0630739,14.6237559]]}},
{"type":"Feature","properties":{"osm_id":"1292180000","highway":"service","z_order":0},"geometry":{"type":"LineString","coordinates":[[121.0635896,14.6226255],[121.0638964,14.622757]]}},
{"type":"Feature","properties":{"osm_id":"1292182300","highway":"service","z_order":0,"other_tags":"\"access\"=>\"private\""},"geometry":{"type":"LineString","coordinates":[[121.0606161,14.6258979],[121.0604545,14.6257935],[121.060423,14.6257727],[121.0603881,14.6257636],[121.060366,14.6257597],[121.0603452,14.6257656],[121.0603311,14.6257928],[121.0603304,14.6258149],[121.0603318,14.6258311],[121.0603438,14.6258538],[121.0603599,14.625872],[121.0605732,14.6259855]]}},
{"type":"Feature","properties":{"osm_id":"1292194932","highway":"footway","z_order":0},"geometry":{"type":"LineString","coordinates":[[121.0611995,14.6269517],[121.0612432,14.6268597]]}},
{"type":"Feature","properties":{"osm_id":"1292194933","highway":"footway","z_order":0},"geometry":{"type":"LineString","coordinates":[[121.0614077,14.6270521],[121.0614448,14.6269592]]}},
{"type":"Feature","properties":{"osm_id":"1293100547","highway":"residential","z_order":3,"other_tags":"\"motorcar\"=>\"no\""},"geometry":{"type":"LineString","coordinates":[[121.0699926,14.6205377],[121.0695574,14.6204218],[121.0695349,14.6204158]]}},
{"type":"Feature","properties":{"osm_id":"1293102592","highway":"footway","z_order":0,"other_tags":"\"motorcycle\"=>\"yes\""},"geometry":{"type":"LineString","coordinates":[[121.0634639,14.6253367],[121.0631226,14.6253406]]}},
{"type":"Feature","properties":{"osm_id":"1293310147","highway":"footway","z_order":0,"other_tags":"\"footway\"=>\"crossing\",\"mapillary\"=>\"1566219023562385\",\"noname\"=>\"yes\""},"geometry":{"type":"LineString","coordinates":[[121.0693335,14.6225593],[121.0694249,14.6225782]]}},
{"type":"Feature","properties":{"osm_id":"1293310148","highway":"footway","z_order":0,"other_tags":"\"footway\"=>\"crossing\",\"mapillary\"=>\"1566219023562385\",\"noname\"=>\"yes\""},"geometry":{"type":"LineString","coordinates":[[121.0693865,14.6227078],[121.0693057,14.6226814]]}},
{"type":"Feature","properties":{"osm_id":"1293310153","highway":"service","z_order":0,"other_tags":"\"access\"=>\"destination\",\"service\"=>\"driveway\""},"geometry":{"type":"LineString","coordinates":[[121.0679453,14.6231125],[121.0679379,14.622611],[121.0679371,14.6225435]]}},
{"type":"Feature","properties":{"osm_id":"1293310154","highway":"service","z_order":0,"other_tags":"\"service\"=>\"driveway\""},"geometry":{"type":"LineString","coordinates":[[121.067395,14.6220224],[121.0673242,14.6220267]]}},
{"type":"Feature","properties":{"osm_id":"1293310161","highway":"service","z_order":0,"other_tags":"\"access\"=>\"destination\",\"driveway\"=>\"pipestem\",\"service\"=>\"driveway\""},"geometry":{"type":"LineString","coordinates":[[121.06783,14.62204],[121.0678282,14.6219635]]}},
{"type":"Feature","properties":{"osm_id":"1293310162","highway":"service","z_order":0,"other_tags":"\"access\"=>\"destination\",\"driveway\"=>\"pipestem\",\"service\"=>\"driveway\""},"geometry":{"type":"LineString","coordinates":[[121.0678346,14.6222408],[121.06783,14.62204]]}},
{"type":"Feature","properties":{"osm_id":"1296654741","highway":"residential","z_order":3,"other_tags":"\"access\"=>\"private\",\"motorcar\"=>\"no\""},"geometry":{"type":"LineString","coordinates":[[121.0695349,14.6204158],[121.0691788,14.6203214]]}},
{"type":"Feature","properties":{"osm_id":"1296654742","highway":"residential","z_order":3,"other_tags":"\"motorcar\"=>\"no\""},"geometry":{"type":"LineString","coordinates":[[121.0691788,14.6203214],[121.0691295,14.6203083]]}},
{"type":"Feature","properties":{"osm_id":"1296662710","highway":"service","z_order":0},"geometry":{"type":"LineString","coordinates":[[121.0673218,14.6218512],[121.0674034,14.6218486]]}},
{"type":"Feature","properties":{"osm_id":"1301804489","highway":"service","z_order":0,"other_tags":"\"access\"=>\"private\""},"geometry":{"type":"LineString","coordinates":[[121.0674034,14.6218486],[121.0675429,14.6218473]]}},
{"type":"Feature","properties":{"osm_id":"1304210386","highway":"service","z_order":0,"other_tags":"\"lanes\"=>\"1\",\"lit\"=>\"yes\",\"postal_code\"=>\"1102\",\"service\"=>\"alley\",\"sidewalk\"=>\"no\",\"surface\"=>\"concrete\""},"geometry":{"type":"LineString","coordinates":[[121.0593655,14.6307774],[121.0591937,14.6311671],[121.0591775,14.6312039]]}},
{"type":"Feature","properties":{"osm_id":"1304215459","highway":"service","z_order":0,"other_tags":"\"service\"=>\"driveway\""},"geometry":{"type":"LineString","coordinates":[[121.067648,14.6291295],[121.0677626,14.6291805]]}},
{"type":"Feature","properties":{"osm_id":"1304215460","highway":"service","z_order":0,"other_tags":"\"access\"=>\"private\",\"service\"=>\"driveway\""},"geometry":{"type":"LineString","coordinates":[[121.0675231,14.6290707],[121.067648,14.6291295]]}},
{"type":"Feature","properties":{"osm_id":"1304215461","highway":"service","z_order":0,"other_tags":"\"access\"=>\"private\",\"service\"=>\"driveway\""},"geometry":{"type":"LineString","coordinates":[[121.0679163,14.6291086],[121.0678207,14.6290631]]}},
{"type":"Feature","properties":{"osm_id":"1304215464","highway":"service","z_order":0,"other_tags":"\"driveway\"=>\"pipestem\",\"service\"=>\"driveway\""},"geometry":{"type":"LineString","coordinates":[[121.0681111,14.629721],[121.0680748,14.6297895]]}},
{"type":"Feature","properties":{"osm_id":"1304215465","highway":"service","z_order":0,"other_tags":"\"access\"=>\"destination\",\"driveway\"=>\"pipestem\",\"service\"=>\"driveway\""},"geometry":{"type":"LineString","coordinates":[[121.068254,14.6294502],[121.0681111,14.629721]]}},
{"type":"Feature","properties":{"osm_id":"1304215864","highway":"service","z_order":0,"other_tags":"\"access\"=>\"private\",\"driveway\"=>\"pipestem\",\"lanes\"=>\"1\",\"service\"=>\"driveway\""},"geometry":{"type":"LineString","coordinates":[[121.0671929,14.6290145],[121.0670601,14.6293084]]}},
{"type":"Feature","properties":{"osm_id":"1304215865","highway":"service","z_order":0,"other_tags":"\"access\"=>\"private\",\"driveway\"=>\"pipestem\",\"lanes\"=>\"1\",\"service\"=>\"driveway\""},"geometry":{"type":"LineString","coordinates":[[121.0673353,14.629021],[121.0671764,14.6293576]]}},
{"type":"Feature","properties":{"osm_id":"1304215866","highway":"service","z_order":0,"other_tags":"\"access\"=>\"private\",\"service\"=>\"driveway\""},"geometry":{"type":"LineString","coordinates":[[121.0672651,14.6294715],[121.0672063,14.6295716]]}},
{"type":"Feature","properties":{"osm_id":"1304215867","highway":"service","z_order":0,"other_tags":"\"service\"=>\"driveway\""},"geometry":{"type":"LineString","coordinates":[[121.0672945,14.6294164],[121.0672651,14.6294715]]}},
{"type":"Feature","properties":{"osm_id":"1304218002","highway":"footway","z_order":0},"geometry":{"type":"LineString","coordinates":[[121.0557143,14.62964],[121.0556962,14.6296692],[121.0557079,14.6296774]]}},
{"type":"Feature","properties":{"osm_id":"1304218003","highway":"footway","z_order":0,"other_tags":"\"footway\"=>\"crossing\""},"geometry":{"type":"LineString","coordinates":[[121.0556094,14.6295715],[121.0556721,14.6296139],[121.0557143,14.62964]]}},
{"type":"Feature","properties":{"osm_id":"1304218004","highway":"footway","z_order":0},"geometry":{"type":"LineString","coordinates":[[121.0556466,14.6292773],[121.0557576,14.629349],[121.0556094,14.6295715]]}},
{"type":"Feature","properties":{"osm_id":"1304218005","highway":"footway","z_order":0},"geometry":{"type":"LineString","coordinates":[[121.0556978,14.6296918],[121.0557079,14.6296774],[121.055778,14.6295774],[121.0559417,14.629689]]}},
{"type":"Feature","properties":{"osm_id":"1304328985","highway":"service","z_order":0,"other_tags":"\"access\"=>\"private\",\"service\"=>\"driveway\""},"geometry":{"type":"LineString","coordinates":[[121.0543763,14.6293489],[121.0544906,14.6294012]]}},
{"type":"Feature","properties":{"osm_id":"1304328986","highway":"service","z_order":0,"other_tags":"\"service\"=>\"driveway\""},"geometry":{"type":"LineString","coordinates":[[121.0543391,14.629345],[121.0543763,14.6293489]]}},
{"type":"Feature","properties":{"osm_id":"1304328987","highway":"service","z_order":0,"other_tags":"\"service\"=>\"driveway\""},"geometry":{"type":"LineString","coordinates":[[121.0540778,14.6296963],[121.0540602,14.6296624]]}},
{"type":"Feature","properties":{"osm_id":"1304328988","highway":"service","z_order":0,"other_tags":"\"access\"=>\"private\",\"service\"=>\"driveway\""},"geometry":{"type":"LineString","coordinates":[[121.0541419,14.6298518],[121.0540778,14.6296963]]}},
{"type":"Feature","properties":{"osm_id":"1311889396","name":"Aurora Boulevard","highway":"primary","z_order":7,"other_tags":"\"cycleway:right\"=>\"lane\",\"lane_markings\"=>\"yes\",\"lanes\"=>\"2\",\"lit\"=>\"yes\",\"maxspeed\"=>\"60\",\"maxspeed:bus\"=>\"50\",\"maxspeed:hgv\"=>\"50\",\"oneway\"=>\"yes\",\"placement\"=>\"left_of:2\",\"ref\"=>\"59\",\"sidewalk\"=>\"right\",\"source:maxspeed\"=>\"sign\",\"surface\"=>\"asphalt\",\"wikidata\"=>\"Q4822499\""},"geometry":{"type":"LineString","coordinates":[[121.0560089,14.6242553],[121.0566024,14.6245408]]}},
{"type":"Feature","properties":{"osm_id":"1311892880","name":"General Roxas Avenue","highway":"unclassified","z_order":3,"other_tags":"\"lanes\"=>\"3\",\"lit\"=>\"yes\",\"maxspeed\"=>\"20\",\"oneway\"=>\"yes\",\"postal_code\"=>\"1109\",\"source:maxspeed\"=>\"sign\""},"geometry":{"type":"LineString","coordinates":[[121.0558648,14.6228256],[121.0558118,14.6227997],[121.0547373,14.6223093]]}},
{"type":"Feature","properties":{"osm_id":"1311892881","name":"General Roxas Avenue","highway":"unclassified","z_order":3,"other_tags":"\"foot\"=>\"no\",\"lanes\"=>\"2\",\"lit\"=>\"yes\",\"maxspeed\"=>\"20\",\"oneway\"=>\"yes\",\"postal_code\"=>\"1109\",\"short_name\"=>\"Gen. Roxas\",\"source:maxspeed\"=>\"sign\""},"geometry":{"type":"LineString","coordinates":[[121.0558848,14.6227778],[121.0559332,14.6227969]]}},
{"type":"Feature","properties":{"osm_id":"1314284670","highway":"service","z_order":0,"other_tags":"\"access\"=>\"no\",\"bus\"=>\"yes\",\"bus_bay\"=>\"both\",\"lanes\"=>\"1\",\"oneway\"=>\"yes\",\"surface\"=>\"asphalt\",\"tunnel\"=>\"building_passage\""},"geometry":{"type":"LineString","coordinates":[[121.057671,14.6199877],[121.0574698,14.6202737]]}},
{"type":"Feature","properties":{"osm_id":"1327677075","highway":"service","z_order":0,"other_tags":"\"service\"=>\"parking_aisle\",\"surface\"=>\"asphalt\""},"geometry":{"type":"LineString","coordinates":[[121.0545778,14.6220647],[121.0546891,14.6221166],[121.0547045,14.6221172],[121.0547152,14.6221081],[121.0547642,14.6220251]]}},
{"type":"Feature","properties":{"osm_id":"1327677077","highway":"service","z_order":0,"other_tags":"\"oneway\"=>\"yes\",\"service\"=>\"parking_aisle\""},"geometry":{"type":"LineString","coordinates":[[121.0545439,14.6221236],[121.0545778,14.6220647],[121.0545576,14.6220562],[121.0544731,14.6220127],[121.0540098,14.6217895],[121.0539682,14.621774],[121.0539434,14.6217772],[121.053921,14.6217942]]}},
{"type":"Feature","properties":{"osm_id":"1341810629","name":"General Romulo Avenue","highway":"tertiary","z_order":4,"other_tags":"\"foot\"=>\"no\",\"lanes\"=>\"2\",\"lit\"=>\"yes\",\"maxspeed\"=>\"20\",\"oneway\"=>\"yes\",\"postal_code\"=>\"1109\",\"source:maxspeed\"=>\"sign\""},"geometry":{"type":"LineString","coordinates":[[121.056686,14.620912],[121.0567143,14.6208522]]}},
{"type":"Feature","properties":{"osm_id":"1341810630","name":"General Romulo Avenue","highway":"tertiary","z_order":4,"other_tags":"\"foot\"=>\"no\",\"lanes\"=>\"2\",\"lit\"=>\"yes\",\"maxspeed\"=>\"20\",\"oneway\"=>\"yes\",\"postal_code\"=>\"1109\",\"source:maxspeed\"=>\"sign\""},"geometry":{"type":"LineString","coordinates":[[121.05678,14.6208846],[121.0567505,14.6209443]]}},
{"type":"Feature","properties":{"osm_id":"1341810631","highway":"service","z_order":0,"other_tags":"\"lanes\"=>\"2\",\"oneway\"=>\"yes\",\"source:maxspeed\"=>\"sign\",\"surface\"=>\"concrete\",\"turn:lanes\"=>\"left|right\""},"geometry":{"type":"LineString","coordinates":[[121.0568133,14.6208968],[121.05678,14.6208846]]}},
{"type":"Feature","properties":{"osm_id":"1341810632","highway":"service","z_order":0,"other_tags":"\"foot\"=>\"no\",\"lanes\"=>\"1\",\"maxspeed\"=>\"20\",\"oneway\"=>\"yes\",\"source:maxspeed\"=>\"sign\",\"surface\"=>\"concrete\""},"geometry":{"type":"LineString","coordinates":[[121.056814,14.6208181],[121.0568503,14.6208312]]}},
{"type":"Feature","properties":{"osm_id":"1341810633","name":"General Romulo Avenue","highway":"tertiary","z_order":4,"other_tags":"\"foot\"=>\"no\",\"lane_markings\"=>\"yes\",\"lanes\"=>\"2\",\"lit\"=>\"yes\",\"maxspeed\"=>\"20\",\"oneway\"=>\"yes\",\"postal_code\"=>\"1109\",\"source:maxspeed\"=>\"sign\",\"surface\"=>\"asphalt\""},"geometry":{"type":"LineString","coordinates":[[121.0568647,14.6207402],[121.056814,14.6208181]]}},
{"type":"Feature","properties":{"osm_id":"1341810634","name":"General Romulo Avenue","highway":"tertiary","z_order":4,"other_tags":"\"lane_markings\"=>\"yes\",\"lanes\"=>\"2\",\"lit\"=>\"yes\",\"maxspeed\"=>\"20\",\"oneway\"=>\"yes\",\"postal_code\"=>\"1109\",\"source:maxspeed\"=>\"sign\",\"surface\"=>\"asphalt\""},"geometry":{"type":"LineString","coordinates":[[121.0568018,14.6207083],[121.0570692,14.6202513]]}},
{"type":"Feature","properties":{"osm_id":"1341810635","name":"General MacArthur Avenue","highway":"unclassified","z_order":3,"other_tags":"\"foot\"=>\"no\",\"lanes\"=>\"3\",\"lit\"=>\"yes\",\"maxspeed\"=>\"20\",\"oneway\"=>\"yes\",\"postal_code\"=>\"1109\",\"source:maxspeed\"=>\"sign\",\"surface\"=>\"asphalt\",\"turn:lanes\"=>\"left|left;right|right\""},"geometry":{"type":"LineString","coordinates":[[121.0566725,14.6207502],[121.05675,14.6207859]]}},
{"type":"Feature","properties":{"osm_id":"1341810636","name":"General MacArthur Avenue","highway":"unclassified","z_order":3,"other_tags":"\"foot\"=>\"no\",\"lanes\"=>\"2\",\"lit\"=>\"yes\",\"maxspeed\"=>\"20\",\"oneway\"=>\"yes\",\"postal_code\"=>\"1109\",\"source:maxspeed\"=>\"sign\",\"surface\"=>\"asphalt\""},"geometry":{"type":"LineString","coordinates":[[121.0567143,14.6208522],[121.0566384,14.6208172]]}},
{"type":"Feature","properties":{"osm_id":"1341810637","highway":"footway","z_order":0,"other_tags":"\"footway\"=>\"crossing\""},"geometry":{"type":"LineString","coordinates":[[121.056686,14.620912],[121.0567505,14.6209443],[121.0567832,14.620959],[121.0568133,14.6208968],[121.0568503,14.6208312],[121.0568952,14.6207534],[121.0568647,14.6207402],[121.0568018,14.6207083],[121.0567228,14.6206684],[121.0566725,14.6207502],[121.0566384,14.6208172],[121.0566156,14.6208721],[121.056686,14.620912]]}},
{"type":"Feature","properties":{"osm_id":"1341811943","name":"General Malvar Avenue","highway":"unclassified","z_order":3,"other_tags":"\"foot\"=>\"no\",\"lanes\"=>\"3\",\"lanes:backward\"=>\"2\",\"lanes:forward\"=>\"1\",\"lit\"=>\"yes\",\"maxspeed\"=>\"20\",\"postal_code\"=>\"1109\",\"source:maxspeed\"=>\"sign\",\"turn:lanes:backward\"=>\"left|right\""},"geometry":{"type":"LineString","coordinates":[[121.0556153,14.6235384],[121.0555597,14.6235141]]}},
{"type":"Feature","properties":{"osm_id":"1341811944","highway":"footway","z_order":0,"other_tags":"\"footway\"=>\"crossing\""},"geometry":{"type":"LineString","coordinates":[[121.055947,14.6227617],[121.0559032,14.6227397],[121.0558495,14.6227141],[121.0558293,14.6227563],[121.0558118,14.6227997],[121.0557965,14.62284],[121.0558482,14.6228632],[121.0558958,14.6228849]]}},
{"type":"Feature","properties":{"osm_id":"1373254018","name":"General Romulo Avenue","highway":"tertiary","z_order":4,"other_tags":"\"lanes\"=>\"2\",\"lit\"=>\"yes\",\"maxspeed\"=>\"20\",\"oneway\"=>\"yes\",\"postal_code\"=>\"1109\""},"geometry":{"type":"LineString","coordinates":[[121.0553761,14.6240747],[121.0553812,14.6239589]]}},
{"type":"Feature","properties":{"osm_id":"1395600322","name":"20th Avenue","highway":"secondary","z_order":6,"other_tags":"\"bicycle\"=>\"yes\",\"designation\"=>\"national_tertiary_road\",\"lane_markings\"=>\"yes\",\"lanes\"=>\"4\",\"lit\"=>\"yes\",\"maxspeed\"=>\"40\",\"maxspeed:type\"=>\"PH:urban\",\"postal_code\"=>\"1109\",\"sidewalk\"=>\"both\",\"surface\"=>\"concrete\""},"geometry":{"type":"LineString","coordinates":[[121.061609,14.6240535],[121.0616729,14.6239244],[121.0618202,14.6236145],[121.0618415,14.6235721],[121.0618619,14.6235229],[121.0619882,14.6232536]]}},
{"type":"Feature","properties":{"osm_id":"1412978632","highway":"footway","z_order":0},"geometry":{"type":"LineString","coordinates":[[121.0573705,14.622724],[121.0573279,14.6227062]]}},
{"type":"Feature","properties":{"osm_id":"1414752910","highway":"footway","z_order":0},"geometry":{"type":"LineString","coordinates":[[121.0677713,14.6280382],[121.0677688,14.6280186],[121.0677598,14.6280009],[121.0677454,14.627987],[121.0677271,14.6279784],[121.0677067,14.6279758],[121.0676864,14.6279798],[121.0676686,14.6279902],[121.0676555,14.6280058],[121.0676484,14.6280243],[121.0676479,14.628044],[121.0676531,14.6280608],[121.0676631,14.6280754],[121.0676771,14.6280865],[121.0676938,14.6280932],[121.0677118,14.628095],[121.0677298,14.6280919],[121.0677461,14.6280837],[121.0677592,14.6280711],[121.0677678,14.6280553],[121.0677713,14.6280382]]}},
{"type":"Feature","properties":{"osm_id":"1414752911","highway":"footway","z_order":0},"geometry":{"type":"LineString","coordinates":[[121.0677598,14.6280009],[121.0677786,14.6279776],[121.0677974,14.6279362],[121.0678013,14.6278961],[121.0677896,14.6278548],[121.0677521,14.627799],[121.0677229,14.6277576],[121.0677061,14.6277156],[121.0677035,14.6276705],[121.0677087,14.6276197],[121.0677301,14.6275683],[121.0677624,14.6275238],[121.0677766,14.6274803],[121.067766,14.6274478]]}},
{"type":"Feature","properties":{"osm_id":"1414752912","highway":"footway","z_order":0},"geometry":{"type":"LineString","coordinates":[[121.067766,14.6274478],[121.0677635,14.6274283],[121.0677546,14.6274105],[121.0677401,14.6273966],[121.0677218,14.6273881],[121.0677014,14.6273854],[121.0676811,14.6273894],[121.0676633,14.6273999],[121.0676503,14.6274155],[121.0676431,14.627434],[121.0676427,14.6274537],[121.0676479,14.6274705],[121.0676579,14.6274851],[121.0676718,14.6274962],[121.0676885,14.6275029],[121.0677065,14.6275046],[121.0677245,14.6275016],[121.0677408,14.6274933],[121.0677539,14.6274808],[121.0677625,14.627465],[121.067766,14.6274478]]}},
{"type":"Feature","properties":{"osm_id":"1414755086","highway":"footway","z_order":0,"other_tags":"\"ford\"=>\"stepping_stones\""},"geometry":{"type":"LineString","coordinates":[[121.067493,14.6277077],[121.0675891,14.6277134]]}},
{"type":"Feature","properties":{"osm_id":"1414755087","highway":"footway","z_order":0},"geometry":{"type":"LineString","coordinates":[[121.0675891,14.6277134],[121.0676347,14.6277141],[121.0676776,14.6277149],[121.0677061,14.6277156]]}},
{"type":"Feature","properties":{"osm_id":"1415882842","highway":"footway","z_order":0},"geometry":{"type":"LineString","coordinates":[[121.0571962,14.6226504],[121.0571715,14.6226397],[121.057139,14.6226593],[121.0571004,14.6226691],[121.0570598,14.6226711],[121.057006,14.6226662],[121.0569776,14.6226573],[121.0569441,14.6226416],[121.0569076,14.6226171],[121.0568923,14.6225955],[121.0568842,14.6225375],[121.0568829,14.6224891]]}},
{"type":"Feature","properties":{"osm_id":"1415882843","highway":"footway","z_order":0,"other_tags":"\"covered\"=>\"yes\""},"geometry":{"type":"LineString","coordinates":[[121.0573279,14.6227062],[121.0571962,14.6226504]]}},
{"type":"Feature","properties":{"osm_id":"1423596566","highway":"service","z_order":0,"other_tags":"\"surface\"=>\"paving_stones\",\"tunnel\"=>\"building_passage\""},"geometry":{"type":"LineString","coordinates":[[121.0564512,14.6222232],[121.0564967,14.6221113]]}},
{"type":"Feature","properties":{"osm_id":"1423596567","highway":"service","z_order":0,"other_tags":"\"surface\"=>\"concrete\""},"geometry":{"type":"LineString","coordinates":[[121.0564967,14.6221113],[121.0565154,14.6220652]]}},
{"type":"Feature","properties":{"osm_id":"1423596568","highway":"service","z_order":0,"other_tags":"\"access\"=>\"private\",\"oneway\"=>\"yes\",\"service\"=>\"driveway\",\"surface\"=>\"concrete\""},"geometry":{"type":"LineString","coordinates":[[121.056424,14.6222899],[121.0564512,14.6222232]]}},
{"type":"Feature","properties":{"osm_id":"1427246118","highway":"service","z_order":0},"geometry":{"type":"LineString","coordinates":[[121.0695372,14.6293407],[121.0695124,14.6294019]]}},
{"type":"Feature","properties":{"osm_id":"1427282449","highway":"service","z_order":0},"geometry":{"type":"LineString","coordinates":[[121.0551289,14.6304442],[121.0552108,14.6304724]]}},
{"type":"Feature","properties":{"osm_id":"1427282450","highway":"service","z_order":0},"geometry":{"type":"LineString","coordinates":[[121.0549291,14.6303702],[121.0551289,14.6304442]]}},
{"type":"Feature","properties":{"osm_id":"1427288125","highway":"service","z_order":0},"geometry":{"type":"LineString","coordinates":[[121.0546301,14.6289597],[121.05485,14.6291608]]}},
{"type":"Feature","properties":{"osm_id":"1427288126","highway":"service","z_order":0},"geometry":{"type":"LineString","coordinates":[[121.0545457,14.6288963],[121.0546301,14.6289597]]}},
{"type":"Feature","properties":{"osm_id":"1427288127","highway":"service","z_order":0},"geometry":{"type":"LineString","coordinates":[[121.0546882,14.6286108],[121.0547199,14.6286269]]}},
{"type":"Feature","properties":{"osm_id":"1427288128","highway":"service","z_order":0},"geometry":{"type":"LineString","coordinates":[[121.0547199,14.6286269],[121.0547856,14.6286989],[121.0548466,14.6287644],[121.0548996,14.6288325],[121.0549868,14.6289552]]}},
{"type":"Feature","properties":{"osm_id":"1427289849","highway":"service","z_order":0},"geometry":{"type":"LineString","coordinates":[[121.0560758,14.6301438],[121.0562897,14.6302619],[121.0563882,14.6303275]]}},
{"type":"Feature","properties":{"osm_id":"1427289850","highway":"service","z_order":0},"geometry":{"type":"LineString","coordinates":[[121.0562119,14.6306477],[121.0561401,14.6306207],[121.0560067,14.6305603]]}},
{"type":"Feature","properties":{"osm_id":"1427289851","highway":"service","z_order":0},"geometry":{"type":"LineString","coordinates":[[121.056112,14.6307284],[121.0561643,14.6307503]]}},
{"type":"Feature","properties":{"osm_id":"1427289852","highway":"service","z_order":0},"geometry":{"type":"LineString","coordinates":[[121.0544591,14.6290814],[121.0545449,14.6291524],[121.0547266,14.6293042]]}},
{"type":"Feature","properties":{"osm_id":"1427314068","highway":"service","z_order":0},"geometry":{"type":"LineString","coordinates":[[121.0566786,14.6248047],[121.0567172,14.6247261]]}},
{"type":"Feature","properties":{"osm_id":"1427314069","highway":"service","z_order":0},"geometry":{"type":"LineString","coordinates":[[121.0566598,14.6248371],[121.0565941,14.6248079]]}},
{"type":"Feature","properties":{"osm_id":"1427314070","highway":"service","z_order":0},"geometry":{"type":"LineString","coordinates":[[121.056743,14.6248715],[121.0566598,14.6248371],[121.0566786,14.6248047]]}},
{"type":"Feature","properties":{"osm_id":"1427323181","highway":"service","z_order":0},"geometry":{"type":"LineString","coordinates":[[121.0546103,14.6240812],[121.0546304,14.6240903]]}},
{"type":"Feature","properties":{"osm_id":"1427323182","highway":"service","z_order":0},"geometry":{"type":"LineString","coordinates":[[121.0546304,14.6240903],[121.0546764,14.6241143]]}},
{"type":"Feature","properties":{"osm_id":"1427323183","highway":"service","z_order":0},"geometry":{"type":"LineString","coordinates":[[121.0537107,14.6236631],[121.0537523,14.6236835],[121.0537831,14.6236965],[121.0546103,14.6240812]]}},
{"type":"Feature","properties":{"osm_id":"1427323184","highway":"service","z_order":0},"geometry":{"type":"LineString","coordinates":[[121.0659134,14.6266292],[121.0659601,14.6266087]]}},
{"type":"Feature","properties":{"osm_id":"1427323185","highway":"service","z_order":0},"geometry":{"type":"LineString","coordinates":[[121.0655688,14.6267985],[121.065725,14.6267161],[121.0658457,14.6266584],[121.0659134,14.6266292]]}},
{"type":"Feature","properties":{"osm_id":"1427323186","highway":"service","z_order":0},"geometry":{"type":"LineString","coordinates":[[121.0554363,14.6270095],[121.0554884,14.6270347],[121.0556842,14.6271495]]}},
{"type":"Feature","properties":{"osm_id":"1427328209","highway":"service","z_order":0},"geometry":{"type":"LineString","coordinates":[[121.0613798,14.6228952],[121.061473,14.6227005],[121.0615005,14.6226455]]}},
{"type":"Feature","properties":{"osm_id":"1427328210","highway":"service","z_order":0},"geometry":{"type":"LineString","coordinates":[[121.0632604,14.6232089],[121.0635705,14.6233448]]}},
{"type":"Feature","properties":{"osm_id":"1427328211","highway":"service","z_order":0},"geometry":{"type":"LineString","coordinates":[[121.0631974,14.6231782],[121.0632604,14.6232089]]}},
{"type":"Feature","properties":{"osm_id":"1427328212","highway":"service","z_order":0},"geometry":{"type":"LineString","coordinates":[[121.066178,14.6283089],[121.0661696,14.6283732]]}},
{"type":"Feature","properties":{"osm_id":"1427328213","highway":"service","z_order":0},"geometry":{"type":"LineString","coordinates":[[121.0661012,14.6287313],[121.0659832,14.6287132],[121.0659268,14.6286937],[121.0658987,14.6286444],[121.0658973,14.6285756],[121.0659067,14.6284939],[121.0659268,14.6284342],[121.0659617,14.6284225],[121.0660422,14.6284264],[121.0661505,14.6284466]]}},
{"type":"Feature","properties":{"osm_id":"1427328214","highway":"service","z_order":0},"geometry":{"type":"LineString","coordinates":[[121.0661696,14.6283732],[121.0661505,14.6284466],[121.0661012,14.6287313],[121.0661548,14.6287391],[121.066242,14.628743],[121.0662822,14.62873],[121.066305,14.6286885],[121.0663238,14.6286068],[121.0663305,14.6285341],[121.0663185,14.628499],[121.0661505,14.6284466]]}},
{"type":"Feature","properties":{"osm_id":"1427344320","highway":"service","z_order":0},"geometry":{"type":"LineString","coordinates":[[121.0599723,14.623252],[121.0601695,14.6228569]]}},
{"type":"Feature","properties":{"osm_id":"1427344321","highway":"service","z_order":0},"geometry":{"type":"LineString","coordinates":[[121.0599511,14.6232938],[121.0599723,14.623252]]}},
{"type":"Feature","properties":{"osm_id":"1427344322","highway":"service","z_order":0},"geometry":{"type":"LineString","coordinates":[[121.0590415,14.6269892],[121.0590128,14.6269769],[121.0588284,14.626901]]}},
{"type":"Feature","properties":{"osm_id":"1428016430","highway":"service","z_order":0},"geometry":{"type":"LineString","coordinates":[[121.0646539,14.6218603],[121.0644443,14.6221847]]}},
{"type":"Feature","properties":{"osm_id":"1428016440","highway":"service","z_order":0},"geometry":{"type":"LineString","coordinates":[[121.0574658,14.6211543],[121.0576308,14.6212101],[121.0577314,14.6212257],[121.0578011,14.6211946],[121.0578534,14.6211777],[121.0579044,14.6211777],[121.0581511,14.621262],[121.0585866,14.621444],[121.05865,14.6214797],[121.0587164,14.6215125],[121.0587955,14.6215488]]}},
{"type":"Feature","properties":{"osm_id":"1428017342","highway":"service","z_order":0,"other_tags":"\"access\"=>\"private\",\"oneway\"=>\"yes\",\"service\"=>\"driveway\""},"geometry":{"type":"LineString","coordinates":[[121.0563247,14.6222444],[121.0562679,14.6222204]]}},
{"type":"Feature","properties":{"osm_id":"1428087188","highway":"service","z_order":0},"geometry":{"type":"LineString","coordinates":[[121.0609602,14.6288965],[121.0609721,14.6289642],[121.0609909,14.6291686],[121.0610003,14.6292413]]}},
{"type":"Feature","properties":{"osm_id":"1428087189","highway":"service","z_order":0},"geometry":{"type":"LineString","coordinates":[[121.0606121,14.6289178],[121.0606157,14.6289866],[121.0606047,14.6292212]]}},
{"type":"Feature","properties":{"osm_id":"1428087190","highway":"service","z_order":0},"geometry":{"type":"LineString","coordinates":[[121.0556379,14.6205457],[121.0557592,14.6206976],[121.0557666,14.620717],[121.055764,14.6208092],[121.0556231,14.6211375],[121.0554971,14.6214346]]}},
{"type":"Feature","properties":{"osm_id":"1428087191","highway":"service","z_order":0},"geometry":{"type":"LineString","coordinates":[[121.0563803,14.6217847],[121.0564426,14.6218064]]}},
{"type":"Feature","properties":{"osm_id":"1428087192","highway":"service","z_order":0},"geometry":{"type":"LineString","coordinates":[[121.0553113,14.6224569],[121.0553342,14.6224079]]}},
{"type":"Feature","properties":{"osm_id":"1428264322","highway":"service","z_order":0},"geometry":{"type":"LineString","coordinates":[[121.0629167,14.62061],[121.062967,14.6205944],[121.0630066,14.620595],[121.0630368,14.6206022],[121.0630871,14.6206213],[121.0631353,14.6206431],[121.0631988,14.6206666]]}},
{"type":"Feature","properties":{"osm_id":"1428264330","highway":"service","z_order":0},"geometry":{"type":"LineString","coordinates":[[121.0622679,14.6209571],[121.0623521,14.620693],[121.0623662,14.6206625],[121.0623786,14.6206482],[121.0623937,14.6206424],[121.062444,14.6206469],[121.0624876,14.6206586],[121.062499,14.6206671],[121.0625013,14.6206791],[121.0625013,14.6206881],[121.0624728,14.6207793],[121.0623939,14.6209969]]}},
{"type":"Feature","properties":{"osm_id":"1428276826","highway":"service","z_order":0},"geometry":{"type":"LineString","coordinates":[[121.0605732,14.6259855],[121.0606584,14.6260307]]}},
{"type":"Feature","properties":{"osm_id":"1428276831","highway":"service","z_order":0},"geometry":{"type":"LineString","coordinates":[[121.0579685,14.625123],[121.0580251,14.6250253],[121.0580334,14.625022],[121.0580502,14.6250243],[121.0580961,14.6250473],[121.0581169,14.62506],[121.0581213,14.6250704],[121.058127,14.6250827],[121.0581267,14.6250924],[121.058126,14.6251028],[121.0581216,14.6251177],[121.0580907,14.625183]]}},
{"type":"Feature","properties":{"osm_id":"1428276832","highway":"service","z_order":0},"geometry":{"type":"LineString","coordinates":[[121.0661495,14.6291485],[121.0661575,14.6290814],[121.0661864,14.6288955]]}},
{"type":"Feature","properties":{"osm_id":"1428276833","name":"Alley 1-C","highway":"residential","z_order":3,"other_tags":"\"lanes\"=>\"1\",\"maxspeed\"=>\"40\",\"postal_code\"=>\"1109\",\"surface\"=>\"paved\""},"geometry":{"type":"LineString","coordinates":[[121.0665254,14.626851],[121.0665146,14.6268206]]}},
{"type":"Feature","properties":{"osm_id":"1428276834","highway":"service","z_order":0},"geometry":{"type":"LineString","coordinates":[[121.0625428,14.6270315],[121.0623977,14.6269425]]}},
{"type":"Feature","properties":{"osm_id":"1428276835","highway":"service","z_order":0},"geometry":{"type":"LineString","coordinates":[[121.058011,14.6233],[121.0579601,14.623275]]}},
{"type":"Feature","properties":{"osm_id":"1428276836","highway":"service","z_order":0},"geometry":{"type":"LineString","coordinates":[[121.0580811,14.6235725],[121.0581498,14.6234175],[121.0581585,14.6233863],[121.0581558,14.6233746],[121.0581494,14.6233682],[121.0581136,14.6233513],[121.058011,14.6233]]}},
{"type":"Feature","properties":{"osm_id":"1428285961","highway":"service","z_order":0},"geometry":{"type":"LineString","coordinates":[[121.0635146,14.627484],[121.0635464,14.6274493]]}},
{"type":"Feature","properties":{"osm_id":"1428285962","highway":"service","z_order":0},"geometry":{"type":"LineString","coordinates":[[121.0635464,14.6274493],[121.0636208,14.6273714],[121.0636476,14.6273176],[121.0636631,14.6272429]]}},
{"type":"Feature","properties":{"osm_id":"1432081618","name":"Aguho Street","highway":"residential","z_order":3,"other_tags":"\"lanes\"=>\"2\",\"lit\"=>\"yes\",\"oneway\"=>\"yes\",\"postal_code\"=>\"1102\",\"sidewalk\"=>\"both\",\"surface\"=>\"concrete\""},"geometry":{"type":"LineString","coordinates":[[121.0665263,14.6318532],[121.0667795,14.6315354],[121.0667856,14.6315044]]}},
{"type":"Feature","properties":{"osm_id":"1432747492","highway":"service","z_order":0},"geometry":{"type":"LineString","coordinates":[[121.0618549,14.6278668],[121.0616649,14.6277698]]}},
{"type":"Feature","properties":{"osm_id":"1436117817","highway":"footway","z_order":0},"geometry":{"type":"LineString","coordinates":[[121.067829,14.6270238],[121.0679148,14.6270177],[121.0679718,14.6270189],[121.0680048,14.627029],[121.068021,14.627039],[121.0680268,14.6270565],[121.068032,14.6270916],[121.068032,14.6271305],[121.0680379,14.6271629],[121.0680439,14.6272204],[121.0680386,14.6272757],[121.0680153,14.6273303],[121.0680002,14.6273507],[121.0679686,14.6273645],[121.0679295,14.6273755],[121.0678708,14.6273857],[121.0678407,14.6273827],[121.0678061,14.6273696],[121.06777,14.6273675],[121.0677369,14.6273726],[121.0677014,14.6273854],[121.0676289,14.6273788],[121.0675712,14.6273819],[121.0675201,14.6273901]]}},
{"type":"Feature","properties":{"osm_id":"1442510397","highway":"service","z_order":0},"geometry":{"type":"LineString","coordinates":[[121.0565746,14.6207857],[121.0565417,14.6208302],[121.0561951,14.6206628],[121.0561938,14.6205981]]}},
{"type":"Feature","properties":{"osm_id":"1442510398","highway":"service","z_order":0},"geometry":{"type":"LineString","coordinates":[[121.0563316,14.6217638],[121.0563803,14.6217847]]}},
{"type":"Feature","properties":{"osm_id":"1443595235","highway":"footway","z_order":0,"other_tags":"\"footway\"=>\"crossing\",\"noname\"=>\"yes\",\"surface\"=>\"asphalt\""},"geometry":{"type":"LineString","coordinates":[[121.0560352,14.628825],[121.0560706,14.6288405],[121.0561048,14.6288556]]}},
{"type":"Feature","properties":{"osm_id":"1443595236","highway":"footway","z_order":0,"other_tags":"\"footway\"=>\"crossing\",\"noname\"=>\"yes\",\"surface\"=>\"concrete\""},"geometry":{"type":"LineString","coordinates":[[121.0561048,14.6288556],[121.0561173,14.6288611],[121.0561403,14.6288022]]}},
{"type":"Feature","properties":{"osm_id":"1449273099","name":"Molave Street","highway":"tertiary","z_order":4,"other_tags":"\"admin_level\"=>\"10\",\"boundary\"=>\"administrative\",\"designation\"=>\"city_road\",\"lane_markings\"=>\"yes\",\"lanes\"=>\"2\",\"lit\"=>\"yes\",\"maxspeed\"=>\"30\",\"parking:right\"=>\"lane\",\"parking:right:orientation\"=>\"parallel\",\"postal_code\"=>\"1102\",\"sidewalk\"=>\"both\",\"surface\"=>\"asphalt\""},"geometry":{"type":"LineString","coordinates":[[121.0695337,14.6304885],[121.0698562,14.6306394]]}},
{"type":"Feature","properties":{"osm_id":"1454596539","highway":"service","z_order":0,"other_tags":"\"lanes\"=>\"1\",\"oneway\"=>\"yes\",\"oneway:bicycle\"=>\"yes\""},"geometry":{"type":"LineString","coordinates":[[121.0541996,14.6203628],[121.0542311,14.6203569],[121.054278,14.6203692],[121.0543357,14.6203751],[121.0544269,14.6203479]]}},
{"type":"Feature","properties":{"osm_id":"1454596540","highway":"service","z_order":0,"other_tags":"\"lanes\"=>\"1\",\"oneway\"=>\"yes\",\"oneway:bicycle\"=>\"yes\""},"geometry":{"type":"LineString","coordinates":[[121.0543233,14.620536],[121.0542981,14.6204705],[121.0542539,14.6204419],[121.054219,14.6204367],[121.0541882,14.6204432],[121.0541587,14.620486]]}},
{"type":"Feature","properties":{"osm_id":"1454596541","highway":"service","z_order":0,"other_tags":"\"lanes\"=>\"1\",\"oneway\"=>\"yes\",\"oneway:bicycle\"=>\"yes\",\"service\"=>\"parking_aisle\""},"geometry":{"type":"LineString","coordinates":[[121.0539736,14.6206197],[121.0540541,14.6206534],[121.0540889,14.6206534],[121.0541131,14.6206392],[121.0541251,14.620608],[121.0541211,14.6205769],[121.0541023,14.6205548],[121.0540799,14.6205456]]}},
{"type":"Feature","properties":{"osm_id":"1454596542","highway":"service","z_order":0,"other_tags":"\"lanes\"=>\"1\",\"oneway\"=>\"yes\",\"oneway:bicycle\"=>\"yes\",\"service\"=>\"parking_aisle\""},"geometry":{"type":"LineString","coordinates":[[121.0541587,14.620486],[121.0541587,14.6205671],[121.0541553,14.6206164],[121.0541372,14.6206554],[121.0541117,14.6206755],[121.0540856,14.6206826],[121.0540554,14.6206781],[121.0539682,14.6206392]]}},
{"type":"Feature","properties":{"osm_id":"1454596543","highway":"service","z_order":0,"other_tags":"\"covered\"=>\"yes\",\"lanes\"=>\"1\",\"oneway\"=>\"yes\",\"oneway:bicycle\"=>\"yes\""},"geometry":{"type":"LineString","coordinates":[[121.053983,14.6204601],[121.0541184,14.6204095],[121.0541634,14.6203855],[121.0541996,14.6203628]]}},
{"type":"Feature","properties":{"osm_id":"1477341310","name":"Illinois Street","highway":"residential","z_order":3,"other_tags":"\"bicycle\"=>\"yes\",\"lanes\"=>\"2\",\"postal_code\"=>\"1102\""},"geometry":{"type":"LineString","coordinates":[[121.0601383,14.6264189],[121.0599656,14.6267434]]}},
{"type":"Feature","properties":{"osm_id":"1490167102","highway":"footway","z_order":20,"other_tags":"\"bridge\"=>\"yes\",\"layer\"=>\"1\""},"geometry":{"type":"LineString","coordinates":[[121.0552168,14.6290476],[121.0551984,14.6289882]]}},
{"type":"Feature","properties":{"osm_id":"1490167103","highway":"footway","z_order":0},"geometry":{"type":"LineString","coordinates":[[121.0552216,14.6290665],[121.0552168,14.6290476]]}},
{"type":"Feature","properties":{"osm_id":"1490167104","highway":"footway","z_order":0},"geometry":{"type":"LineString","coordinates":[[121.0551984,14.6289882],[121.0552037,14.6289207],[121.0552405,14.6288433],[121.0553008,14.6288289]]}},
{"type":"Feature","properties":{"osm_id":"1490167105","name":"15th Avenue","highway":"service","z_order":0,"other_tags":"\"admin_level\"=>\"10\",\"boundary\"=>\"administrative\",\"covered\"=>\"yes\""},"geometry":{"type":"LineString","coordinates":[[121.0554072,14.6286105],[121.0553008,14.6288289]]}},
{"type":"Feature","properties":{"osm_id":"1494419887","name":"K-J Street","highway":"tertiary","z_order":4,"other_tags":"\"bicycle\"=>\"yes\",\"cycleway\"=>\"lane\",\"cycleway:lane\"=>\"advisory\",\"designation\"=>\"city_road\",\"lanes\"=>\"4\",\"lit\"=>\"yes\",\"maxspeed\"=>\"30\",\"postal_code\"=>\"1102\",\"sidewalk\"=>\"both\",\"surface\"=>\"concrete\""},"geometry":{"type":"LineString","coordinates":[[121.0549119,14.6313975],[121.0547747,14.6318181],[121.0546445,14.6322476],[121.0545128,14.6327008]]}},
{"type":"Feature","properties":{"osm_id":"1512013948","name":"Molave Street","highway":"tertiary","z_order":4,"other_tags":"\"designation\"=>\"city_road\",\"lane_markings\"=>\"yes\",\"lanes\"=>\"2\",\"lit\"=>\"yes\",\"maxspeed\"=>\"30\",\"oneway\"=>\"yes\",\"postal_code\"=>\"1102\",\"sidewalk\"=>\"both\",\"surface\"=>\"asphalt\""},"geometry":{"type":"LineString","coordinates":[[121.0630508,14.6285807],[121.0631724,14.6286286],[121.0633933,14.6286666]]}},
{"type":"Feature","properties":{"osm_id":"1521075308","name":"Yale Street","highway":"tertiary","z_order":4,"other_tags":"\"lane_markings\"=>\"yes\",\"lanes\"=>\"2\",\"lit\"=>\"yes\",\"oneway\"=>\"yes\",\"postal_code\"=>\"1102\",\"sidewalk\"=>\"both\",\"surface\"=>\"concrete\""},"geometry":{"type":"LineString","coordinates":[[121.0551721,14.6245012],[121.0544349,14.6260418]]}},
{"type":"Feature","properties":{"osm_id":"1527451726","name":"Aurora Boulevard","highway":"primary","z_order":7,"other_tags":"\"cycleway:right\"=>\"lane\",\"lane_markings\"=>\"yes\",\"lanes\"=>\"2\",\"lit\"=>\"yes\",\"maxspeed\"=>\"60\",\"maxspeed:bus\"=>\"50\",\"maxspeed:hgv\"=>\"50\",\"oneway\"=>\"yes\",\"ref\"=>\"59\",\"source:maxspeed\"=>\"sign\",\"surface\"=>\"asphalt\",\"wikidata\"=>\"Q4822499\""},"geometry":{"type":"LineString","coordinates":[[121.0583217,14.6255088],[121.0578755,14.6252986],[121.0577356,14.6252328],[121.0571523,14.6249404]]}},
{"type":"Feature","properties":{"osm_id":"1527451727","name":"P. Tuazon Boulevard","highway":"secondary","z_order":6,"other_tags":"\"designation\"=>\"national_tertiary_road\",\"lane_markings\"=>\"yes\",\"lanes\"=>\"4\",\"lit\"=>\"yes\",\"maxspeed\"=>\"40\",\"maxspeed:type\"=>\"PH:urban\",\"name:abbr\"=>\"P. Tuazon Blvd.\",\"name:etymology\"=>\"Pedro Tuazon\",\"name:etymology:wikidata\"=>\"Q2126544\",\"official_name\"=>\"Pedro Tuazon Boulevard\",\"postal_code\"=>\"1109\",\"sidewalk\"=>\"both\",\"surface\"=>\"asphalt\""},"geometry":{"type":"LineString","coordinates":[[121.0612979,14.6206564],[121.0610594,14.6205888],[121.060768,14.6205046],[121.0603064,14.6203718],[121.0601694,14.6203272],[121.0598446,14.6202174],[121.0596475,14.6201465]]}},
{"type":"Feature","properties":{"osm_id":"1527451740","name":"15th Avenue","highway":"secondary","z_order":6,"other_tags":"\"designation\"=>\"national_tertiary_road\",\"lane_markings\"=>\"yes\",\"lanes\"=>\"2\",\"lit\"=>\"yes\",\"maxspeed\"=>\"40\",\"maxspeed:type\"=>\"PH:urban\",\"oneway\"=>\"yes\",\"sidewalk\"=>\"both\",\"surface\"=>\"asphalt\""},"geometry":{"type":"LineString","coordinates":[[121.0594963,14.6200931],[121.0600673,14.618923],[121.0604844,14.6180513],[121.0611307,14.6167035]]}},
{"type":"Feature","properties":{"osm_id":"1528481702","highway":"service","z_order":0,"other_tags":"\"lanes\"=>\"1\",\"mofa\"=>\"no\",\"moped\"=>\"no\",\"motorcycle\"=>\"no\",\"oneway\"=>\"yes\",\"oneway:bicycle\"=>\"yes\""},"geometry":{"type":"LineString","coordinates":[[121.0541587,14.620486],[121.0541171,14.6205237],[121.0540799,14.6205456]]}},
{"type":"Feature","properties":{"osm_id":"1528481703","highway":"service","z_order":0,"other_tags":"\"lanes\"=>\"1\",\"oneway\"=>\"yes\",\"oneway:bicycle\"=>\"yes\""},"geometry":{"type":"LineString","coordinates":[[121.0540799,14.6205456],[121.0540353,14.6205587],[121.0539977,14.6205613],[121.0539629,14.6205509],[121.0539481,14.6205172],[121.0539548,14.6204886],[121.053983,14.6204601]]}},
{"type":"Feature","properties":{"osm_id":"1533741313","highway":"service","z_order":0,"other_tags":"\"access\"=>\"permissive\",\"service\"=>\"driveway\",\"surface\"=>\"paved\""},"geometry":{"type":"LineString","coordinates":[[121.0681005,14.6287607],[121.0681351,14.6286899],[121.0681835,14.6286387],[121.0682478,14.6286148],[121.0683026,14.6286321],[121.0683355,14.6286731],[121.0683423,14.6287275],[121.0683319,14.6287833],[121.068304,14.6288509]]}},
{"type":"Feature","properties":{"osm_id":"1538932956","highway":"footway","z_order":0},"geometry":{"type":"LineString","coordinates":[[121.0622729,14.6293546],[121.06198,14.6289636]]}},
{"type":"Feature","properties":{"osm_id":"1556262932","highway":"service","z_order":0,"other_tags":"\"horse\"=>\"no\",\"service\"=>\"driveway\",\"surface\"=>\"concrete\""},"geometry":{"type":"LineString","coordinates":[[121.0597238,14.6313805],[121.059735,14.6313424]]}}
]
}
