{
"type": "FeatureCollection",
"name": "points",
"crs": { "type": "name", "properties": { "name": "urn:ogc:def:crs:OGC:1.3:CRS84" } },
"features": [
{"type":"Feature","properties":{"osm_id":"24623934","highway":"give_way"},"geometry":{"type":"Point","coordinates":[121.0878517,14.7000567]}},
{"type":"Feature","properties":{"osm_id":"26664785","highway":"traffic_signals"},"geometry":{"type":"Point","coordinates":[121.069431900000012,14.7064238]}},
{"type":"Feature","properties":{"osm_id":"33452367","highway":"traffic_signals","other_tags":"\"traffic_signals\"=>\"traffic_lights\""},"geometry":{"type":"Point","coordinates":[121.095328200000012,14.6958539]}},
{"type":"Feature","properties":{"osm_id":"33452373","highway":"motorway_junction"},"geometry":{"type":"Point","coordinates":[121.0873781,14.6994575]}},
{"type":"Feature","properties":{"osm_id":"129730276","barrier":"gate","other_tags":"\"access\"=>\"destination\""},"geometry":{"type":"Point","coordinates":[121.072837,14.6890434]}},
{"type":"Feature","properties":{"osm_id":"249205004","highway":"traffic_signals","other_tags":"\"traffic_signals\"=>\"signal\""},"geometry":{"type":"Point","coordinates":[121.071605100000014,14.7060351]}},
{"type":"Feature","properties":{"osm_id":"251001933","name":"Commonwealth","ref":"1381300022","place":"quarter","other_tags":"\"admin_level\"=>\"10\",\"admin_type:PH\"=>\"barangay\",\"old_ref\"=>\"137404022\",\"population\"=>\"215035\",\"population:date\"=>\"2024-07-01\",\"postal_code\"=>\"1121\""},"geometry":{"type":"Point","coordinates":[121.082385300000013,14.698447]}},
{"type":"Feature","properties":{"osm_id":"251083172","other_tags":"\"noexit\"=>\"yes\""},"geometry":{"type":"Point","coordinates":[121.0692145,14.6909102]}},
{"type":"Feature","properties":{"osm_id":"251083205","highway":"crossing","other_tags":"\"crossing\"=>\"uncontrolled\",\"crossing:markings\"=>\"zebra\",\"kerb\"=>\"yes\",\"tactile_paving\"=>\"no\",\"wheelchair\"=>\"yes\""},"geometry":{"type":"Point","coordinates":[121.088058800000013,14.6998978]}},
{"type":"Feature","properties":{"osm_id":"251328406","barrier":"gate","other_tags":"\"access\"=>\"destination\""},"geometry":{"type":"Point","coordinates":[121.0692649,14.6892768]}},
{"type":"Feature","properties":{"osm_id":"251587599","other_tags":"\"noexit\"=>\"yes\""},"geometry":{"type":"Point","coordinates":[121.0797876,14.6896526]}},
{"type":"Feature","properties":{"osm_id":"251587611","highway":"traffic_signals","other_tags":"\"traffic_signals\"=>\"signal\""},"geometry":{"type":"Point","coordinates":[121.071603,14.7061874]}},
{"type":"Feature","properties":{"osm_id":"251587868","other_tags":"\"noexit\"=>\"yes\""},"geometry":{"type":"Point","coordinates":[121.0848042,14.7054456]}},
{"type":"Feature","properties":{"osm_id":"251588377","other_tags":"\"noexit\"=>\"yes\""},"geometry":{"type":"Point","coordinates":[121.08538990000001,14.6853464]}},
{"type":"Feature","properties":{"osm_id":"251588496","other_tags":"\"noexit\"=>\"yes\""},"geometry":{"type":"Point","coordinates":[121.07753360000001,14.6923075]}},
{"type":"Feature","properties":{"osm_id":"251588672","other_tags":"\"noexit\"=>\"yes\""},"geometry":{"type":"Point","coordinates":[121.0698741,14.6951788]}},
{"type":"Feature","properties":{"osm_id":"252843788","barrier":"gate","other_tags":"\"access\"=>\"no\""},"geometry":{"type":"Point","coordinates":[121.08024850000001,14.6981431]}},
{"type":"Feature","properties":{"osm_id":"252843790","other_tags":"\"noexit\"=>\"yes\""},"geometry":{"type":"Point","coordinates":[121.0823443,14.703786]}},
{"type":"Feature","properties":{"osm_id":"252843801","other_tags":"\"noexit\"=>\"yes\""},"geometry":{"type":"Point","coordinates":[121.0780342,14.698904]}},
{"type":"Feature","properties":{"osm_id":"252843802","other_tags":"\"noexit\"=>\"yes\""},"geometry":{"type":"Point","coordinates":[121.0807633,14.6987999]}},
{"type":"Feature","properties":{"osm_id":"252843863","other_tags":"\"noexit\"=>\"yes\""},"geometry":{"type":"Point","coordinates":[121.081987500000011,14.7019238]}},
{"type":"Feature","properties":{"osm_id":"252843923","other_tags":"\"noexit\"=>\"yes\""},"geometry":{"type":"Point","coordinates":[121.0816383,14.7014471]}},
{"type":"Feature","properties":{"osm_id":"252844140","other_tags":"\"noexit\"=>\"yes\""},"geometry":{"type":"Point","coordinates":[121.0722946,14.6971769]}},
{"type":"Feature","properties":{"osm_id":"252844235","other_tags":"\"noexit\"=>\"yes\""},"geometry":{"type":"Point","coordinates":[121.0815364,14.7007267]}},
{"type":"Feature","properties":{"osm_id":"252844237","other_tags":"\"noexit\"=>\"yes\""},"geometry":{"type":"Point","coordinates":[121.0818619,14.7014779]}},
{"type":"Feature","properties":{"osm_id":"252844239","other_tags":"\"noexit\"=>\"yes\""},"geometry":{"type":"Point","coordinates":[121.081747900000011,14.7010601]}},
{"type":"Feature","properties":{"osm_id":"255057513","name":"Children's House Of Learning And Development","other_tags":"\"addr:city\"=>\"Quezon City\",\"addr:postcode\"=>\"1100\",\"addr:province\"=>\"Metro Manila\",\"amenity\"=>\"school\""},"geometry":{"type":"Point","coordinates":[121.07154,14.70377]}},
{"type":"Feature","properties":{"osm_id":"255057769","other_tags":"\"source:url\"=>\"http://www.freewebs.com/phroadguide/\""},"geometry":{"type":"Point","coordinates":[121.0705248,14.7063114]}},
{"type":"Feature","properties":{"osm_id":"255067497","other_tags":"\"addr:province\"=>\"Metro Manila\""},"geometry":{"type":"Point","coordinates":[121.0706159,14.6951329]}},
{"type":"Feature","properties":{"osm_id":"255070238","name":"Dona Juana Gilarmi","other_tags":"\"addr:city\"=>\"Quezon City\",\"addr:postcode\"=>\"1100\",\"addr:province\"=>\"Metro Manila\""},"geometry":{"type":"Point","coordinates":[121.08255,14.690341]}},
{"type":"Feature","properties":{"osm_id":"255070455","name":"Holy Trinity Parish Church","other_tags":"\"addr:city\"=>\"Quezon City\",\"addr:postcode\"=>\"1100\",\"addr:province\"=>\"Metro Manila\",\"amenity\"=>\"place_of_worship\",\"garmin:description\"=>\"place of worship\",\"religion\"=>\"christian\",\"source:url\"=>\"http://www.freewebs.com/phroadguide/\""},"geometry":{"type":"Point","coordinates":[121.0731288,14.6995486]}},
{"type":"Feature","properties":{"osm_id":"255071556","name":"B.F. Fire Sub-station","other_tags":"\"addr:city\"=>\"Quezon City\",\"addr:postcode\"=>\"1100\",\"addr:province\"=>\"Metro Manila\",\"addr:street\"=>\"Juan Ortega Street\",\"amenity\"=>\"fire_station\""},"geometry":{"type":"Point","coordinates":[121.07682,14.68971]}},
{"type":"Feature","properties":{"osm_id":"255071779","name":"Don Romana Bf Homes","other_tags":"\"addr:city\"=>\"Quezon City\",\"addr:postcode\"=>\"1100\",\"addr:province\"=>\"Metro Manila\""},"geometry":{"type":"Point","coordinates":[121.07611,14.689941]}},
{"type":"Feature","properties":{"osm_id":"280642344","other_tags":"\"entrance\"=>\"yes\""},"geometry":{"type":"Point","coordinates":[121.0691831,14.7063042]}},
{"type":"Feature","properties":{"osm_id":"426523244","barrier":"gate","ref":"1","other_tags":"\"access\"=>\"destination\""},"geometry":{"type":"Point","coordinates":[121.0877192,14.6900716]}},
{"type":"Feature","properties":{"osm_id":"506438232","other_tags":"\"addr:province\"=>\"Metro Manila\""},"geometry":{"type":"Point","coordinates":[121.0699057,14.6966]}},
{"type":"Feature","properties":{"osm_id":"506438236","other_tags":"\"addr:province\"=>\"Metro Manila\""},"geometry":{"type":"Point","coordinates":[121.0699101,14.6951433]}},
{"type":"Feature","properties":{"osm_id":"506438242","other_tags":"\"addr:province\"=>\"Metro Manila\""},"geometry":{"type":"Point","coordinates":[121.0713201,14.6966796]}},
{"type":"Feature","properties":{"osm_id":"506438245","other_tags":"\"addr:province\"=>\"Metro Manila\""},"geometry":{"type":"Point","coordinates":[121.0710666,14.6967772]}},
{"type":"Feature","properties":{"osm_id":"506438247","other_tags":"\"addr:province\"=>\"Metro Manila\""},"geometry":{"type":"Point","coordinates":[121.0707091,14.6968004]}},
{"type":"Feature","properties":{"osm_id":"506438250","other_tags":"\"addr:province\"=>\"Metro Manila\""},"geometry":{"type":"Point","coordinates":[121.0700455,14.6965904]}},
{"type":"Feature","properties":{"osm_id":"699784515","name":"BDO","other_tags":"\"addr:city\"=>\"Quezon City\",\"addr:postcode\"=>\"1118\",\"addr:street\"=>\"Commonwealth Avenue\",\"alt_name\"=>\"Banco de Oro\",\"amenity\"=>\"bank\",\"atm\"=>\"yes\",\"operator\"=>\"BDO Unibank\""},"geometry":{"type":"Point","coordinates":[121.0777896,14.7054162]}},
{"type":"Feature","properties":{"osm_id":"923908787","other_tags":"\"noexit\"=>\"yes\""},"geometry":{"type":"Point","coordinates":[121.0779892,14.6956908]}},
{"type":"Feature","properties":{"osm_id":"932403145","name":"Adarna Drugstore & Grocery","other_tags":"\"shop\"=>\"convenience\""},"geometry":{"type":"Point","coordinates":[121.0782072,14.6944247]}},
{"type":"Feature","properties":{"osm_id":"955100060","name":"HolyTrinity Divine Healing Ministry","other_tags":"\"amenity\"=>\"place_of_worship\",\"religion\"=>\"christian\""},"geometry":{"type":"Point","coordinates":[121.07752880000001,14.6938093]}},
{"type":"Feature","properties":{"osm_id":"962328909","name":"Talipapa","other_tags":"\"shop\"=>\"convenience\""},"geometry":{"type":"Point","coordinates":[121.078396700000013,14.6918618]}},
{"type":"Feature","properties":{"osm_id":"975761263","name":"Doña Carmen","highway":"bus_stop","other_tags":"\"bus\"=>\"yes\",\"network\"=>\"LTFRB National Capital Region\",\"network:short\"=>\"LTFRB NCR\",\"network:wikidata\"=>\"Q6483998\",\"public_transport\"=>\"platform\""},"geometry":{"type":"Point","coordinates":[121.0775871,14.7052581]}},
{"type":"Feature","properties":{"osm_id":"975764022","name":"Palabok Delight","other_tags":"\"amenity\"=>\"fast_food\""},"geometry":{"type":"Point","coordinates":[121.082415200000014,14.705353]}},
{"type":"Feature","properties":{"osm_id":"1059233452","name":"China Bank","other_tags":"\"amenity\"=>\"bank\""},"geometry":{"type":"Point","coordinates":[121.071744700000011,14.7058348]}},
{"type":"Feature","properties":{"osm_id":"1059233456","name":"Metro Salon","other_tags":"\"shop\"=>\"hairdresser\""},"geometry":{"type":"Point","coordinates":[121.071835900000011,14.7057881]}},
{"type":"Feature","properties":{"osm_id":"1059233495","barrier":"gate","other_tags":"\"access\"=>\"no\",\"operator\"=>\"SAMAKA Homeowners Association\""},"geometry":{"type":"Point","coordinates":[121.072092200000014,14.7049378]}},
{"type":"Feature","properties":{"osm_id":"1059290448","name":"Mercury Drug","other_tags":"\"addr:city\"=>\"Quezon City\",\"addr:province\"=>\"Metro Manila\",\"addr:street\"=>\"Commonwealth Avenue\",\"amenity\"=>\"pharmacy\",\"brand\"=>\"Mercury Drug\",\"brand:wikidata\"=>\"Q6818610\",\"dispensing\"=>\"yes\",\"healthcare\"=>\"pharmacy\""},"geometry":{"type":"Point","coordinates":[121.080424400000012,14.7043981]}},
{"type":"Feature","properties":{"osm_id":"1059290450","name":"Japan Home Center","other_tags":"\"addr:city\"=>\"Quezon City\",\"addr:province\"=>\"Metro Manila\",\"addr:street\"=>\"Commonwealth Avenue\",\"shop\"=>\"hardware\""},"geometry":{"type":"Point","coordinates":[121.0802572,14.7044086]}},
{"type":"Feature","properties":{"osm_id":"1059290454","name":"Mang Inasal","other_tags":"\"addr:city\"=>\"Quezon City\",\"addr:province\"=>\"Metro Manila\",\"addr:street\"=>\"Commonwealth Avenue\",\"amenity\"=>\"fast_food\",\"brand\"=>\"Mang Inasal\",\"brand:wikidata\"=>\"Q6748573\",\"cuisine\"=>\"barbecue\",\"takeaway\"=>\"yes\""},"geometry":{"type":"Point","coordinates":[121.079905200000013,14.7044379]}},
{"type":"Feature","properties":{"osm_id":"1061428063","barrier":"gate","other_tags":"\"access\"=>\"no\",\"operator\"=>\"SAMAKA Homeowners Association\""},"geometry":{"type":"Point","coordinates":[121.070790300000013,14.7025029]}},
{"type":"Feature","properties":{"osm_id":"1061428075","barrier":"gate","other_tags":"\"access\"=>\"no\",\"operator\"=>\"SAMAKA Homeowners Association\""},"geometry":{"type":"Point","coordinates":[121.0709561,14.7030277]}},
{"type":"Feature","properties":{"osm_id":"1061428078","barrier":"gate","other_tags":"\"access\"=>\"no\",\"operator\"=>\"SAMAKA Homeowners Association\""},"geometry":{"type":"Point","coordinates":[121.071374600000013,14.7041322]}},
{"type":"Feature","properties":{"osm_id":"1061428085","barrier":"gate","other_tags":"\"access\"=>\"private\",\"barrier:personnel\"=>\"yes\",\"operator\"=>\"SAMAKA Homeowners Association\""},"geometry":{"type":"Point","coordinates":[121.0713609,14.7035178]}},
{"type":"Feature","properties":{"osm_id":"1061428094","barrier":"gate","other_tags":"\"access\"=>\"no\",\"operator\"=>\"SAMAKA Homeowners Association\""},"geometry":{"type":"Point","coordinates":[121.07106370000001,14.7018037]}},
{"type":"Feature","properties":{"osm_id":"1064186379","barrier":"gate","other_tags":"\"access\"=>\"private\""},"geometry":{"type":"Point","coordinates":[121.0689858,14.6993518]}},
{"type":"Feature","properties":{"osm_id":"1064191221","barrier":"gate","other_tags":"\"access\"=>\"permissive\""},"geometry":{"type":"Point","coordinates":[121.0679932,14.7022896]}},
{"type":"Feature","properties":{"osm_id":"1064218658","barrier":"gate","other_tags":"\"access\"=>\"no\""},"geometry":{"type":"Point","coordinates":[121.0678105,14.6960324]}},
{"type":"Feature","properties":{"osm_id":"1064218660","barrier":"gate","other_tags":"\"access\"=>\"no\",\"locked\"=>\"yes\",\"mapillary\"=>\"171422198434172\""},"geometry":{"type":"Point","coordinates":[121.0678108,14.695429]}},
{"type":"Feature","properties":{"osm_id":"1064218670","barrier":"gate","other_tags":"\"access\"=>\"no\""},"geometry":{"type":"Point","coordinates":[121.0678237,14.6966116]}},
{"type":"Feature","properties":{"osm_id":"1068763396","barrier":"gate","other_tags":"\"access\"=>\"no\""},"geometry":{"type":"Point","coordinates":[121.071189100000012,14.7041973]}},
{"type":"Feature","properties":{"osm_id":"1068763398","barrier":"gate","other_tags":"\"access\"=>\"permissive\""},"geometry":{"type":"Point","coordinates":[121.0713821,14.704721]}},
{"type":"Feature","properties":{"osm_id":"1068763399","barrier":"gate","other_tags":"\"access\"=>\"no\""},"geometry":{"type":"Point","coordinates":[121.0714937,14.705256]}},
{"type":"Feature","properties":{"osm_id":"1070129657","barrier":"gate","other_tags":"\"access\"=>\"destination\""},"geometry":{"type":"Point","coordinates":[121.072426,14.6910575]}},
{"type":"Feature","properties":{"osm_id":"1119929428","name":"Mang Inasal","other_tags":"\"addr:street\"=>\"Villongco Street\",\"amenity\"=>\"fast_food\",\"brand\"=>\"Mang Inasal\",\"brand:wikidata\"=>\"Q6748573\",\"brand:wikipedia\"=>\"en:Mang Inasal\",\"cuisine\"=>\"barbecue\",\"takeaway\"=>\"yes\""},"geometry":{"type":"Point","coordinates":[121.086662600000011,14.6962591]}},
{"type":"Feature","properties":{"osm_id":"1119945356","other_tags":"\"source:url\"=>\"http://www.freewebs.com/phroadguide/\""},"geometry":{"type":"Point","coordinates":[121.0787149,14.6911254]}},
{"type":"Feature","properties":{"osm_id":"1119945363","other_tags":"\"noexit\"=>\"yes\""},"geometry":{"type":"Point","coordinates":[121.078599,14.6987294]}},
{"type":"Feature","properties":{"osm_id":"1126300187","other_tags":"\"noexit\"=>\"yes\""},"geometry":{"type":"Point","coordinates":[121.078621700000014,14.6985856]}},
{"type":"Feature","properties":{"osm_id":"1371767126","highway":"crossing","other_tags":"\"crossing\"=>\"uncontrolled\",\"crossing:markings\"=>\"zebra\",\"kerb\"=>\"yes\",\"tactile_paving\"=>\"no\",\"wheelchair\"=>\"yes\""},"geometry":{"type":"Point","coordinates":[121.08802870000001,14.7000117]}},
{"type":"Feature","properties":{"osm_id":"1506343379","name":"Aurum Life Pharmacy","other_tags":"\"addr:street\"=>\"B. Soliven Street\",\"amenity\"=>\"pharmacy\",\"healthcare\"=>\"pharmacy\""},"geometry":{"type":"Point","coordinates":[121.086936900000012,14.7012976]}},
{"type":"Feature","properties":{"osm_id":"1600621682","other_tags":"\"amenity\"=>\"atm\",\"operator\"=>\"Metrobank\",\"osm_id\"=>\"1600621682\",\"timestamp\"=>\"2012-01-21T23:26:18Z\",\"type\"=>\"atm\""},"geometry":{"type":"Point","coordinates":[121.0781024,14.7047905]}},
{"type":"Feature","properties":{"osm_id":"1600621683","other_tags":"\"amenity\"=>\"atm\",\"operator\"=>\"BPI\",\"osm_id\"=>\"1600621683\",\"timestamp\"=>\"2012-01-21T23:26:18Z\",\"type\"=>\"atm\""},"geometry":{"type":"Point","coordinates":[121.077728900000011,14.7048626]}},
{"type":"Feature","properties":{"osm_id":"1600623472","barrier":"gate","other_tags":"\"access\"=>\"private\""},"geometry":{"type":"Point","coordinates":[121.0728329,14.6883188]}},
{"type":"Feature","properties":{"osm_id":"1772429430","barrier":"gate","other_tags":"\"access\"=>\"permissive\""},"geometry":{"type":"Point","coordinates":[121.0869774,14.6936186]}},
{"type":"Feature","properties":{"osm_id":"1954897372","barrier":"gate","other_tags":"\"access\"=>\"destination\""},"geometry":{"type":"Point","coordinates":[121.072426600000014,14.6909801]}},
{"type":"Feature","properties":{"osm_id":"2059301663","name":"Jeepney Terminal: Litex-Montalban","other_tags":"\"amenity\"=>\"bus_station\",\"bus\"=>\"yes\",\"public_transport\"=>\"station\""},"geometry":{"type":"Point","coordinates":[121.0868829,14.7013906]}},
{"type":"Feature","properties":{"osm_id":"2466216121","name":"Metro Bar","other_tags":"\"amenity\"=>\"bar\""},"geometry":{"type":"Point","coordinates":[121.087661200000014,14.7003444]}},
{"type":"Feature","properties":{"osm_id":"4068115133","barrier":"gate","other_tags":"\"access\"=>\"private\""},"geometry":{"type":"Point","coordinates":[121.0717417,14.6986168]}},
{"type":"Feature","properties":{"osm_id":"4068117518","man_made":"tower","other_tags":"\"tower:type\"=>\"communication\""},"geometry":{"type":"Point","coordinates":[121.071228800000014,14.7012639]}},
{"type":"Feature","properties":{"osm_id":"4072737689","name":"Juanito's","other_tags":"\"amenity\"=>\"restaurant\""},"geometry":{"type":"Point","coordinates":[121.0714703,14.7054362]}},
{"type":"Feature","properties":{"osm_id":"4265807598","name":"West Fairview Tricycle Station","other_tags":"\"addr:street\"=>\"Dart Street\",\"public_transport\"=>\"platform\""},"geometry":{"type":"Point","coordinates":[121.0695163,14.7056428]}},
{"type":"Feature","properties":{"osm_id":"4267329392","name":"Artista Salon","other_tags":"\"shop\"=>\"cosmetics\""},"geometry":{"type":"Point","coordinates":[121.0830911,14.6965686]}},
{"type":"Feature","properties":{"osm_id":"4270171590","name":"Sr. Pedro","other_tags":"\"addr:street\"=>\"Commonwealth Avenue\",\"amenity\"=>\"fast_food\""},"geometry":{"type":"Point","coordinates":[121.07990860000001,14.7054283]}},
{"type":"Feature","properties":{"osm_id":"4270171591","name":"Philippine Savings Bank","other_tags":"\"addr:street\"=>\"Commonwealth Avenue\",\"amenity\"=>\"bank\",\"opening_hours\"=>\"Mo-Fr 09:00-16:30\""},"geometry":{"type":"Point","coordinates":[121.07794650000001,14.7054238]}},
{"type":"Feature","properties":{"osm_id":"4270190091","name":"Danny's Sinugba","other_tags":"\"addr:street\"=>\"Commonwealth Avenue\",\"amenity\"=>\"fast_food\",\"cuisine\"=>\"barbecue;regional\",\"mapillary\"=>\"820255058934248\""},"geometry":{"type":"Point","coordinates":[121.0793952,14.7053134]}},
{"type":"Feature","properties":{"osm_id":"4270222089","name":"Top Speed 1 Motorcycle Trading","other_tags":"\"addr:city\"=>\"Quezon City\",\"addr:street\"=>\"Commonwealth Avenue\",\"mapillary\"=>\"356282486611420\",\"payment:cash\"=>\"yes\",\"shop\"=>\"motorcycle\",\"source:feature\"=>\"Mapillary 2022-04-28\",\"survey:date\"=>\"2022-04-28\""},"geometry":{"type":"Point","coordinates":[121.0789538,14.7053196]}},
{"type":"Feature","properties":{"osm_id":"4270222389","name":"Mead Marketing","other_tags":"\"addr:city\"=>\"Quezon City\",\"addr:postcode\"=>\"1118\",\"addr:street\"=>\"Commonwealth Avenue\",\"level\"=>\"0\",\"shop\"=>\"stationery\""},"geometry":{"type":"Point","coordinates":[121.0765377,14.7053369]}},
{"type":"Feature","properties":{"osm_id":"4270222489","other_tags":"\"addr:city\"=>\"Quezon City\",\"addr:postcode\"=>\"1118\",\"addr:street\"=>\"Commonwealth Avenue\",\"amenity\"=>\"atm\",\"level\"=>\"0\",\"network\"=>\"ExpressNet\",\"opening_hours\"=>\"24/7\",\"operator\"=>\"BPI\""},"geometry":{"type":"Point","coordinates":[121.075771,14.7053146]}},
{"type":"Feature","properties":{"osm_id":"4270222589","other_tags":"\"amenity\"=>\"atm\",\"operator\"=>\"BDO\""},"geometry":{"type":"Point","coordinates":[121.077798300000012,14.7053916]}},
{"type":"Feature","properties":{"osm_id":"4275785331","name":"Ace Diagnostics","other_tags":"\"addr:street\"=>\"Commonwealth Avenue\",\"amenity\"=>\"clinic\",\"mapillary\"=>\"4088051594566543\""},"geometry":{"type":"Point","coordinates":[121.075778,14.7048623]}},
{"type":"Feature","properties":{"osm_id":"4275786618","name":"Balai Pandesal","other_tags":"\"addr:street\"=>\"Commonwealth Avenue\",\"shop\"=>\"bakery\""},"geometry":{"type":"Point","coordinates":[121.079207700000012,14.7053097]}},
{"type":"Feature","properties":{"osm_id":"4304633888","ref":"N9 74T","other_tags":"\"design\"=>\"steel\",\"operator\"=>\"Meralco\",\"operator:wikidata\"=>\"Q6817918\",\"power\"=>\"pole\""},"geometry":{"type":"Point","coordinates":[121.0690148,14.6638984]}},
{"type":"Feature","properties":{"osm_id":"4414001089","name":"Lydia's Lechon","other_tags":"\"amenity\"=>\"fast_food\",\"name:en\"=>\"Lydia's Lechon\""},"geometry":{"type":"Point","coordinates":[121.077364100000011,14.7054136]}},
{"type":"Feature","properties":{"osm_id":"4414704299","name":"Fairview Lechon","other_tags":"\"addr:street\"=>\"Commonwealth Avenue\",\"name:en\"=>\"Fairview Lechon\",\"shop\"=>\"food\""},"geometry":{"type":"Point","coordinates":[121.075347,14.7053255]}},
{"type":"Feature","properties":{"osm_id":"4420186791","name":"Turtles KTV","other_tags":"\"amenity\"=>\"pub\",\"name:en\"=>\"Turtles KTV\""},"geometry":{"type":"Point","coordinates":[121.0802555,14.7053855]}},
{"type":"Feature","properties":{"osm_id":"4420234790","name":"Baliwag","other_tags":"\"addr:street\"=>\"Commonwealth Avenue\",\"amenity\"=>\"fast_food\",\"brand\"=>\"Baliwag\",\"brand:wikidata\"=>\"Q120755696\",\"cuisine\"=>\"barbecue;regional\",\"mapillary\"=>\"996299827939286\",\"name:en\"=>\"Baliwag Litson Manok\",\"takeaway\"=>\"yes\""},"geometry":{"type":"Point","coordinates":[121.0801747,14.7053454]}},
{"type":"Feature","properties":{"osm_id":"4421403978","other_tags":"\"noexit\"=>\"yes\""},"geometry":{"type":"Point","coordinates":[121.0723112,14.6922959]}},
{"type":"Feature","properties":{"osm_id":"4421404320","other_tags":"\"noexit\"=>\"yes\""},"geometry":{"type":"Point","coordinates":[121.074483500000014,14.6947802]}},
{"type":"Feature","properties":{"osm_id":"4421404332","other_tags":"\"noexit\"=>\"yes\""},"geometry":{"type":"Point","coordinates":[121.072985,14.6969138]}},
{"type":"Feature","properties":{"osm_id":"4423467793","name":"Floors to Wall","other_tags":"\"name:en\"=>\"Floors to Wall\",\"shop\"=>\"hardware\""},"geometry":{"type":"Point","coordinates":[121.0829391,14.7051394]}},
{"type":"Feature","properties":{"osm_id":"4423485790","name":"Cebuana Lhuillier","other_tags":"\"addr:city\"=>\"Quezon City\",\"addr:street\"=>\"Commonwealth Avenue\",\"brand\"=>\"Cebuana Lhuillier\",\"brand:facebook\"=>\"cebuanalhuillierpawnshop\",\"brand:website\"=>\"https://www.cebuanalhuillier.com/\",\"brand:wikidata\"=>\"Q17064661\",\"brand:wikipedia\"=>\"en:Cebuana Lhuillier\",\"mapillary\"=>\"356282486611420\",\"money_transfer\"=>\"cebuana_pera_padala;moneygram\",\"name:en\"=>\"Cebuana Lhulier\",\"shop\"=>\"pawnbroker\",\"short_name\"=>\"Cebuana\",\"source:position\"=>\"Mapillary 2022-04-28\",\"survey:date\"=>\"2022-04-28\""},"geometry":{"type":"Point","coordinates":[121.078907500000014,14.705318]}},
{"type":"Feature","properties":{"osm_id":"4423495290","name":"Pixie's","other_tags":"\"amenity\"=>\"fast_food\",\"name:en\"=>\"Pixie's\""},"geometry":{"type":"Point","coordinates":[121.0809918,14.705294]}},
{"type":"Feature","properties":{"osm_id":"4423506089","name":"Yokohama","other_tags":"\"addr:street\"=>\"Commonwealth Avenue\",\"mapillary\"=>\"337520921738719\",\"name:en\"=>\"Yokohama\",\"shop\"=>\"car_repair\""},"geometry":{"type":"Point","coordinates":[121.0814668,14.7053276]}},
{"type":"Feature","properties":{"osm_id":"4423506189","name":"Richmart","other_tags":"\"name:en\"=>\"Richmart\",\"shop\"=>\"car_parts\""},"geometry":{"type":"Point","coordinates":[121.081679,14.7052522]}},
{"type":"Feature","properties":{"osm_id":"4424333191","name":"Honda Motors","other_tags":"\"name:en\"=>\"Honda Motors\",\"shop\"=>\"car\""},"geometry":{"type":"Point","coordinates":[121.0714819,14.7059233]}},
{"type":"Feature","properties":{"osm_id":"4424338990","name":"PLDT","other_tags":"\"name:en\"=>\"PLDT\",\"office\"=>\"telecommunication\""},"geometry":{"type":"Point","coordinates":[121.0735893,14.7052246]}},
{"type":"Feature","properties":{"osm_id":"4424340189","name":"Honda","other_tags":"\"name:en\"=>\"Honda\",\"shop\"=>\"car\""},"geometry":{"type":"Point","coordinates":[121.0734249,14.7052891]}},
{"type":"Feature","properties":{"osm_id":"4428253690","name":"Goodyear","other_tags":"\"name:en\"=>\"Goodyear\",\"shop\"=>\"car_parts\""},"geometry":{"type":"Point","coordinates":[121.07642580000001,14.7048166]}},
{"type":"Feature","properties":{"osm_id":"4428844191","name":"Kowloon House","other_tags":"\"amenity\"=>\"fast_food\",\"name:en\"=>\"Kowloon House\""},"geometry":{"type":"Point","coordinates":[121.0808894,14.7052934]}},
{"type":"Feature","properties":{"osm_id":"4430315300","name":"Persida Ocor Enterprises","other_tags":"\"addr:housenumber\"=>\"27\",\"addr:street\"=>\"Steve Street\",\"craft\"=>\"tailor\",\"email\"=>\"lorelieocor@yahoo.com\",\"name:en\"=>\"Persida Ocor Enterprises\",\"phone\"=>\"+63 2 931 1538\""},"geometry":{"type":"Point","coordinates":[121.0860119,14.6965301]}},
{"type":"Feature","properties":{"osm_id":"4431680192","name":"St. Peter Technical Training Center","other_tags":"\"amenity\"=>\"school\",\"name:en\"=>\"St. Peter Technical Training Center\""},"geometry":{"type":"Point","coordinates":[121.0816864,14.7045718]}},
{"type":"Feature","properties":{"osm_id":"4437505399","barrier":"gate","other_tags":"\"access\"=>\"permissive\""},"geometry":{"type":"Point","coordinates":[121.0879229,14.6968606]}},
{"type":"Feature","properties":{"osm_id":"4527629091","name":"Task Force Commo","other_tags":"\"amenity\"=>\"police\""},"geometry":{"type":"Point","coordinates":[121.08787430000001,14.6975409]}},
{"type":"Feature","properties":{"osm_id":"4527677690","name":"Sangguniang Pambarangay ng Commonwealth","other_tags":"\"addr:city\"=>\"Quezon City\",\"addr:street\"=>\"Katuparan\",\"admin_level\"=>\"10\",\"government\"=>\"legislative\",\"name:en\"=>\"Commonwealth Barangay Council\",\"name:tl\"=>\"Sangguniang Pambarangay ng Commonwealth\",\"office\"=>\"government\",\"official_name\"=>\"Tanggapan ng Sangguniang Pambarangay ng Commonwealth\",\"opening_hours\"=>\"Mo-Fr 08:00-17:00\""},"geometry":{"type":"Point","coordinates":[121.088040600000014,14.6969666]}},
{"type":"Feature","properties":{"osm_id":"4578670090","name":"Robinsons Supermarket","other_tags":"\"addr:city\"=>\"Quezon City\",\"addr:postcode\"=>\"1121\",\"addr:street\"=>\"Commonwealth Avenue\",\"brand\"=>\"Robinsons Supermarket\",\"brand:facebook\"=>\"https://www.facebook.com/RobinsonsSupermarketOfficial\",\"brand:website\"=>\"https://www.robinsonssupermarket.com.ph/\",\"brand:wikidata\"=>\"Q7353143\",\"brand:wikipedia\"=>\"en:Robinsons Supermarket\",\"opening_hours\"=>\"Mo-Su 10:00-22:00\",\"payment:cash\"=>\"yes\",\"shop\"=>\"supermarket\""},"geometry":{"type":"Point","coordinates":[121.0825813,14.7054456]}},
{"type":"Feature","properties":{"osm_id":"4588939691","other_tags":"\"entrance\"=>\"yes\""},"geometry":{"type":"Point","coordinates":[121.0692015,14.705955]}},
{"type":"Feature","properties":{"osm_id":"4595581794","other_tags":"\"amenity\"=>\"bus_station\""},"geometry":{"type":"Point","coordinates":[121.0864317,14.695788]}},
{"type":"Feature","properties":{"osm_id":"4681971489","name":"Agnos place","other_tags":"\"addr:housenumber\"=>\"1328\",\"addr:street\"=>\"Adarna Street\",\"name:en\"=>\"Agnos place\""},"geometry":{"type":"Point","coordinates":[121.080988100000013,14.6923906]}},
{"type":"Feature","properties":{"osm_id":"4711877089","name":"LBC","other_tags":"\"addr:city\"=>\"Quezon City\",\"addr:province\"=>\"Metro Manila\",\"addr:street\"=>\"Commonwealth Avenue\",\"brand\"=>\"LBC\",\"brand:wikidata\"=>\"Q17075584\",\"brand:wikipedia\"=>\"en:LBC Express\",\"money_transfer\"=>\"instant_cash_padala;palawan_express\",\"office\"=>\"courier\""},"geometry":{"type":"Point","coordinates":[121.0797512,14.7044649]}},
{"type":"Feature","properties":{"osm_id":"4712807689","name":"Don Jose Heights Park and Playground","other_tags":"\"amenity\"=>\"community_centre\",\"name:en\"=>\"Don Jose Heights Park and Playground\""},"geometry":{"type":"Point","coordinates":[121.0802122,14.7013979]}},
{"type":"Feature","properties":{"osm_id":"4752360224","name":"ABE Fairview","other_tags":"\"amenity\"=>\"school\",\"name:en\"=>\"ABE Fairview\""},"geometry":{"type":"Point","coordinates":[121.0866747,14.6965028]}},
{"type":"Feature","properties":{"osm_id":"4812420721","name":"Grace Halfway Home","other_tags":"\"addr:housenumber\"=>\"46\",\"addr:street\"=>\"Camaro Street\",\"amenity\"=>\"social_facility\",\"contact:email\"=>\"gracehalfwayhome@yahoo.com.ph\",\"internet_access\"=>\"wlan\",\"official_name\"=>\"Grace Halfway Home, Incorporated\",\"opening_hours\"=>\"24/7\",\"phone\"=>\"+63 2 423 2239\",\"social_facility\"=>\"shelter\""},"geometry":{"type":"Point","coordinates":[121.071077800000012,14.7031802]}},
{"type":"Feature","properties":{"osm_id":"4918684421","name":"Exo Vape","other_tags":"\"name:en\"=>\"Exo Vape\",\"shop\"=>\"e-cigarette\""},"geometry":{"type":"Point","coordinates":[121.08228,14.6906554]}},
{"type":"Feature","properties":{"osm_id":"4937988331","other_tags":"\"amenity\"=>\"shelter\""},"geometry":{"type":"Point","coordinates":[121.081529300000014,14.7046021]}},
{"type":"Feature","properties":{"osm_id":"5016459532","name":"Kapatiran Baptist Church","other_tags":"\"addr:city\"=>\"Quezon City\",\"addr:street\"=>\"Kapatiran Street\",\"amenity\"=>\"place_of_worship\",\"denomination\"=>\"baptist\",\"religion\"=>\"christian\""},"geometry":{"type":"Point","coordinates":[121.089031100000014,14.705783]}},
{"type":"Feature","properties":{"osm_id":"5016459533","name":"ClE New Life Christian School","other_tags":"\"addr:city\"=>\"Quezon City\",\"addr:street\"=>\"Kapatiran Street\",\"amenity\"=>\"school\""},"geometry":{"type":"Point","coordinates":[121.0901175,14.7056416]}},
{"type":"Feature","properties":{"osm_id":"5017194711","other_tags":"\"railway\"=>\"signal\""},"geometry":{"type":"Point","coordinates":[121.0873367,14.6981185]}},
{"type":"Feature","properties":{"osm_id":"5021886322","name":"Litex","highway":"bus_stop","other_tags":"\"network\"=>\"QCityBus\",\"operator\"=>\"Lungsod Quezon\",\"public_transport\"=>\"platform\",\"route_ref\"=>\"QC2\""},"geometry":{"type":"Point","coordinates":[121.088219900000013,14.7002233]}},
{"type":"Feature","properties":{"osm_id":"5021888224","highway":"crossing","other_tags":"\"crossing\"=>\"uncontrolled\",\"crossing:markings\"=>\"zebra\",\"kerb\"=>\"yes\",\"tactile_paving\"=>\"no\",\"wheelchair\"=>\"yes\""},"geometry":{"type":"Point","coordinates":[121.087944600000014,14.7001603]}},
{"type":"Feature","properties":{"osm_id":"5224058021","name":"Beehive Hotel","other_tags":"\"addr:street\"=>\"Commonwealth Avenue\",\"internet_access\"=>\"wlan\",\"name:en\"=>\"Beehive Hotel\",\"tourism\"=>\"hotel\""},"geometry":{"type":"Point","coordinates":[121.0869339,14.6938986]}},
{"type":"Feature","properties":{"osm_id":"5224058022","name":"Ukay-ukay Paradise","other_tags":"\"addr:street\"=>\"Villongco Street\",\"name:en\"=>\"Ukay-ukay Paradise\",\"shop\"=>\"clothes\""},"geometry":{"type":"Point","coordinates":[121.0866332,14.6965338]}},
{"type":"Feature","properties":{"osm_id":"5224058023","name":"Jollibee","other_tags":"\"addr:street\"=>\"Villongco Street\",\"amenity\"=>\"fast_food\",\"name:en\"=>\"Jollibee\""},"geometry":{"type":"Point","coordinates":[121.086658500000013,14.6961133]}},
{"type":"Feature","properties":{"osm_id":"5224058024","other_tags":"\"addr:street\"=>\"Villongco Street\",\"shop\"=>\"convenience\""},"geometry":{"type":"Point","coordinates":[121.086303300000012,14.6960389]}},
{"type":"Feature","properties":{"osm_id":"5224058321","name":"ABE College","other_tags":"\"amenity\"=>\"college\",\"name:en\"=>\"ABE College\""},"geometry":{"type":"Point","coordinates":[121.086581900000013,14.6961852]}},
{"type":"Feature","properties":{"osm_id":"5255205004","other_tags":"\"railway\"=>\"signal\""},"geometry":{"type":"Point","coordinates":[121.087295700000013,14.6969296]}},
{"type":"Feature","properties":{"osm_id":"5260979942","other_tags":"\"amenity\"=>\"atm\""},"geometry":{"type":"Point","coordinates":[121.0867886,14.6966172]}},
{"type":"Feature","properties":{"osm_id":"5320314179","other_tags":"\"crossing\"=>\"informal\""},"geometry":{"type":"Point","coordinates":[121.0812601,14.7052554]}},
{"type":"Feature","properties":{"osm_id":"5320528474","other_tags":"\"amenity\"=>\"parking_entrance\""},"geometry":{"type":"Point","coordinates":[121.0829078,14.7049455]}},
{"type":"Feature","properties":{"osm_id":"5372629348","other_tags":"\"noexit\"=>\"yes\""},"geometry":{"type":"Point","coordinates":[121.080185500000013,14.6909698]}},
{"type":"Feature","properties":{"osm_id":"5372629355","other_tags":"\"noexit\"=>\"yes\""},"geometry":{"type":"Point","coordinates":[121.0805851,14.6910178]}},
{"type":"Feature","properties":{"osm_id":"5383283228","other_tags":"\"noexit\"=>\"yes\""},"geometry":{"type":"Point","coordinates":[121.0722006,14.7010097]}},
{"type":"Feature","properties":{"osm_id":"5383283243","other_tags":"\"noexit\"=>\"yes\""},"geometry":{"type":"Point","coordinates":[121.0724617,14.6986381]}},
{"type":"Feature","properties":{"osm_id":"5391332768","other_tags":"\"noexit\"=>\"yes\""},"geometry":{"type":"Point","coordinates":[121.0690632,14.6925937]}},
{"type":"Feature","properties":{"osm_id":"5398321098","other_tags":"\"noexit\"=>\"yes\""},"geometry":{"type":"Point","coordinates":[121.0833733,14.7020844]}},
{"type":"Feature","properties":{"osm_id":"5398321102","highway":"give_way"},"geometry":{"type":"Point","coordinates":[121.0814771,14.7047809]}},
{"type":"Feature","properties":{"osm_id":"5398366163","barrier":"gate","other_tags":"\"access\"=>\"no\""},"geometry":{"type":"Point","coordinates":[121.0739596,14.7010387]}},
{"type":"Feature","properties":{"osm_id":"5398366186","other_tags":"\"noexit\"=>\"yes\""},"geometry":{"type":"Point","coordinates":[121.077447,14.6990944]}},
{"type":"Feature","properties":{"osm_id":"5398366190","other_tags":"\"noexit\"=>\"yes\""},"geometry":{"type":"Point","coordinates":[121.0859013,14.698879]}},
{"type":"Feature","properties":{"osm_id":"5438721131","other_tags":"\"railway\"=>\"switch\""},"geometry":{"type":"Point","coordinates":[121.063343800000013,14.7077297]}},
{"type":"Feature","properties":{"osm_id":"5531556121","name":"Lugawan Ni Clef","other_tags":"\"amenity\"=>\"fast_food\""},"geometry":{"type":"Point","coordinates":[121.0799941,14.6971971]}},
{"type":"Feature","properties":{"osm_id":"5650197922","other_tags":"\"noexit\"=>\"yes\""},"geometry":{"type":"Point","coordinates":[121.075172400000014,14.6939963]}},
{"type":"Feature","properties":{"osm_id":"5650197948","other_tags":"\"noexit\"=>\"yes\""},"geometry":{"type":"Point","coordinates":[121.075731,14.6959668]}},
{"type":"Feature","properties":{"osm_id":"5650197958","other_tags":"\"noexit\"=>\"yes\""},"geometry":{"type":"Point","coordinates":[121.0740428,14.6964551]}},
{"type":"Feature","properties":{"osm_id":"5650197959","other_tags":"\"noexit\"=>\"yes\""},"geometry":{"type":"Point","coordinates":[121.0734256,14.696197]}},
{"type":"Feature","properties":{"osm_id":"5650197963","other_tags":"\"noexit\"=>\"yes\""},"geometry":{"type":"Point","coordinates":[121.0755003,14.6947344]}},
{"type":"Feature","properties":{"osm_id":"5651019210","other_tags":"\"noexit\"=>\"yes\""},"geometry":{"type":"Point","coordinates":[121.07649880000001,14.6963964]}},
{"type":"Feature","properties":{"osm_id":"5651019581","other_tags":"\"noexit\"=>\"yes\""},"geometry":{"type":"Point","coordinates":[121.0732178,14.6955996]}},
{"type":"Feature","properties":{"osm_id":"5651791336","other_tags":"\"noexit\"=>\"yes\""},"geometry":{"type":"Point","coordinates":[121.076712,14.6979814]}},
{"type":"Feature","properties":{"osm_id":"5651791354","other_tags":"\"traffic_calming\"=>\"bump\""},"geometry":{"type":"Point","coordinates":[121.0764211,14.7004344]}},
{"type":"Feature","properties":{"osm_id":"5651791355","other_tags":"\"noexit\"=>\"yes\""},"geometry":{"type":"Point","coordinates":[121.07724180000001,14.6996152]}},
{"type":"Feature","properties":{"osm_id":"5651830653","other_tags":"\"noexit\"=>\"yes\""},"geometry":{"type":"Point","coordinates":[121.0830647,14.6948622]}},
{"type":"Feature","properties":{"osm_id":"5651830659","other_tags":"\"noexit\"=>\"yes\""},"geometry":{"type":"Point","coordinates":[121.078031700000011,14.6988576]}},
{"type":"Feature","properties":{"osm_id":"5651964852","other_tags":"\"noexit\"=>\"yes\""},"geometry":{"type":"Point","coordinates":[121.07579530000001,14.6938355]}},
{"type":"Feature","properties":{"osm_id":"5651964886","other_tags":"\"traffic_calming\"=>\"bump\""},"geometry":{"type":"Point","coordinates":[121.0787337,14.7015117]}},
{"type":"Feature","properties":{"osm_id":"5651964903","other_tags":"\"noexit\"=>\"yes\""},"geometry":{"type":"Point","coordinates":[121.0797383,14.6984049]}},
{"type":"Feature","properties":{"osm_id":"5651964909","other_tags":"\"noexit\"=>\"yes\""},"geometry":{"type":"Point","coordinates":[121.0757437,14.7029146]}},
{"type":"Feature","properties":{"osm_id":"5651965027","other_tags":"\"traffic_calming\"=>\"hump\""},"geometry":{"type":"Point","coordinates":[121.0782738,14.7031092]}},
{"type":"Feature","properties":{"osm_id":"5651965044","other_tags":"\"noexit\"=>\"yes\""},"geometry":{"type":"Point","coordinates":[121.0714174,14.6915386]}},
{"type":"Feature","properties":{"osm_id":"5651965108","other_tags":"\"noexit\"=>\"yes\""},"geometry":{"type":"Point","coordinates":[121.0723058,14.692832]}},
{"type":"Feature","properties":{"osm_id":"5651965229","other_tags":"\"noexit\"=>\"yes\""},"geometry":{"type":"Point","coordinates":[121.07209060000001,14.6964746]}},
{"type":"Feature","properties":{"osm_id":"5652100156","other_tags":"\"noexit\"=>\"yes\""},"geometry":{"type":"Point","coordinates":[121.07674750000001,14.7041327]}},
{"type":"Feature","properties":{"osm_id":"5652100159","other_tags":"\"noexit\"=>\"yes\""},"geometry":{"type":"Point","coordinates":[121.07593150000001,14.7039472]}},
{"type":"Feature","properties":{"osm_id":"5652100161","other_tags":"\"noexit\"=>\"yes\""},"geometry":{"type":"Point","coordinates":[121.076030100000011,14.7035931]}},
{"type":"Feature","properties":{"osm_id":"5652189365","other_tags":"\"addr:province\"=>\"Metro Manila\""},"geometry":{"type":"Point","coordinates":[121.071249,14.6967269]}},
{"type":"Feature","properties":{"osm_id":"5652189366","other_tags":"\"addr:province\"=>\"Metro Manila\""},"geometry":{"type":"Point","coordinates":[121.0713544,14.6966284]}},
{"type":"Feature","properties":{"osm_id":"5652217313","highway":"crossing","other_tags":"\"crossing\"=>\"uncontrolled\",\"crossing:markings\"=>\"zebra\""},"geometry":{"type":"Point","coordinates":[121.0676722,14.6992726]}},
{"type":"Feature","properties":{"osm_id":"5652217314","highway":"crossing","other_tags":"\"crossing\"=>\"uncontrolled\",\"crossing:markings\"=>\"zebra\""},"geometry":{"type":"Point","coordinates":[121.0675845,14.6992747]}},
{"type":"Feature","properties":{"osm_id":"5653942265","barrier":"gate","other_tags":"\"access\"=>\"private\""},"geometry":{"type":"Point","coordinates":[121.0885582,14.704277]}},
{"type":"Feature","properties":{"osm_id":"5653942296","other_tags":"\"noexit\"=>\"yes\""},"geometry":{"type":"Point","coordinates":[121.0835624,14.7058475]}},
{"type":"Feature","properties":{"osm_id":"5653942298","other_tags":"\"noexit\"=>\"yes\""},"geometry":{"type":"Point","coordinates":[121.086325,14.7050212]}},
{"type":"Feature","properties":{"osm_id":"5653942299","other_tags":"\"noexit\"=>\"yes\""},"geometry":{"type":"Point","coordinates":[121.087729200000012,14.7045725]}},
{"type":"Feature","properties":{"osm_id":"5653942300","other_tags":"\"traffic_calming\"=>\"bump\""},"geometry":{"type":"Point","coordinates":[121.086781,14.7029763]}},
{"type":"Feature","properties":{"osm_id":"5653942305","other_tags":"\"noexit\"=>\"yes\""},"geometry":{"type":"Point","coordinates":[121.086772900000014,14.7061654]}},
{"type":"Feature","properties":{"osm_id":"5661409941","other_tags":"\"noexit\"=>\"yes\""},"geometry":{"type":"Point","coordinates":[121.0774195,14.6990574]}},
{"type":"Feature","properties":{"osm_id":"5677961359","highway":"traffic_signals"},"geometry":{"type":"Point","coordinates":[121.069344,14.7064225]}},
{"type":"Feature","properties":{"osm_id":"5682535241","barrier":"swing_gate","other_tags":"\"access\"=>\"destination\",\"barrier:personnel\"=>\"yes\""},"geometry":{"type":"Point","coordinates":[121.078243500000013,14.7041226]}},
{"type":"Feature","properties":{"osm_id":"5682535242","barrier":"lift_gate","other_tags":"\"access\"=>\"destination\",\"barrier:personnel\"=>\"yes\""},"geometry":{"type":"Point","coordinates":[121.0783102,14.7060241]}},
{"type":"Feature","properties":{"osm_id":"5693215829","name":"Riverside Terminal","other_tags":"\"amenity\"=>\"bus_station\""},"geometry":{"type":"Point","coordinates":[121.08703,14.692856]}},
{"type":"Feature","properties":{"osm_id":"5723401448","other_tags":"\"noexit\"=>\"yes\""},"geometry":{"type":"Point","coordinates":[121.0738689,14.7039173]}},
{"type":"Feature","properties":{"osm_id":"5867052347","other_tags":"\"noexit\"=>\"yes\""},"geometry":{"type":"Point","coordinates":[121.070663,14.6913499]}},
{"type":"Feature","properties":{"osm_id":"6067696185","name":"i lab chicken","other_tags":"\"addr:housenumber\"=>\"107\",\"addr:street\"=>\"Riverside\",\"amenity\"=>\"fast_food\",\"opening_hours\"=>\"Mo-Sa 00:00-24:00; Su 09:00-22:00\""},"geometry":{"type":"Point","coordinates":[121.0834798,14.6937193]}},
{"type":"Feature","properties":{"osm_id":"6069334529","name":"Merly's Delicacies","other_tags":"\"shop\"=>\"bakery\""},"geometry":{"type":"Point","coordinates":[121.0902302,14.6908778]}},
{"type":"Feature","properties":{"osm_id":"6069909587","name":"rm commonwealth","other_tags":"\"shop\"=>\"pawnbroker\""},"geometry":{"type":"Point","coordinates":[121.084876,14.6970981]}},
{"type":"Feature","properties":{"osm_id":"6138235486","name":"Franz Hardware","other_tags":"\"shop\"=>\"hardware\""},"geometry":{"type":"Point","coordinates":[121.0893951,14.7022375]}},
{"type":"Feature","properties":{"osm_id":"6138236486","name":"Western Union","other_tags":"\"amenity\"=>\"bureau_de_change\""},"geometry":{"type":"Point","coordinates":[121.089379900000012,14.7019676]}},
{"type":"Feature","properties":{"osm_id":"6138236487","name":"Grainsmart Rice dealer","other_tags":"\"addr:city\"=>\"Quezon City\",\"addr:street\"=>\"Payatas Road\",\"shop\"=>\"rice\""},"geometry":{"type":"Point","coordinates":[121.0893116,14.701766]}},
{"type":"Feature","properties":{"osm_id":"6138236488","name":"M Lhuillier","other_tags":"\"addr:city\"=>\"Quezon City\",\"addr:street\"=>\"Payatas Road\",\"brand\"=>\"M Lhuillier\",\"brand:wikidata\"=>\"Q83434356\",\"mapillary\"=>\"116118377562868\",\"money_transfer\"=>\"ml_kwarta_padala;moneygram;western_union\",\"shop\"=>\"pawnbroker\""},"geometry":{"type":"Point","coordinates":[121.0893881,14.701498]}},
{"type":"Feature","properties":{"osm_id":"6138236489","name":"Triple B Computer Sales and Services","other_tags":"\"shop\"=>\"computer\""},"geometry":{"type":"Point","coordinates":[121.08936,14.701817]}},
{"type":"Feature","properties":{"osm_id":"6138236885","name":"Palawan Pawnshop","other_tags":"\"addr:city\"=>\"Quezon City\",\"addr:street\"=>\"Payatas Road\",\"brand\"=>\"Palawan Pawnshop\",\"brand:wikidata\"=>\"Q62391488\",\"money_transfer\"=>\"palawan_express;moneygram\",\"shop\"=>\"pawnbroker\""},"geometry":{"type":"Point","coordinates":[121.089312600000014,14.7018402]}},
{"type":"Feature","properties":{"osm_id":"6260144585","other_tags":"\"shop\"=>\"supermarket\""},"geometry":{"type":"Point","coordinates":[121.086530200000013,14.6952089]}},
{"type":"Feature","properties":{"osm_id":"6260149686","name":"Czelo & Tintin Grocery","other_tags":"\"shop\"=>\"supermarket\""},"geometry":{"type":"Point","coordinates":[121.086631,14.6952714]}},
{"type":"Feature","properties":{"osm_id":"6263914185","name":"SMP Grocery","other_tags":"\"shop\"=>\"convenience\""},"geometry":{"type":"Point","coordinates":[121.087684200000012,14.6999622]}},
{"type":"Feature","properties":{"osm_id":"6263914385","name":"Phytos Pharmacy","other_tags":"\"amenity\"=>\"pharmacy\""},"geometry":{"type":"Point","coordinates":[121.0881671,14.6997994]}},
{"type":"Feature","properties":{"osm_id":"6263914386","name":"Shopmore Drugstore & Grocery","other_tags":"\"shop\"=>\"convenience\""},"geometry":{"type":"Point","coordinates":[121.088238800000013,14.6998246]}},
{"type":"Feature","properties":{"osm_id":"6263914485","name":"Minute Burger","other_tags":"\"amenity\"=>\"fast_food\""},"geometry":{"type":"Point","coordinates":[121.088290500000014,14.6998453]}},
{"type":"Feature","properties":{"osm_id":"6266143986","name":"Bachiller Dental Clinic","other_tags":"\"amenity\"=>\"dentist\""},"geometry":{"type":"Point","coordinates":[121.08857660000001,14.6967671]}},
{"type":"Feature","properties":{"osm_id":"6266150685","name":"Lusung Optical","other_tags":"\"amenity\"=>\"clinic\""},"geometry":{"type":"Point","coordinates":[121.0886296,14.6967782]}},
{"type":"Feature","properties":{"osm_id":"6266153386","name":"Cha-Cha's Pizza","other_tags":"\"amenity\"=>\"fast_food\""},"geometry":{"type":"Point","coordinates":[121.0887866,14.6968294]}},
{"type":"Feature","properties":{"osm_id":"6266158285","name":"Minute Burger","other_tags":"\"amenity\"=>\"fast_food\""},"geometry":{"type":"Point","coordinates":[121.0886038,14.6967802]}},
{"type":"Feature","properties":{"osm_id":"6266178685","name":"Botika ng Bayan","other_tags":"\"amenity\"=>\"pharmacy\""},"geometry":{"type":"Point","coordinates":[121.0888664,14.6967684]}},
{"type":"Feature","properties":{"osm_id":"6266193185","name":"Buonissima Bakery","other_tags":"\"shop\"=>\"bakery\""},"geometry":{"type":"Point","coordinates":[121.088805,14.6970449]}},
{"type":"Feature","properties":{"osm_id":"6266196385","name":"V & D Sizzling Foodhouse","other_tags":"\"amenity\"=>\"fast_food\""},"geometry":{"type":"Point","coordinates":[121.0887989,14.6969927]}},
{"type":"Feature","properties":{"osm_id":"6267114885","name":"Senior Citizens' Center","other_tags":"\"amenity\"=>\"community_centre\""},"geometry":{"type":"Point","coordinates":[121.0880362,14.6969246]}},
{"type":"Feature","properties":{"osm_id":"6278106188","name":"Friespamore","other_tags":"\"amenity\"=>\"fast_food\""},"geometry":{"type":"Point","coordinates":[121.0887941,14.6968426]}},
{"type":"Feature","properties":{"osm_id":"6278214587","name":"Elsa Store","other_tags":"\"addr:street\"=>\"Kasunduan Street\",\"shop\"=>\"convenience\""},"geometry":{"type":"Point","coordinates":[121.088618200000013,14.695425]}},
{"type":"Feature","properties":{"osm_id":"6278223286","other_tags":"\"addr:street\"=>\"Katipunan Street\",\"shop\"=>\"convenience\""},"geometry":{"type":"Point","coordinates":[121.0887485,14.6961135]}},
{"type":"Feature","properties":{"osm_id":"6278225485","name":"Central View Medical Center","other_tags":"\"amenity\"=>\"doctors\""},"geometry":{"type":"Point","coordinates":[121.0885748,14.6965774]}},
{"type":"Feature","properties":{"osm_id":"6280070585","name":"Half Saints","other_tags":"\"addr:street\"=>\"Esguerra Street\",\"amenity\"=>\"restaurant\""},"geometry":{"type":"Point","coordinates":[121.0773915,14.6986593]}},
{"type":"Feature","properties":{"osm_id":"6284031506","other_tags":"\"shop\"=>\"convenience\""},"geometry":{"type":"Point","coordinates":[121.08916210000001,14.6956794]}},
{"type":"Feature","properties":{"osm_id":"6284031507","name":"I Heart Net","other_tags":"\"amenity\"=>\"internet_cafe\""},"geometry":{"type":"Point","coordinates":[121.0895564,14.6963659]}},
{"type":"Feature","properties":{"osm_id":"6284031508","name":"Lita's Store","other_tags":"\"shop\"=>\"convenience\""},"geometry":{"type":"Point","coordinates":[121.089876800000013,14.6967937]}},
{"type":"Feature","properties":{"osm_id":"6284032189","name":"Gamot Publiko","other_tags":"\"amenity\"=>\"pharmacy\",\"healthcare\"=>\"pharmacy\""},"geometry":{"type":"Point","coordinates":[121.089613,14.6968545]}},
{"type":"Feature","properties":{"osm_id":"6284032190","name":"Besh Laundry Services","other_tags":"\"shop\"=>\"laundry\""},"geometry":{"type":"Point","coordinates":[121.0900754,14.6967912]}},
{"type":"Feature","properties":{"osm_id":"6284053388","name":"Abuan Store","other_tags":"\"shop\"=>\"convenience\""},"geometry":{"type":"Point","coordinates":[121.08975,14.6967935]}},
{"type":"Feature","properties":{"osm_id":"6284063285","name":"Hair Barber Shop","other_tags":"\"shop\"=>\"cosmetics\""},"geometry":{"type":"Point","coordinates":[121.0898199,14.6968393]}},
{"type":"Feature","properties":{"osm_id":"6284063286","name":"RS1 Internet Shop","other_tags":"\"amenity\"=>\"internet_cafe\""},"geometry":{"type":"Point","coordinates":[121.0889248,14.701326]}},
{"type":"Feature","properties":{"osm_id":"6284063485","name":"Troy Barber Shop","other_tags":"\"shop\"=>\"beauty\""},"geometry":{"type":"Point","coordinates":[121.090099900000013,14.6967837]}},
{"type":"Feature","properties":{"osm_id":"6284121585","name":"Tiya'y Store","other_tags":"\"shop\"=>\"convenience\""},"geometry":{"type":"Point","coordinates":[121.0908756,14.6968304]}},
{"type":"Feature","properties":{"osm_id":"6300532419","name":"Mindanao Avenue","other_tags":"\"proposed:highway\"=>\"motorway_junction\""},"geometry":{"type":"Point","coordinates":[121.0267048,14.6934566]}},
{"type":"Feature","properties":{"osm_id":"6353868084","name":"Periano Water Station","other_tags":"\"shop\"=>\"water\""},"geometry":{"type":"Point","coordinates":[121.0853399,14.699803]}},
{"type":"Feature","properties":{"osm_id":"6353871958","barrier":"gate","other_tags":"\"access\"=>\"private\",\"barrier:personnel\"=>\"yes\""},"geometry":{"type":"Point","coordinates":[121.08208,14.6985142]}},
{"type":"Feature","properties":{"osm_id":"6451851187","name":"i lab chicken","other_tags":"\"addr:housenumber\"=>\"250\",\"addr:street\"=>\"Republic Avenue\",\"amenity\"=>\"fast_food\""},"geometry":{"type":"Point","coordinates":[121.0735173,14.6930347]}},
{"type":"Feature","properties":{"osm_id":"6538378772","barrier":"lift_gate","other_tags":"\"access\"=>\"destination\""},"geometry":{"type":"Point","coordinates":[121.0754981,14.7056338]}},
{"type":"Feature","properties":{"osm_id":"6546865485","name":"TGP","other_tags":"\"addr:city\"=>\"Quezon City\",\"addr:street\"=>\"Republic Avenue\",\"amenity\"=>\"pharmacy\",\"brand\"=>\"The Generics Pharmacy\",\"brand:wikidata\"=>\"Q61948677\",\"dispensing\"=>\"yes\",\"healthcare\"=>\"pharmacy\",\"mapillary\"=>\"355929026548480\",\"official_name\"=>\"The Generics Pharmacy\",\"short_name\"=>\"TGP\""},"geometry":{"type":"Point","coordinates":[121.071396900000011,14.6931904]}},
{"type":"Feature","properties":{"osm_id":"6569180070","other_tags":"\"noexit\"=>\"yes\""},"geometry":{"type":"Point","coordinates":[121.0784734,14.6915964]}},
{"type":"Feature","properties":{"osm_id":"6571754658","barrier":"gate","other_tags":"\"access\"=>\"no\",\"operator\"=>\"BF Homes\""},"geometry":{"type":"Point","coordinates":[121.0756566,14.6923922]}},
{"type":"Feature","properties":{"osm_id":"6957687689","name":"Catubigan residence","other_tags":"\"tourism\"=>\"apartment\""},"geometry":{"type":"Point","coordinates":[121.0806155,14.6945406]}},
{"type":"Feature","properties":{"osm_id":"6957690888","name":"Biena's Meatshop & Frozen Food","other_tags":"\"addr:housenumber\"=>\"168\",\"addr:street\"=>\"Don Fabian Extension\",\"shop\"=>\"butcher\""},"geometry":{"type":"Point","coordinates":[121.0833338,14.6969392]}},
{"type":"Feature","properties":{"osm_id":"6957690889","other_tags":"\"addr:housenumber\"=>\"2407\",\"addr:street\"=>\"Metom\""},"geometry":{"type":"Point","coordinates":[121.08387470000001,14.6967852]}},
{"type":"Feature","properties":{"osm_id":"6957691985","other_tags":"\"addr:housename\"=>\"Block 1 Lot 6\",\"addr:housenumber\"=>\"18\",\"addr:street\"=>\"Pilot Drive\""},"geometry":{"type":"Point","coordinates":[121.077904800000013,14.6979277]}},
{"type":"Feature","properties":{"osm_id":"6957692385","other_tags":"\"addr:housenumber\"=>\"62\",\"addr:street\"=>\"Steve\""},"geometry":{"type":"Point","coordinates":[121.084878300000014,14.6952411]}},
{"type":"Feature","properties":{"osm_id":"6958974187","other_tags":"\"addr:housename\"=>\"Block 3 Lot 1\",\"addr:housenumber\"=>\"#50\",\"addr:street\"=>\"Chopin Street\""},"geometry":{"type":"Point","coordinates":[121.0734386,14.7003991]}},
{"type":"Feature","properties":{"osm_id":"6958974191","other_tags":"\"amenity\"=>\"payment_terminal\""},"geometry":{"type":"Point","coordinates":[121.0879905,14.7004453]}},
{"type":"Feature","properties":{"osm_id":"6958974193","name":"Portia Rombaoa Lee Dental Clinic","other_tags":"\"addr:housenumber\"=>\"37\",\"addr:street\"=>\"Pantaleon Pelayo Street\",\"amenity\"=>\"dentist\""},"geometry":{"type":"Point","coordinates":[121.075121200000012,14.6916181]}},
{"type":"Feature","properties":{"osm_id":"6958974289","name":"Cebuana Lhuillier","other_tags":"\"addr:city\"=>\"Quezon City\",\"addr:housenumber\"=>\"19\",\"addr:street\"=>\"Payatas Road\",\"branch\"=>\"Litex\",\"brand\"=>\"Cebuana Lhuillier\",\"brand:wikidata\"=>\"Q17064661\",\"brand:wikipedia\"=>\"en:Cebuana Lhuillier\",\"shop\"=>\"pawnbroker\",\"short_name\"=>\"Cebuana\""},"geometry":{"type":"Point","coordinates":[121.0879811,14.7004282]}},
{"type":"Feature","properties":{"osm_id":"6959047994","name":"Nawasa Line A-7","place":"city_block"},"geometry":{"type":"Point","coordinates":[121.0697085,14.6909475]}},
{"type":"Feature","properties":{"osm_id":"6959047997","other_tags":"\"addr:housenumber\"=>\"211\",\"addr:street\"=>\"San Isidro Street\""},"geometry":{"type":"Point","coordinates":[121.0855662,14.6912551]}},
{"type":"Feature","properties":{"osm_id":"6959048104","other_tags":"\"addr:housenumber\"=>\"223A\",\"addr:street\"=>\"Riverside Extension\""},"geometry":{"type":"Point","coordinates":[121.082147100000014,14.6941665]}},
{"type":"Feature","properties":{"osm_id":"6959048110","name":"Nora Eatery","other_tags":"\"addr:city\"=>\"Quezon City\",\"addr:quarter\"=>\"Commonwealth\",\"addr:street\"=>\"Don Fabian Castillo Street\",\"amenity\"=>\"fast_food\""},"geometry":{"type":"Point","coordinates":[121.0835268,14.7010434]}},
{"type":"Feature","properties":{"osm_id":"6959048111","name":"Purok 16","place":"city_block"},"geometry":{"type":"Point","coordinates":[121.07527180000001,14.6949193]}},
{"type":"Feature","properties":{"osm_id":"6959048118","other_tags":"\"addr:housenumber\"=>\"214\",\"addr:street\"=>\"San Isidro Street\""},"geometry":{"type":"Point","coordinates":[121.085549300000011,14.6912085]}},
{"type":"Feature","properties":{"osm_id":"6959048119","other_tags":"\"addr:housenumber\"=>\"1965-104\",\"addr:street\"=>\"Steve\""},"geometry":{"type":"Point","coordinates":[121.08538630000001,14.6945735]}},
{"type":"Feature","properties":{"osm_id":"6959048120","name":"Caguioa cpd","other_tags":"\"addr:housenumber\"=>\"1685-5\",\"addr:street\"=>\"Adelfa\""},"geometry":{"type":"Point","coordinates":[121.075045,14.694801]}},
{"type":"Feature","properties":{"osm_id":"6959048216","other_tags":"\"addr:housenumber\"=>\"945\",\"addr:street\"=>\"San Jose Street\""},"geometry":{"type":"Point","coordinates":[121.081995400000011,14.6951034]}},
{"type":"Feature","properties":{"osm_id":"6959048222","other_tags":"\"addr:housenumber\"=>\"904\",\"addr:street\"=>\"San Jose Street\""},"geometry":{"type":"Point","coordinates":[121.0821621,14.6954916]}},
{"type":"Feature","properties":{"osm_id":"6959048223","other_tags":"\"addr:housenumber\"=>\"467\",\"addr:street\"=>\"Steve\""},"geometry":{"type":"Point","coordinates":[121.0853335,14.6943791]}},
{"type":"Feature","properties":{"osm_id":"6959048224","name":"6300","other_tags":"\"amenity\"=>\"post_box\""},"geometry":{"type":"Point","coordinates":[121.0904663,14.6998961]}},
{"type":"Feature","properties":{"osm_id":"6966246087","other_tags":"\"addr:housenumber\"=>\"5\",\"addr:street\"=>\"Edsel Street\""},"geometry":{"type":"Point","coordinates":[121.0711988,14.7023054]}},
{"type":"Feature","properties":{"osm_id":"6986318989","name":"Bobby & Chat fresh bangus & tilapia","other_tags":"\"addr:housenumber\"=>\"63\",\"addr:street\"=>\"Riverside Street\",\"shop\"=>\"seafood\""},"geometry":{"type":"Point","coordinates":[121.086236,14.6929075]}},
{"type":"Feature","properties":{"osm_id":"6986319087","name":"Nancy Store","other_tags":"\"addr:city\"=>\"Quezon City\",\"addr:housenumber\"=>\"221\",\"addr:street\"=>\"Don Fabian Castillo Street\",\"shop\"=>\"convenience\""},"geometry":{"type":"Point","coordinates":[121.083206600000011,14.7001765]}},
{"type":"Feature","properties":{"osm_id":"6986319187","other_tags":"\"addr:city\"=>\"Quezon City\",\"addr:housenumber\"=>\"30\",\"addr:street\"=>\"Kamagong Street\""},"geometry":{"type":"Point","coordinates":[121.090119300000012,14.6982416]}},
{"type":"Feature","properties":{"osm_id":"6986319188","other_tags":"\"addr:city\"=>\"Quezon City\",\"addr:housenumber\"=>\"33\",\"addr:street\"=>\"Kamagong Street\""},"geometry":{"type":"Point","coordinates":[121.0901719,14.6982543]}},
{"type":"Feature","properties":{"osm_id":"6986319189","other_tags":"\"addr:city\"=>\"Quezon City\",\"addr:housenumber\"=>\"2287\",\"addr:street\"=>\"Kapatiran Street\""},"geometry":{"type":"Point","coordinates":[121.089120200000011,14.705906]}},
{"type":"Feature","properties":{"osm_id":"6991470985","name":"113 basilio st","other_tags":"\"amenity\"=>\"post_box\""},"geometry":{"type":"Point","coordinates":[121.069455100000013,14.6931521]}},
{"type":"Feature","properties":{"osm_id":"7018391201","other_tags":"\"addr:city\"=>\"Quezon City\",\"addr:housenumber\"=>\"42\",\"addr:street\"=>\"Katarungan Street\""},"geometry":{"type":"Point","coordinates":[121.090752,14.6983437]}},
{"type":"Feature","properties":{"osm_id":"7018391299","other_tags":"\"addr:housenumber\"=>\"11\",\"addr:street\"=>\"Bach Street\""},"geometry":{"type":"Point","coordinates":[121.073771900000011,14.6969122]}},
{"type":"Feature","properties":{"osm_id":"7018391589","other_tags":"\"addr:city\"=>\"Quezon City\",\"addr:housenumber\"=>\"44\",\"addr:street\"=>\"Katarungan Street\""},"geometry":{"type":"Point","coordinates":[121.0907289,14.6984603]}},
{"type":"Feature","properties":{"osm_id":"7045313985","name":"Block 6 Lot 13","other_tags":"\"addr:city\"=>\"Quezon City\",\"addr:street\"=>\"Santo Rosario Street\""},"geometry":{"type":"Point","coordinates":[121.0738932,14.6937585]}},
{"type":"Feature","properties":{"osm_id":"7083475500","other_tags":"\"addr:housenumber\"=>\"24\",\"addr:street\"=>\"Hillman Street\""},"geometry":{"type":"Point","coordinates":[121.071547,14.7039998]}},
{"type":"Feature","properties":{"osm_id":"7083475501","other_tags":"\"addr:housenumber\"=>\"16b\",\"addr:street\"=>\"Mercury Street\""},"geometry":{"type":"Point","coordinates":[121.0720503,14.7048779]}},
{"type":"Feature","properties":{"osm_id":"7083475502","other_tags":"\"addr:housenumber\"=>\"Block 2 Lot 1\",\"addr:street\"=>\"Hillman Street\""},"geometry":{"type":"Point","coordinates":[121.0706432,14.704414]}},
{"type":"Feature","properties":{"osm_id":"7083475598","other_tags":"\"addr:housenumber\"=>\"27\",\"addr:street\"=>\"Hillman Street\""},"geometry":{"type":"Point","coordinates":[121.071633600000013,14.7040601]}},
{"type":"Feature","properties":{"osm_id":"7092923085","name":"TGP","other_tags":"\"amenity\"=>\"pharmacy\",\"brand\"=>\"The Generics Pharmacy\",\"brand:wikidata\"=>\"Q61948677\",\"healthcare\"=>\"pharmacy\",\"official_name\"=>\"The Generics Pharmacy\""},"geometry":{"type":"Point","coordinates":[121.08645820000001,14.6905166]}},
{"type":"Feature","properties":{"osm_id":"7165550884","name":"Super 8","other_tags":"\"shop\"=>\"supermarket\""},"geometry":{"type":"Point","coordinates":[121.086205400000011,14.6962205]}},
{"type":"Feature","properties":{"osm_id":"7165552689","name":"I Heart MIlktea","other_tags":"\"shop\"=>\"tea\""},"geometry":{"type":"Point","coordinates":[121.084845300000012,14.6972947]}},
{"type":"Feature","properties":{"osm_id":"7165552690","name":"Tambunting","other_tags":"\"addr2:street\"=>\"San Pedro Extension\",\"addr:city\"=>\"Quezon City\",\"addr:street\"=>\"Bicol-Leyte Street\",\"money_transfer\"=>\"palawan_express_padala\",\"shop\"=>\"pawnbroker\""},"geometry":{"type":"Point","coordinates":[121.085393900000014,14.6990535]}},
{"type":"Feature","properties":{"osm_id":"7165561690","name":"Mr. Park Unli Korean Barbeque","other_tags":"\"amenity\"=>\"restaurant\""},"geometry":{"type":"Point","coordinates":[121.08365160000001,14.6981417]}},
{"type":"Feature","properties":{"osm_id":"7165561707","name":"Red Ribbon","other_tags":"\"brand\"=>\"Red Ribbon\",\"brand:wikidata\"=>\"Q7304789\",\"brand:wikipedia\"=>\"en:Red Ribbon Bakeshop\",\"shop\"=>\"bakery\""},"geometry":{"type":"Point","coordinates":[121.0865699,14.6962879]}},
{"type":"Feature","properties":{"osm_id":"7204915185","other_tags":"\"addr:housenumber\"=>\"93\",\"addr:street\"=>\"Commonwealth Avenue\""},"geometry":{"type":"Point","coordinates":[121.0791169,14.7052109]}},
{"type":"Feature","properties":{"osm_id":"7271896845","ref":"QCYLPG21NP5;QCYLPG21NP6","man_made":"street_cabinet","other_tags":"\"operator\"=>\"PLDT\",\"operator:wikidata\"=>\"Q644167\",\"utility\"=>\"telecom\""},"geometry":{"type":"Point","coordinates":[121.0836242,14.7013393]}},
{"type":"Feature","properties":{"osm_id":"7271896992","ref":"QCYLPG21;QCYLPG21NP1","man_made":"street_cabinet","other_tags":"\"operator\"=>\"PLDT\",\"operator:wikidata\"=>\"Q644167\",\"utility\"=>\"telecom\""},"geometry":{"type":"Point","coordinates":[121.0830887,14.7005551]}},
{"type":"Feature","properties":{"osm_id":"7271897424","ref":"QCYLPG21NP7;QCYLPG21NP8","man_made":"street_cabinet","other_tags":"\"operator\"=>\"PLDT\",\"operator:wikidata\"=>\"Q644167\",\"utility\"=>\"telecom\""},"geometry":{"type":"Point","coordinates":[121.083359,14.7014817]}},
{"type":"Feature","properties":{"osm_id":"7271897507","ref":"QCYLPG21NP2;QCYLPG21NP3","man_made":"street_cabinet","other_tags":"\"operator\"=>\"PLDT\",\"operator:wikidata\"=>\"Q644167\",\"utility\"=>\"telecom\""},"geometry":{"type":"Point","coordinates":[121.083428500000011,14.7007978]}},
{"type":"Feature","properties":{"osm_id":"7298294086","other_tags":"\"amenity\"=>\"social_facility\",\"indoor\"=>\"yes\",\"operator\"=>\"Department of Social Welfare and Development\",\"operator:type\"=>\"community\",\"social_facility\"=>\"outreach\",\"social_facility:for\"=>\"PWDs, older persons, youth\""},"geometry":{"type":"Point","coordinates":[121.0738086,14.6906997]}},
{"type":"Feature","properties":{"osm_id":"7340579085","highway":"give_way"},"geometry":{"type":"Point","coordinates":[121.0822033,14.7050136]}},
{"type":"Feature","properties":{"osm_id":"7340579089","other_tags":"\"military\"=>\"checkpoint\""},"geometry":{"type":"Point","coordinates":[121.0847921,14.7039472]}},
{"type":"Feature","properties":{"osm_id":"7355123287","name":"King & Queen Warehouse","other_tags":"\"tourism\"=>\"apartment\""},"geometry":{"type":"Point","coordinates":[121.0778978,14.705844]}},
{"type":"Feature","properties":{"osm_id":"7409683485","name":"Minute Burger","other_tags":"\"addr:street\"=>\"Regalado Avenue\",\"amenity\"=>\"fast_food\",\"brand\"=>\"Minute Burger\",\"brand:wikidata\"=>\"Q62273503\",\"cuisine\"=>\"burger\",\"takeaway\"=>\"yes\""},"geometry":{"type":"Point","coordinates":[121.0694861,14.7057658]}},
{"type":"Feature","properties":{"osm_id":"7468551652","other_tags":"\"traffic_calming\"=>\"bump\""},"geometry":{"type":"Point","coordinates":[121.0868896,14.703166]}},
{"type":"Feature","properties":{"osm_id":"7475593503","other_tags":"\"railway\"=>\"switch\""},"geometry":{"type":"Point","coordinates":[121.0634121,14.7077758]}},
{"type":"Feature","properties":{"osm_id":"7484379531","other_tags":"\"noexit\"=>\"yes\""},"geometry":{"type":"Point","coordinates":[121.075719600000014,14.6944724]}},
{"type":"Feature","properties":{"osm_id":"7491756456","name":"Batasan Road & Payatas Road","other_tags":"\"bus\"=>\"yes\",\"public_transport\"=>\"stop_position\""},"geometry":{"type":"Point","coordinates":[121.088476500000013,14.7002599]}},
{"type":"Feature","properties":{"osm_id":"7491756457","name":"Litex","highway":"bus_stop","other_tags":"\"network\"=>\"QCityBus\",\"operator\"=>\"Lungsod Quezon\",\"public_transport\"=>\"platform\",\"route_ref\"=>\"QC2\""},"geometry":{"type":"Point","coordinates":[121.0882382,14.7001339]}},
{"type":"Feature","properties":{"osm_id":"7525384917","name":"Datamex","other_tags":"\"addr:city\"=>\"Quezon City\",\"addr:postcode\"=>\"1118\",\"addr:street\"=>\"Commonwealth Avenue\",\"amenity\"=>\"college\",\"mapillary\"=>\"4052154094900425\""},"geometry":{"type":"Point","coordinates":[121.0765364,14.7054078]}},
{"type":"Feature","properties":{"osm_id":"7525384918","name":"Richfield Lumber","other_tags":"\"addr:street\"=>\"Commonwealth Avenue\",\"mapillary\"=>\"1701350946919484\",\"shop\"=>\"hardware\""},"geometry":{"type":"Point","coordinates":[121.0756525,14.7048928]}},
{"type":"Feature","properties":{"osm_id":"7543175585","name":"Villasis Joselito Junkshop","other_tags":"\"amenity\"=>\"recycling\",\"description\"=>\"junkshop\",\"recycling_type\"=>\"centre\""},"geometry":{"type":"Point","coordinates":[121.08932320000001,14.6915889]}},
{"type":"Feature","properties":{"osm_id":"7543178686","name":"Cely's Junkshop","other_tags":"\"amenity\"=>\"recycling\",\"description\"=>\"junkshop\",\"recycling_type\"=>\"centre\""},"geometry":{"type":"Point","coordinates":[121.0832051,14.7040195]}},
{"type":"Feature","properties":{"osm_id":"7543178687","name":"Cereneos Junk Shop","other_tags":"\"amenity\"=>\"recycling\",\"description\"=>\"junkshop\",\"recycling_type\"=>\"centre\""},"geometry":{"type":"Point","coordinates":[121.0840752,14.7035132]}},
{"type":"Feature","properties":{"osm_id":"7543182486","name":"Salmie Junkshop","other_tags":"\"amenity\"=>\"recycling\",\"description\"=>\"junkshop\",\"recycling_type\"=>\"centre\""},"geometry":{"type":"Point","coordinates":[121.0909642,14.6998969]}},
{"type":"Feature","properties":{"osm_id":"7543192187","name":"Pilot Drive Junk Shop","other_tags":"\"amenity\"=>\"recycling\",\"description\"=>\"junkshop\",\"recycling_type\"=>\"centre\""},"geometry":{"type":"Point","coordinates":[121.086358800000014,14.694038]}},
{"type":"Feature","properties":{"osm_id":"7543194085","name":"BHUBOY JUNKSHOP","other_tags":"\"amenity\"=>\"recycling\",\"description\"=>\"junkshop\",\"recycling_type\"=>\"centre\""},"geometry":{"type":"Point","coordinates":[121.0840752,14.6986431]}},
{"type":"Feature","properties":{"osm_id":"7543194086","name":"Mika Junkshop","other_tags":"\"amenity\"=>\"recycling\",\"description\"=>\"junkshop\",\"recycling_type\"=>\"centre\""},"geometry":{"type":"Point","coordinates":[121.0742058,14.6929215]}},
{"type":"Feature","properties":{"osm_id":"7543196585","name":"G.M.V Junkshop","other_tags":"\"amenity\"=>\"recycling\",\"description\"=>\"junkshop\",\"recycling_type\"=>\"centre\""},"geometry":{"type":"Point","coordinates":[121.0823012,14.6965195]}},
{"type":"Feature","properties":{"osm_id":"7543196586","name":"Kien's Junkshop","other_tags":"\"amenity\"=>\"recycling\",\"description\"=>\"junkshop\",\"recycling_type\"=>\"centre\""},"geometry":{"type":"Point","coordinates":[121.074522800000011,14.6932555]}},
{"type":"Feature","properties":{"osm_id":"7543202385","name":"U. Ocenar Junk Shop","other_tags":"\"amenity\"=>\"recycling\",\"description\"=>\"junkshop\",\"recycling_type\"=>\"centre\""},"geometry":{"type":"Point","coordinates":[121.0810411,14.691897]}},
{"type":"Feature","properties":{"osm_id":"7543202386","name":"Boy Junkshop","other_tags":"\"addr:street\"=>\"Commonwealth Avenue\",\"amenity\"=>\"recycling\",\"description\"=>\"junkshop\",\"recycling_type\"=>\"centre\""},"geometry":{"type":"Point","coordinates":[121.0846927,14.7031129]}},
{"type":"Feature","properties":{"osm_id":"7543238185","name":"Mika Junkshop","other_tags":"\"amenity\"=>\"recycling\",\"description\"=>\"junkshop\",\"recycling_type\"=>\"centre\""},"geometry":{"type":"Point","coordinates":[121.0740733,14.6931102]}},
{"type":"Feature","properties":{"osm_id":"7543248285","name":"Dang Junk Shop","other_tags":"\"amenity\"=>\"recycling\",\"description\"=>\"junkshop\",\"recycling_type\"=>\"centre\""},"geometry":{"type":"Point","coordinates":[121.086966600000011,14.6920961]}},
{"type":"Feature","properties":{"osm_id":"7547277685","name":"Holy Spirit MRF","other_tags":"\"amenity\"=>\"recycling\",\"description\"=>\"mrf\",\"recycling:waste\"=>\"yes\",\"recycling_type\"=>\"centre\""},"geometry":{"type":"Point","coordinates":[121.0760565,14.6931944]}},
{"type":"Feature","properties":{"osm_id":"7547310385","name":"Commonwealth MRF","other_tags":"\"amenity\"=>\"recycling\",\"description\"=>\"mrf\",\"recycling_type\"=>\"centre\""},"geometry":{"type":"Point","coordinates":[121.088210100000012,14.6974057]}},
{"type":"Feature","properties":{"osm_id":"7550349885","name":"District III Staging Area","other_tags":"\"amenity\"=>\"waste_transfer_station\""},"geometry":{"type":"Point","coordinates":[121.0888246,14.7010485]}},
{"type":"Feature","properties":{"osm_id":"7883752609","name":"Uncle John's","other_tags":"\"addr:city\"=>\"Quezon City\",\"addr:street\"=>\"Commonwealth Avenue\",\"brand\"=>\"Uncle John's\",\"brand:facebook\"=>\"UncleJohnsPH\",\"brand:instagram\"=>\"unclejohnsph\",\"brand:wikidata\"=>\"Q115917776\",\"mapillary\"=>\"696826311631195\",\"name:en\"=>\"Uncle John's\",\"old_name\"=>\"Ministop\",\"shop\"=>\"convenience\",\"website\"=>\"https://unclejohns.ph\""},"geometry":{"type":"Point","coordinates":[121.074863400000012,14.7049398]}},
{"type":"Feature","properties":{"osm_id":"7975906785","name":"Grace Halfway Home Inc.","other_tags":"\"addr:full\"=>\"46 Camaro St. Corner Escort St. Fairview Quezon City\",\"contact:phone\"=>\"423-22-39/09266164808\",\"fee\"=>\"yes\",\"healthcare\"=>\"psychotherapist\",\"indoor\"=>\"yes\",\"opening_hours\"=>\"Mo-Fr 08:00-17:00\",\"wheelchair\"=>\"yes\""},"geometry":{"type":"Point","coordinates":[121.0710793,14.7031063]}},
{"type":"Feature","properties":{"osm_id":"8188560933","highway":"motorway_junction"},"geometry":{"type":"Point","coordinates":[121.0880872,14.7003187]}},
{"type":"Feature","properties":{"osm_id":"8188560934","highway":"crossing","other_tags":"\"crossing\"=>\"uncontrolled\",\"crossing:markings\"=>\"zebra\",\"kerb\"=>\"yes\",\"tactile_paving\"=>\"no\",\"wheelchair\"=>\"yes\""},"geometry":{"type":"Point","coordinates":[121.0881642,14.70011]}},
{"type":"Feature","properties":{"osm_id":"8285385432","name":"Fairview","ref":"1381300041","place":"quarter","other_tags":"\"admin_level\"=>\"10\",\"admin_type:PH\"=>\"barangay\",\"old_ref\"=>\"137404041\",\"population\"=>\"63913\",\"population:date\"=>\"2024-07-01\",\"postal_code\"=>\"1122\""},"geometry":{"type":"Point","coordinates":[121.0742821,14.7055228]}},
{"type":"Feature","properties":{"osm_id":"8317819705","other_tags":"\"noexit\"=>\"yes\""},"geometry":{"type":"Point","coordinates":[121.0795759,14.6965946]}},
{"type":"Feature","properties":{"osm_id":"8319025118","barrier":"swing_gate","other_tags":"\"access\"=>\"permissive\""},"geometry":{"type":"Point","coordinates":[121.072880200000014,14.7059477]}},
{"type":"Feature","properties":{"osm_id":"8344958537","barrier":"lift_gate","other_tags":"\"access\"=>\"permissive\""},"geometry":{"type":"Point","coordinates":[121.086999600000013,14.6959732]}},
{"type":"Feature","properties":{"osm_id":"8344958538","barrier":"gate","other_tags":"\"access\"=>\"private\""},"geometry":{"type":"Point","coordinates":[121.087776,14.6967215]}},
{"type":"Feature","properties":{"osm_id":"8344958541","barrier":"gate","other_tags":"\"access\"=>\"private\""},"geometry":{"type":"Point","coordinates":[121.0877788,14.6962708]}},
{"type":"Feature","properties":{"osm_id":"8354027258","barrier":"gate","other_tags":"\"access\"=>\"private\""},"geometry":{"type":"Point","coordinates":[121.0792322,14.6964493]}},
{"type":"Feature","properties":{"osm_id":"8354033767","other_tags":"\"noexit\"=>\"yes\""},"geometry":{"type":"Point","coordinates":[121.075844300000014,14.6944595]}},
{"type":"Feature","properties":{"osm_id":"8382793886","barrier":"swing_gate","other_tags":"\"access\"=>\"permissive\""},"geometry":{"type":"Point","coordinates":[121.0732389,14.7057517]}},
{"type":"Feature","properties":{"osm_id":"8382983762","highway":"traffic_signals"},"geometry":{"type":"Point","coordinates":[121.0694289,14.7065657]}},
{"type":"Feature","properties":{"osm_id":"8406103192","barrier":"lift_gate","other_tags":"\"access\"=>\"destination\",\"barrier:personnel\"=>\"additional\""},"geometry":{"type":"Point","coordinates":[121.078244200000015,14.7040765]}},
{"type":"Feature","properties":{"osm_id":"8406252218","barrier":"swing_gate","other_tags":"\"access\"=>\"destination\",\"barrier:personnel\"=>\"yes\""},"geometry":{"type":"Point","coordinates":[121.0783155,14.7041236]}},
{"type":"Feature","properties":{"osm_id":"8406252219","barrier":"lift_gate","other_tags":"\"access\"=>\"destination\",\"barrier:personnel\"=>\"additional\""},"geometry":{"type":"Point","coordinates":[121.0783162,14.7040775]}},
{"type":"Feature","properties":{"osm_id":"8451990902","highway":"give_way","other_tags":"\"direction\"=>\"forward\""},"geometry":{"type":"Point","coordinates":[121.0817616,14.7044953]}},
{"type":"Feature","properties":{"osm_id":"8451990903","highway":"give_way","other_tags":"\"direction\"=>\"backward\""},"geometry":{"type":"Point","coordinates":[121.0819211,14.705259]}},
{"type":"Feature","properties":{"osm_id":"8452112428","other_tags":"\"noexit\"=>\"yes\""},"geometry":{"type":"Point","coordinates":[121.08825490000001,14.6962847]}},
{"type":"Feature","properties":{"osm_id":"8491777614","name":"PSBank","other_tags":"\"addr:city\"=>\"Quezon City\",\"addr:postcode\"=>\"1118\",\"addr:street\"=>\"Commonwealth Avenue\",\"amenity\"=>\"atm\",\"brand\"=>\"PSBank\",\"brand:facebook\"=>\"https://www.facebook.com/psbankofficial\",\"brand:website\"=>\"https://www.psbank.com.ph/\",\"brand:wikidata\"=>\"Q7185203\",\"brand:wikipedia\"=>\"en:Philippine Savings Bank\",\"level\"=>\"0\",\"opening_hours\"=>\"24/7\",\"operator\"=>\"Philippine Savings Bank\""},"geometry":{"type":"Point","coordinates":[121.076062900000011,14.7053222]}},
{"type":"Feature","properties":{"osm_id":"8495737112","other_tags":"\"access\"=>\"customers\",\"amenity\"=>\"toilets\""},"geometry":{"type":"Point","coordinates":[121.0707387,14.7026809]}},
{"type":"Feature","properties":{"osm_id":"8581818497","other_tags":"\"noexit\"=>\"yes\""},"geometry":{"type":"Point","coordinates":[121.0879914,14.7059941]}},
{"type":"Feature","properties":{"osm_id":"8585085572","barrier":"gate","other_tags":"\"access\"=>\"private\""},"geometry":{"type":"Point","coordinates":[121.0859303,14.7017962]}},
{"type":"Feature","properties":{"osm_id":"8595259093","barrier":"gate","other_tags":"\"access\"=>\"destination\""},"geometry":{"type":"Point","coordinates":[121.08176850000001,14.7045435]}},
{"type":"Feature","properties":{"osm_id":"8595259094","barrier":"gate","other_tags":"\"access\"=>\"permissive\",\"material\"=>\"steel\""},"geometry":{"type":"Point","coordinates":[121.0819113,14.7052289]}},
{"type":"Feature","properties":{"osm_id":"8601013584","barrier":"lift_gate","other_tags":"\"access\"=>\"destination\",\"barrier:personnel\"=>\"additional\""},"geometry":{"type":"Point","coordinates":[121.081737100000012,14.7043227]}},
{"type":"Feature","properties":{"osm_id":"8629865191","other_tags":"\"amenity\"=>\"parking_entrance\",\"parking\"=>\"multi-storey\""},"geometry":{"type":"Point","coordinates":[121.08039620000001,14.7045416]}},
{"type":"Feature","properties":{"osm_id":"8629884044","other_tags":"\"noexit\"=>\"yes\""},"geometry":{"type":"Point","coordinates":[121.0729687,14.70609]}},
{"type":"Feature","properties":{"osm_id":"8629884046","other_tags":"\"noexit\"=>\"yes\""},"geometry":{"type":"Point","coordinates":[121.0731178,14.706088]}},
{"type":"Feature","properties":{"osm_id":"8629884048","other_tags":"\"noexit\"=>\"yes\""},"geometry":{"type":"Point","coordinates":[121.0733017,14.7060856]}},
{"type":"Feature","properties":{"osm_id":"8659605511","other_tags":"\"noexit\"=>\"yes\""},"geometry":{"type":"Point","coordinates":[121.074695100000014,14.7030485]}},
{"type":"Feature","properties":{"osm_id":"8670588532","barrier":"gate","other_tags":"\"access\"=>\"no\""},"geometry":{"type":"Point","coordinates":[121.0885084,14.6967717]}},
{"type":"Feature","properties":{"osm_id":"9357668787","highway":"crossing","other_tags":"\"crossing\"=>\"uncontrolled\",\"crossing:markings\"=>\"zebra\",\"kerb\"=>\"yes\",\"tactile_paving\"=>\"no\",\"wheelchair\"=>\"yes\""},"geometry":{"type":"Point","coordinates":[121.0881138,14.7000968]}},
{"type":"Feature","properties":{"osm_id":"9446611677","other_tags":"\"noexit\"=>\"yes\""},"geometry":{"type":"Point","coordinates":[121.0707809,14.690257]}},
{"type":"Feature","properties":{"osm_id":"9718136473","barrier":"gate","other_tags":"\"access\"=>\"destination\",\"barrier:personnel\"=>\"no\",\"locked\"=>\"no\",\"operator\"=>\"Blessed Land HOA\""},"geometry":{"type":"Point","coordinates":[121.0891055,14.7028269]}},
{"type":"Feature","properties":{"osm_id":"9718136474","barrier":"gate","other_tags":"\"access\"=>\"private\""},"geometry":{"type":"Point","coordinates":[121.088367100000013,14.7044239]}},
{"type":"Feature","properties":{"osm_id":"9718136476","barrier":"gate","other_tags":"\"access\"=>\"destination\",\"barrier:personnel\"=>\"no\",\"foot\"=>\"permissive\",\"operator\"=>\"Blessed Land HOA\""},"geometry":{"type":"Point","coordinates":[121.0888955,14.7031943]}},
{"type":"Feature","properties":{"osm_id":"9718136477","barrier":"gate","other_tags":"\"access\"=>\"destination\",\"barrier:personnel\"=>\"no\",\"foot\"=>\"permissive\",\"operator\"=>\"Blessed Land HOA\""},"geometry":{"type":"Point","coordinates":[121.0889807,14.7030484]}},
{"type":"Feature","properties":{"osm_id":"9718136478","barrier":"gate","other_tags":"\"access\"=>\"destination\",\"barrier:personnel\"=>\"no\",\"foot\"=>\"permissive\",\"operator\"=>\"Blessed Land HOA\""},"geometry":{"type":"Point","coordinates":[121.0890454,14.702929]}},
{"type":"Feature","properties":{"osm_id":"9733244031","barrier":"gate","other_tags":"\"access\"=>\"private\""},"geometry":{"type":"Point","coordinates":[121.067758,14.6949787]}},
{"type":"Feature","properties":{"osm_id":"9738094457","barrier":"gate","other_tags":"\"access\"=>\"private\""},"geometry":{"type":"Point","coordinates":[121.0702318,14.6928019]}},
{"type":"Feature","properties":{"osm_id":"9738218686","barrier":"gate","other_tags":"\"access\"=>\"destination\""},"geometry":{"type":"Point","coordinates":[121.075789,14.6931064]}},
{"type":"Feature","properties":{"osm_id":"9738218687","barrier":"gate","other_tags":"\"access\"=>\"destination\""},"geometry":{"type":"Point","coordinates":[121.0752115,14.6930934]}},
{"type":"Feature","properties":{"osm_id":"9738218688","barrier":"gate","other_tags":"\"access\"=>\"private\""},"geometry":{"type":"Point","coordinates":[121.074712100000013,14.6929586]}},
{"type":"Feature","properties":{"osm_id":"9738218689","barrier":"gate","other_tags":"\"access\"=>\"private\""},"geometry":{"type":"Point","coordinates":[121.07385810000001,14.6929662]}},
{"type":"Feature","properties":{"osm_id":"9738218690","barrier":"gate","other_tags":"\"access\"=>\"permissive\""},"geometry":{"type":"Point","coordinates":[121.0733766,14.6930786]}},
{"type":"Feature","properties":{"osm_id":"9743884648","barrier":"gate","other_tags":"\"access\"=>\"permissive\""},"geometry":{"type":"Point","coordinates":[121.0767071,14.6929312]}},
{"type":"Feature","properties":{"osm_id":"9743884650","other_tags":"\"entrance\"=>\"yes\""},"geometry":{"type":"Point","coordinates":[121.074400700000012,14.6929603]}},
{"type":"Feature","properties":{"osm_id":"9800713292","barrier":"gate","other_tags":"\"access\"=>\"no\""},"geometry":{"type":"Point","coordinates":[121.0712026,14.6986381]}},
{"type":"Feature","properties":{"osm_id":"9872859038","name":"Sinag Pawnshop","other_tags":"\"shop\"=>\"pawnbroker\""},"geometry":{"type":"Point","coordinates":[121.088569400000011,14.7009461]}},
{"type":"Feature","properties":{"osm_id":"9872859039","name":"Motortrade","other_tags":"\"shop\"=>\"motorcycle\""},"geometry":{"type":"Point","coordinates":[121.0886686,14.700963]}},
{"type":"Feature","properties":{"osm_id":"9872859040","name":"Cebuana Lhuillier","other_tags":"\"addr:street\"=>\"Payatas Road\",\"brand\"=>\"Cebuana Lhuillier\",\"brand:wikidata\"=>\"Q17064661\",\"brand:wikipedia\"=>\"en:Cebuana Lhuillier\",\"money_transfer\"=>\"cebuana_pera_padala;moneygram\",\"shop\"=>\"pawnbroker\",\"short_name\"=>\"Cebuana\""},"geometry":{"type":"Point","coordinates":[121.0883059,14.7007496]}},
{"type":"Feature","properties":{"osm_id":"9872859041","name":"Southstar Drug","other_tags":"\"amenity\"=>\"pharmacy\""},"geometry":{"type":"Point","coordinates":[121.088340100000011,14.7007976]}},
{"type":"Feature","properties":{"osm_id":"9888985575","highway":"crossing","other_tags":"\"button_operated\"=>\"no\",\"crossing\"=>\"uncontrolled\",\"crossing:markings\"=>\"zebra\",\"kerb\"=>\"yes\",\"tactile_paving\"=>\"no\",\"wheelchair\"=>\"limited\""},"geometry":{"type":"Point","coordinates":[121.079525800000013,14.7050082]}},
{"type":"Feature","properties":{"osm_id":"9895359597","name":"Minimum Bet Poultry Supply","other_tags":"\"addr:city\"=>\"Quezon City\",\"addr:street\"=>\"Commonwealth Avenue\",\"agrarian\"=>\"feed\",\"mapillary\"=>\"171812788555956\",\"payment:cash\"=>\"yes\",\"shop\"=>\"agrarian\",\"source:position\"=>\"Mapillary 2022-04-28\",\"survey:date\"=>\"2022-04-28\""},"geometry":{"type":"Point","coordinates":[121.078810100000013,14.7053176]}},
{"type":"Feature","properties":{"osm_id":"9895359598","name":"Andok's","other_tags":"\"addr:city\"=>\"Quezon City\",\"addr:street\"=>\"Commonwealth Avenue\",\"amenity\"=>\"fast_food\",\"brand\"=>\"Andok's\",\"brand:facebook\"=>\"pusongandoks\",\"brand:website\"=>\"https://andoks.com.ph/\",\"brand:wikidata\"=>\"Q62267166\",\"cuisine\"=>\"chicken\",\"mapillary\"=>\"1764591233872332\",\"opening_hours\"=>\"24/7\",\"payment:cash\"=>\"yes\",\"source:position\"=>\"Mapillary 2022-04-28\",\"survey:date\"=>\"2022-04-28\",\"takeaway\"=>\"yes\""},"geometry":{"type":"Point","coordinates":[121.0788588,14.7053178]}},
{"type":"Feature","properties":{"osm_id":"9898733218","barrier":"gate","other_tags":"\"access\"=>\"destination\""},"geometry":{"type":"Point","coordinates":[121.0754979,14.7056802]}},
{"type":"Feature","properties":{"osm_id":"9901078812","name":"Gate 2","barrier":"gate","other_tags":"\"access\"=>\"permissive\""},"geometry":{"type":"Point","coordinates":[121.0813439,14.7055329]}},
{"type":"Feature","properties":{"osm_id":"9901946617","barrier":"gate","other_tags":"\"access\"=>\"permissive\""},"geometry":{"type":"Point","coordinates":[121.0791365,14.6967414]}},
{"type":"Feature","properties":{"osm_id":"9901946618","barrier":"gate","other_tags":"\"access\"=>\"permissive\""},"geometry":{"type":"Point","coordinates":[121.0792688,14.6966961]}},
{"type":"Feature","properties":{"osm_id":"9902024139","barrier":"gate","other_tags":"\"access\"=>\"permissive\""},"geometry":{"type":"Point","coordinates":[121.0806792,14.690475]}},
{"type":"Feature","properties":{"osm_id":"9902024140","barrier":"lift_gate","other_tags":"\"access\"=>\"private\""},"geometry":{"type":"Point","coordinates":[121.08066070000001,14.6904726]}},
{"type":"Feature","properties":{"osm_id":"9902104070","barrier":"gate","other_tags":"\"access\"=>\"private\""},"geometry":{"type":"Point","coordinates":[121.076153,14.6929733]}},
{"type":"Feature","properties":{"osm_id":"9908926524","name":"NSN","other_tags":"\"shop\"=>\"yes\""},"geometry":{"type":"Point","coordinates":[121.086263800000012,14.6966001]}},
{"type":"Feature","properties":{"osm_id":"9925309628","highway":"crossing","other_tags":"\"button_operated\"=>\"no\",\"crossing\"=>\"uncontrolled\",\"crossing:markings\"=>\"zebra\",\"kerb\"=>\"yes\",\"tactile_paving\"=>\"no\",\"wheelchair\"=>\"no\""},"geometry":{"type":"Point","coordinates":[121.0783401,14.7050355]}},
{"type":"Feature","properties":{"osm_id":"9925309629","highway":"crossing","other_tags":"\"button_operated\"=>\"no\",\"crossing\"=>\"uncontrolled\",\"crossing:markings\"=>\"zebra\",\"kerb\"=>\"yes\",\"tactile_paving\"=>\"no\",\"wheelchair\"=>\"no\""},"geometry":{"type":"Point","coordinates":[121.0783442,14.7051673]}},
{"type":"Feature","properties":{"osm_id":"9959129248","barrier":"gate","other_tags":"\"access\"=>\"permissive\""},"geometry":{"type":"Point","coordinates":[121.0907071,14.7002813]}},
{"type":"Feature","properties":{"osm_id":"9969192123","barrier":"lift_gate","other_tags":"\"access\"=>\"destination\""},"geometry":{"type":"Point","coordinates":[121.08773570000001,14.6900721]}},
{"type":"Feature","properties":{"osm_id":"9969553405","other_tags":"\"noexit\"=>\"yes\""},"geometry":{"type":"Point","coordinates":[121.0806227,14.6941617]}},
{"type":"Feature","properties":{"osm_id":"9969680714","other_tags":"\"noexit\"=>\"yes\""},"geometry":{"type":"Point","coordinates":[121.0745378,14.6947069]}},
{"type":"Feature","properties":{"osm_id":"9972730016","name":"Cheeken Republic","other_tags":"\"amenity\"=>\"fast_food\",\"cuisine\"=>\"chicken\",\"takeaway\"=>\"only\""},"geometry":{"type":"Point","coordinates":[121.0709614,14.6930955]}},
{"type":"Feature","properties":{"osm_id":"9972751217","name":"Iron Mark's Bike Repair Shop","other_tags":"\"addr:city\"=>\"Quezon City\",\"addr:street\"=>\"Republic Avenue\",\"mapillary\"=>\"1008013650129231\",\"service:bicycle:repair\"=>\"yes\",\"shop\"=>\"bicycle\""},"geometry":{"type":"Point","coordinates":[121.0705288,14.693118]}},
{"type":"Feature","properties":{"osm_id":"9972762310","name":"GFamily Pharmacy","other_tags":"\"amenity\"=>\"pharmacy\""},"geometry":{"type":"Point","coordinates":[121.071595,14.6931855]}},
{"type":"Feature","properties":{"osm_id":"9972762311","name":"Express Minimart","other_tags":"\"shop\"=>\"convenience\""},"geometry":{"type":"Point","coordinates":[121.07163460000001,14.6931861]}},
{"type":"Feature","properties":{"osm_id":"9972762312","name":"D2G Motorcycle Parts and Accessories","other_tags":"\"addr2:street\"=>\"Saint Paul Street\",\"addr:street\"=>\"Republic Avenue\",\"mapillary\"=>\"149584344202495\",\"parts\"=>\"yes\",\"shop\"=>\"motorcycle\""},"geometry":{"type":"Point","coordinates":[121.071962500000012,14.6931498]}},
{"type":"Feature","properties":{"osm_id":"9972762314","highway":"crossing","other_tags":"\"button_operated\"=>\"no\",\"crossing\"=>\"uncontrolled\",\"crossing:markings\"=>\"zebra\",\"kerb\"=>\"raised\",\"mapillary\"=>\"442962775043125\",\"tactile_paving\"=>\"no\",\"wheelchair\"=>\"no\""},"geometry":{"type":"Point","coordinates":[121.071414,14.6931123]}},
{"type":"Feature","properties":{"osm_id":"9976774310","barrier":"gate","other_tags":"\"access\"=>\"destination\""},"geometry":{"type":"Point","coordinates":[121.0717484,14.6984022]}},
{"type":"Feature","properties":{"osm_id":"9998096060","man_made":"flagpole"},"geometry":{"type":"Point","coordinates":[121.082421900000014,14.6995302]}},
{"type":"Feature","properties":{"osm_id":"9998136624","highway":"turning_loop"},"geometry":{"type":"Point","coordinates":[121.0734476,14.6895881]}},
{"type":"Feature","properties":{"osm_id":"10001972880","barrier":"gate","other_tags":"\"access\"=>\"private\""},"geometry":{"type":"Point","coordinates":[121.07175740000001,14.6951967]}},
{"type":"Feature","properties":{"osm_id":"10043051379","name":"Tambunting","other_tags":"\"addr:street\"=>\"Payatas Road\",\"brand\"=>\"Tambunting\",\"brand:wikidata\"=>\"Q7681088\",\"brand:wikipedia\"=>\"en:Tambunting\",\"money_transfer\"=>\"palawan_express;western_union;ria\",\"shop\"=>\"pawnbroker\""},"geometry":{"type":"Point","coordinates":[121.088559300000014,14.7007405]}},
{"type":"Feature","properties":{"osm_id":"10043051380","name":"Citi Drug","other_tags":"\"amenity\"=>\"pharmacy\""},"geometry":{"type":"Point","coordinates":[121.088421200000013,14.7005829]}},
{"type":"Feature","properties":{"osm_id":"10043051381","name":"Baliwag","other_tags":"\"amenity\"=>\"fast_food\",\"cuisine\"=>\"chicken\",\"takeaway\"=>\"only\""},"geometry":{"type":"Point","coordinates":[121.0884487,14.7006251]}},
{"type":"Feature","properties":{"osm_id":"10043051382","name":"Don.C","other_tags":"\"addr:street\"=>\"Payatas Road\",\"amenity\"=>\"fast_food\",\"brand\"=>\"Don.C\",\"brand:wikidata\"=>\"Q120755724\",\"cuisine\"=>\"barbecue;filipino\",\"takeaway\"=>\"yes\""},"geometry":{"type":"Point","coordinates":[121.088282400000011,14.7004032]}},
{"type":"Feature","properties":{"osm_id":"10043051383","name":"Villarica","other_tags":"\"addr:street\"=>\"Payatas Road\",\"brand\"=>\"Villarica\",\"brand:facebook\"=>\"VillaricaPH\",\"brand:website\"=>\"https://villaricapawnshop.ph\",\"brand:wikidata\"=>\"Q62391438\",\"money_transfer\"=>\"cash_padala\",\"shop\"=>\"pawnbroker\""},"geometry":{"type":"Point","coordinates":[121.088370200000014,14.7004999]}},
{"type":"Feature","properties":{"osm_id":"10043051384","name":"Oromina Pawnshop","other_tags":"\"shop\"=>\"pawnbroker\""},"geometry":{"type":"Point","coordinates":[121.0883448,14.7004629]}},
{"type":"Feature","properties":{"osm_id":"10043051385","name":"LBC","other_tags":"\"addr:street\"=>\"Payatas Road\",\"brand\"=>\"LBC\",\"brand:wikidata\"=>\"Q17075584\",\"brand:wikipedia\"=>\"en:LBC Express\",\"money_transfer\"=>\"instant_cash_padala;palawan_express\",\"office\"=>\"courier\",\"operator:type\"=>\"private\""},"geometry":{"type":"Point","coordinates":[121.0882334,14.7003345]}},
{"type":"Feature","properties":{"osm_id":"10045318669","name":"Minute Burger","other_tags":"\"amenity\"=>\"fast_food\""},"geometry":{"type":"Point","coordinates":[121.085089900000014,14.6898055]}},
{"type":"Feature","properties":{"osm_id":"10045318670","name":"MDE Pharmacy","other_tags":"\"amenity\"=>\"pharmacy\""},"geometry":{"type":"Point","coordinates":[121.085062400000012,14.6897893]}},
{"type":"Feature","properties":{"osm_id":"10045318671","name":"Napuli Store","other_tags":"\"shop\"=>\"convenience\""},"geometry":{"type":"Point","coordinates":[121.0819886,14.6907129]}},
{"type":"Feature","properties":{"osm_id":"10056236831","name":"Sta. Catalina Health Center Brgy Holy Spirit","other_tags":"\"healthcare\"=>\"centre\""},"geometry":{"type":"Point","coordinates":[121.083768400000011,14.6893877]}},
{"type":"Feature","properties":{"osm_id":"10064208993","barrier":"lift_gate","other_tags":"\"access\"=>\"private\""},"geometry":{"type":"Point","coordinates":[121.087031,14.7023788]}},
{"type":"Feature","properties":{"osm_id":"10093694653","barrier":"gate","other_tags":"\"access\"=>\"private\",\"mapillary\"=>\"512118007175437\""},"geometry":{"type":"Point","coordinates":[121.072926700000011,14.6929598]}},
{"type":"Feature","properties":{"osm_id":"10093701194","name":"Area 3-A","is_in":"Commonwealth;Quezon City","place":"city_block","other_tags":"\"source_ref\"=>\"https://osm.org/node/7045313985\""},"geometry":{"type":"Point","coordinates":[121.073897,14.6936097]}},
{"type":"Feature","properties":{"osm_id":"10093701195","name":"Jesus is Lifted-up Church","other_tags":"\"addr:street\"=>\"Republic Avenue\",\"amenity\"=>\"place_of_worship\",\"mapillary\"=>\"690404165423144\",\"religion\"=>\"christian\""},"geometry":{"type":"Point","coordinates":[121.073157400000014,14.6929578]}},
{"type":"Feature","properties":{"osm_id":"10093735461","other_tags":"\"noexit\"=>\"yes\""},"geometry":{"type":"Point","coordinates":[121.0744315,14.6926283]}},
{"type":"Feature","properties":{"osm_id":"10093778526","name":"Area 1","is_in":"Commonwealth;Quezon City","place":"city_block","other_tags":"\"source_ref\"=>\"https://osm.org/node/7045313985\""},"geometry":{"type":"Point","coordinates":[121.075675300000015,14.6935915]}},
{"type":"Feature","properties":{"osm_id":"10093778533","barrier":"gate","other_tags":"\"access\"=>\"permissive\",\"locked\"=>\"no\",\"mapillary\"=>\"298960119027623\""},"geometry":{"type":"Point","coordinates":[121.0745504,14.6929595]}},
{"type":"Feature","properties":{"osm_id":"10094506645","name":"Balon","place":"city_block","other_tags":"\"admin_type:PH\"=>\"sitio\""},"geometry":{"type":"Point","coordinates":[121.0762627,14.6949961]}},
{"type":"Feature","properties":{"osm_id":"10096591281","name":"Vhea & Des Store","other_tags":"\"addr:city\"=>\"Quezon City\",\"addr:street\"=>\"Steve\",\"shop\"=>\"convenience\",\"source_ref\"=>\"https://osm.org/way/800630346\""},"geometry":{"type":"Point","coordinates":[121.084717700000013,14.694994]}},
{"type":"Feature","properties":{"osm_id":"10096672394","barrier":"gate","other_tags":"\"access\"=>\"no\""},"geometry":{"type":"Point","coordinates":[121.074819600000012,14.7044657]}},
{"type":"Feature","properties":{"osm_id":"10096672395","barrier":"gate","other_tags":"\"access\"=>\"private\",\"addr:city\"=>\"Quezon City\",\"addr:housenumber\"=>\"345\",\"addr:street\"=>\"Peacock Street\""},"geometry":{"type":"Point","coordinates":[121.074746800000014,14.7039859]}},
{"type":"Feature","properties":{"osm_id":"10096672397","other_tags":"\"noexit\"=>\"yes\""},"geometry":{"type":"Point","coordinates":[121.074670500000011,14.7039395]}},
{"type":"Feature","properties":{"osm_id":"10096672400","other_tags":"\"amenity\"=>\"parking\",\"parking\"=>\"surface\""},"geometry":{"type":"Point","coordinates":[121.075273900000013,14.7036029]}},
{"type":"Feature","properties":{"osm_id":"10096672401","other_tags":"\"amenity\"=>\"parking\",\"parking\"=>\"surface\""},"geometry":{"type":"Point","coordinates":[121.0760987,14.7038974]}},
{"type":"Feature","properties":{"osm_id":"10096700298","name":"DGT One Dental Center","other_tags":"\"addr:city\"=>\"Quezon City\",\"addr:street\"=>\"Commonwealth Avenue\",\"amenity\"=>\"dentist\",\"mapillary\"=>\"463033748900410\""},"geometry":{"type":"Point","coordinates":[121.074929200000014,14.7049123]}},
{"type":"Feature","properties":{"osm_id":"10096700299","name":"BDO","other_tags":"\"addr:city\"=>\"Quezon City\",\"addr:street\"=>\"Commonwealth Avenue\",\"alt_name\"=>\"Banco de Oro\",\"amenity\"=>\"bank\",\"atm\"=>\"yes\",\"brand\"=>\"BDO\",\"brand:wikidata\"=>\"Q4854129\",\"mapillary\"=>\"5021256444620388\""},"geometry":{"type":"Point","coordinates":[121.074897400000012,14.7049326]}},
{"type":"Feature","properties":{"osm_id":"10096713055","barrier":"gate","other_tags":"\"access\"=>\"private\""},"geometry":{"type":"Point","coordinates":[121.0728237,14.7054845]}},
{"type":"Feature","properties":{"osm_id":"10125432180","name":"Dose","place":"city_block","other_tags":"\"admin_level\"=>\"12\",\"admin_type:PH\"=>\"purok\",\"is_in:city\"=>\"Quezon City\",\"is_in:quarter\"=>\"Commonwealth\""},"geometry":{"type":"Point","coordinates":[121.08759640000001,14.7028861]}},
{"type":"Feature","properties":{"osm_id":"10125457561","name":"Litex Senior Citzens Association","other_tags":"\"addr:city\"=>\"Quezon City\",\"addr:street\"=>\"Payatas Road\",\"mapillary\"=>\"100457822627468\",\"office\"=>\"association\""},"geometry":{"type":"Point","coordinates":[121.0892708,14.7020244]}},
{"type":"Feature","properties":{"osm_id":"10125457564","name":"Tambunting","other_tags":"\"addr:city\"=>\"Quezon City\",\"addr:street\"=>\"Payatas Road\",\"brand\"=>\"Tambunting\",\"brand:wikidata\"=>\"Q7681088\",\"brand:wikipedia\"=>\"en:Tambunting\",\"mapillary\"=>\"371346058186779\",\"money_transfer\"=>\"palawan_express;western_union\",\"shop\"=>\"pawnbroker\""},"geometry":{"type":"Point","coordinates":[121.0892678,14.7018201]}},
{"type":"Feature","properties":{"osm_id":"10125457571","name":"Sangguniang Pambarangay ng Commonwealth","other_tags":"\"addr:city\"=>\"Quezon City\",\"addr:street\"=>\"Payatas Road\",\"admin_level\"=>\"10\",\"government\"=>\"legislative\",\"name:en\"=>\"Commonwealth Barangay Council\",\"name:tl\"=>\"Sangguniang Pambarangay ng Commonwealth\",\"office\"=>\"government\",\"official_name\"=>\"Tanggapan ng Sangguniang Pambarangay ng Commonwealth\",\"opening_hours\"=>\"Mo-Fr 08:00-17:00\""},"geometry":{"type":"Point","coordinates":[121.0895182,14.702027]}},
{"type":"Feature","properties":{"osm_id":"10127113968","barrier":"gate","other_tags":"\"access\"=>\"permissive\",\"mapillary\"=>\"401161481423791\""},"geometry":{"type":"Point","coordinates":[121.089368,14.7014085]}},
{"type":"Feature","properties":{"osm_id":"10142256012","other_tags":"\"amenity\"=>\"community_centre\""},"geometry":{"type":"Point","coordinates":[121.0900359,14.6898373]}},
{"type":"Feature","properties":{"osm_id":"10146571867","barrier":"gate","other_tags":"\"access\"=>\"private\""},"geometry":{"type":"Point","coordinates":[121.08769070000001,14.6978763]}},
{"type":"Feature","properties":{"osm_id":"10146571868","barrier":"gate","other_tags":"\"access\"=>\"private\""},"geometry":{"type":"Point","coordinates":[121.0876939,14.6972885]}},
{"type":"Feature","properties":{"osm_id":"10185740066","highway":"crossing","other_tags":"\"button_operated\"=>\"no\",\"crossing\"=>\"uncontrolled\",\"crossing:markings\"=>\"zebra\",\"kerb\"=>\"yes\",\"tactile_paving\"=>\"no\",\"wheelchair\"=>\"limited\""},"geometry":{"type":"Point","coordinates":[121.0795309,14.7051575]}},
{"type":"Feature","properties":{"osm_id":"10218055581","other_tags":"\"noexit\"=>\"yes\""},"geometry":{"type":"Point","coordinates":[121.0795149,14.6972246]}},
{"type":"Feature","properties":{"osm_id":"10218055586","barrier":"gate","other_tags":"\"access\"=>\"private\""},"geometry":{"type":"Point","coordinates":[121.0801095,14.6971334]}},
{"type":"Feature","properties":{"osm_id":"10218055587","barrier":"gate","other_tags":"\"access\"=>\"private\""},"geometry":{"type":"Point","coordinates":[121.0797504,14.6972548]}},
{"type":"Feature","properties":{"osm_id":"10218055590","other_tags":"\"amenity\"=>\"toilets\""},"geometry":{"type":"Point","coordinates":[121.079952600000013,14.6967024]}},
{"type":"Feature","properties":{"osm_id":"10218055595","other_tags":"\"entrance\"=>\"yes\""},"geometry":{"type":"Point","coordinates":[121.079552,14.6970983]}},
{"type":"Feature","properties":{"osm_id":"10218055597","other_tags":"\"entrance\"=>\"yes\""},"geometry":{"type":"Point","coordinates":[121.0798043,14.6970174]}},
{"type":"Feature","properties":{"osm_id":"10218055609","other_tags":"\"noexit\"=>\"yes\""},"geometry":{"type":"Point","coordinates":[121.079420700000014,14.6970691]}},
{"type":"Feature","properties":{"osm_id":"10218055612","other_tags":"\"entrance\"=>\"yes\""},"geometry":{"type":"Point","coordinates":[121.079687400000012,14.6970838]}},
{"type":"Feature","properties":{"osm_id":"10218055613","other_tags":"\"entrance\"=>\"yes\""},"geometry":{"type":"Point","coordinates":[121.0798453,14.696792]}},
{"type":"Feature","properties":{"osm_id":"10218055614","other_tags":"\"entrance\"=>\"yes\""},"geometry":{"type":"Point","coordinates":[121.0798752,14.6969314]}},
{"type":"Feature","properties":{"osm_id":"10218055615","other_tags":"\"shop\"=>\"gift\""},"geometry":{"type":"Point","coordinates":[121.0798718,14.6967323]}},
{"type":"Feature","properties":{"osm_id":"10271946144","name":"Commonwealth Market","highway":"bus_stop","other_tags":"\"alt_name\"=>\"Manggahan\",\"operator\"=>\"Metropolitan Manila Development Authority\",\"public_transport\"=>\"platform\",\"share_taxi\"=>\"yes\""},"geometry":{"type":"Point","coordinates":[121.0869572,14.6939481]}},
{"type":"Feature","properties":{"osm_id":"10271946146","name":"Commission on Audit","highway":"bus_stop","other_tags":"\"bus\"=>\"yes\",\"network\"=>\"LTFRB National Capital Region\",\"network:short\"=>\"LTFRB NCR\",\"network:wikidata\"=>\"Q6483998\",\"operator\"=>\"Metropolitan Manila Development Authority;Quezon City Government\",\"public_transport\"=>\"platform\""},"geometry":{"type":"Point","coordinates":[121.0875577,14.690966]}},
{"type":"Feature","properties":{"osm_id":"10271946151","name":"Commonwealth Market","highway":"bus_stop","other_tags":"\"alt_name\"=>\"Manggahan\",\"bus\"=>\"yes\",\"network\"=>\"LTFRB National Capital Region\",\"network:short\"=>\"LTFRB NCR\",\"network:wikidata\"=>\"Q6483998\",\"operator\"=>\"Metropolitan Manila Development Authority\",\"public_transport\"=>\"platform\""},"geometry":{"type":"Point","coordinates":[121.0876413,14.6960987]}},
{"type":"Feature","properties":{"osm_id":"10271946159","name":"Commonwealth Market","highway":"bus_stop","other_tags":"\"alt_name\"=>\"Manggahan\",\"bus\"=>\"yes\",\"network\"=>\"LTFRB National Capital Region\",\"network:short\"=>\"LTFRB NCR\",\"network:wikidata\"=>\"Q6483998\",\"public_transport\"=>\"platform\""},"geometry":{"type":"Point","coordinates":[121.086989,14.6954074]}},
{"type":"Feature","properties":{"osm_id":"10271946161","name":"Commission on Audit","highway":"bus_stop","other_tags":"\"bench\"=>\"no\",\"bin\"=>\"no\",\"bus\"=>\"yes\",\"lit\"=>\"no\",\"network\"=>\"LTFRB National Capital Region\",\"network:short\"=>\"LTFRB NCR\",\"network:wikidata\"=>\"Q6483998\",\"operator\"=>\"Metropolitan Manila Development Authority\",\"public_transport\"=>\"platform\",\"share_taxi\"=>\"yes\",\"shelter\"=>\"no\""},"geometry":{"type":"Point","coordinates":[121.087001500000014,14.691248]}},
{"type":"Feature","properties":{"osm_id":"10307766104","name":"Chooks to Go","other_tags":"\"amenity\"=>\"fast_food\",\"cuisine\"=>\"chicken\""},"geometry":{"type":"Point","coordinates":[121.0864152,14.6928948]}},
{"type":"Feature","properties":{"osm_id":"10307776694","name":"168 E Laundry House","other_tags":"\"shop\"=>\"laundry\""},"geometry":{"type":"Point","coordinates":[121.084156600000014,14.6893723]}},
{"type":"Feature","properties":{"osm_id":"10307799478","name":"Lens Bakery & Eatery","other_tags":"\"amenity\"=>\"restaurant\""},"geometry":{"type":"Point","coordinates":[121.0848416,14.6896418]}},
{"type":"Feature","properties":{"osm_id":"10307806615","name":"Savemore","other_tags":"\"amenity\"=>\"pharmacy\",\"healthcare\"=>\"pharmacy\""},"geometry":{"type":"Point","coordinates":[121.084782100000012,14.692563]}},
{"type":"Feature","properties":{"osm_id":"10307830717","name":"Jhayz The Barber","other_tags":"\"opening_hours\"=>\"Mo-Su 10:00-20:00\",\"shop\"=>\"hairdresser\""},"geometry":{"type":"Point","coordinates":[121.0844948,14.6895615]}},
{"type":"Feature","properties":{"osm_id":"10307833465","name":"Pet One pet food","other_tags":"\"shop\"=>\"pet\""},"geometry":{"type":"Point","coordinates":[121.0844624,14.6919671]}},
{"type":"Feature","properties":{"osm_id":"10307846371","name":"Don. C","other_tags":"\"amenity\"=>\"fast_food\",\"cuisine\"=>\"chicken\""},"geometry":{"type":"Point","coordinates":[121.086317200000011,14.6929134]}},
{"type":"Feature","properties":{"osm_id":"10307846372","name":"CHX","other_tags":"\"amenity\"=>\"restaurant\""},"geometry":{"type":"Point","coordinates":[121.08408630000001,14.6893059]}},
{"type":"Feature","properties":{"osm_id":"10307846619","other_tags":"\"amenity\"=>\"car_wash\",\"automated\"=>\"no\",\"self_service\"=>\"no\""},"geometry":{"type":"Point","coordinates":[121.084209800000011,14.6892261]}},
{"type":"Feature","properties":{"osm_id":"10607613452","barrier":"gate","other_tags":"\"access\"=>\"private\",\"barrier:personnel\"=>\"yes\",\"foot\"=>\"permissive\""},"geometry":{"type":"Point","coordinates":[121.0828726,14.6994847]}},
{"type":"Feature","properties":{"osm_id":"10635532905","name":"Deartea Cravings","other_tags":"\"addr:housenumber\"=>\"264\",\"addr:street\"=>\"Santo Domingo Street\",\"opening_hours\"=>\"Mo-Su 12:00-20:30\",\"operator\"=>\"Liezl\",\"shop\"=>\"beverages\""},"geometry":{"type":"Point","coordinates":[121.084455100000014,14.6915209]}},
{"type":"Feature","properties":{"osm_id":"10647854892","name":"H2O Zone 2 Purified Water","other_tags":"\"addr:city\"=>\"Quezon City\",\"addr:housenumber\"=>\"20-D\",\"addr:street\"=>\"San Simon Street\",\"payment:cash\"=>\"yes\",\"phone\"=>\"296-96-39;09273572239;09216746036\",\"shop\"=>\"water\""},"geometry":{"type":"Point","coordinates":[121.0855396,14.6902319]}},
{"type":"Feature","properties":{"osm_id":"10647854893","name":"Kris Jel Pharmacy","other_tags":"\"amenity\"=>\"pharmacy\",\"healthcare\"=>\"pharmacy\""},"geometry":{"type":"Point","coordinates":[121.0855961,14.6902658]}},
{"type":"Feature","properties":{"osm_id":"10647854894","name":"Ang Lechon ni San Pedro","other_tags":"\"amenity\"=>\"fast_food\",\"cuisine\"=>\"chicken\",\"drive_through\"=>\"no\""},"geometry":{"type":"Point","coordinates":[121.0862319,14.6905676]}},
{"type":"Feature","properties":{"osm_id":"10647854900","name":"Villa Crew Hair Studio","other_tags":"\"shop\"=>\"hairdresser\""},"geometry":{"type":"Point","coordinates":[121.0841429,14.6891872]}},
{"type":"Feature","properties":{"osm_id":"10647854901","name":"J&G Cycle Parts","other_tags":"\"shop\"=>\"motorcycle_parts\""},"geometry":{"type":"Point","coordinates":[121.0833355,14.689759]}},
{"type":"Feature","properties":{"osm_id":"10647854902","name":"Johnnyworkz Motorcycle and Accessories","other_tags":"\"shop\"=>\"motorcycle_parts\""},"geometry":{"type":"Point","coordinates":[121.0832623,14.6897354]}},
{"type":"Feature","properties":{"osm_id":"10647854903","name":"Morning Sun Bakery","other_tags":"\"shop\"=>\"bakery\""},"geometry":{"type":"Point","coordinates":[121.0831507,14.689908]}},
{"type":"Feature","properties":{"osm_id":"10647854904","highway":"crossing","other_tags":"\"button_operated\"=>\"no\",\"crossing\"=>\"uncontrolled\",\"crossing:markings\"=>\"zebra\",\"kerb\"=>\"raised\",\"tactile_paving\"=>\"no\",\"wheelchair\"=>\"no\""},"geometry":{"type":"Point","coordinates":[121.0806596,14.6911786]}},
{"type":"Feature","properties":{"osm_id":"10647854905","highway":"crossing","other_tags":"\"button_operated\"=>\"no\",\"crossing\"=>\"uncontrolled\",\"crossing:markings\"=>\"zebra\",\"kerb\"=>\"raised\",\"tactile_paving\"=>\"no\",\"wheelchair\"=>\"no\""},"geometry":{"type":"Point","coordinates":[121.0818304,14.6901604]}},
{"type":"Feature","properties":{"osm_id":"10647854906","highway":"crossing","other_tags":"\"button_operated\"=>\"no\",\"crossing\"=>\"uncontrolled\",\"kerb\"=>\"yes\",\"tactile_paving\"=>\"no\",\"wheelchair\"=>\"no\""},"geometry":{"type":"Point","coordinates":[121.0824001,14.6899864]}},
{"type":"Feature","properties":{"osm_id":"10685128300","barrier":"gate","other_tags":"\"access\"=>\"no\""},"geometry":{"type":"Point","coordinates":[121.087586300000012,14.69073]}},
{"type":"Feature","properties":{"osm_id":"10685141305","barrier":"gate","other_tags":"\"access\"=>\"private\""},"geometry":{"type":"Point","coordinates":[121.08758060000001,14.6903592]}},
{"type":"Feature","properties":{"osm_id":"10806898709","barrier":"gate","other_tags":"\"access\"=>\"permissive\",\"foot\"=>\"permissive\""},"geometry":{"type":"Point","coordinates":[121.0776351,14.6949591]}},
{"type":"Feature","properties":{"osm_id":"10819319509","barrier":"gate","other_tags":"\"access\"=>\"permissive\""},"geometry":{"type":"Point","coordinates":[121.0772019,14.6952618]}},
{"type":"Feature","properties":{"osm_id":"10819375035","barrier":"gate","other_tags":"\"access\"=>\"no\""},"geometry":{"type":"Point","coordinates":[121.0695192,14.7041094]}},
{"type":"Feature","properties":{"osm_id":"10820793846","barrier":"gate","other_tags":"\"access\"=>\"no\""},"geometry":{"type":"Point","coordinates":[121.069309600000011,14.7019466]}},
{"type":"Feature","properties":{"osm_id":"10884507901","ref":"N9 120T","other_tags":"\"design\"=>\"steel\",\"height\"=>\"27.5\",\"operator\"=>\"Meralco\",\"operator:wikidata\"=>\"Q6817918\",\"power\"=>\"pole\""},"geometry":{"type":"Point","coordinates":[121.0702943,14.6647681]}},
{"type":"Feature","properties":{"osm_id":"10884513405","ref":"N9 121T","other_tags":"\"design\"=>\"steel\",\"height\"=>\"32\",\"operator\"=>\"Meralco\",\"operator:wikidata\"=>\"Q6817918\",\"power\"=>\"pole\""},"geometry":{"type":"Point","coordinates":[121.0708556,14.6651512]}},
{"type":"Feature","properties":{"osm_id":"10884522483","ref":"Q10 0044T","other_tags":"\"height\"=>\"32\",\"material\"=>\"steel\",\"operator\"=>\"Meralco\",\"operator:wikidata\"=>\"Q6817918\",\"power\"=>\"pole\""},"geometry":{"type":"Point","coordinates":[121.0887316,14.7067423]}},
{"type":"Feature","properties":{"osm_id":"10884522484","ref":"Q10 0037T","other_tags":"\"height\"=>\"32\",\"material\"=>\"steel\",\"operator\"=>\"Meralco\",\"operator:wikidata\"=>\"Q6817918\",\"power\"=>\"pole\""},"geometry":{"type":"Point","coordinates":[121.0894016,14.7018045]}},
{"type":"Feature","properties":{"osm_id":"10884522486","ref":"Q10 0041T","other_tags":"\"height\"=>\"32\",\"material\"=>\"steel\",\"operator\"=>\"Meralco\",\"operator:wikidata\"=>\"Q6817918\",\"power\"=>\"pole\""},"geometry":{"type":"Point","coordinates":[121.088314700000012,14.7046185]}},
{"type":"Feature","properties":{"osm_id":"10884522489","ref":"Q10 0042T","other_tags":"\"height\"=>\"32\",\"material\"=>\"steel\",\"operator\"=>\"Meralco\",\"operator:wikidata\"=>\"Q6817918\",\"power\"=>\"pole\""},"geometry":{"type":"Point","coordinates":[121.0881842,14.7051391]}},
{"type":"Feature","properties":{"osm_id":"10884522492","ref":"Q10 0048T","other_tags":"\"height\"=>\"27.5\",\"material\"=>\"steel\",\"operator\"=>\"Meralco\",\"operator:wikidata\"=>\"Q6817918\",\"power\"=>\"pole\""},"geometry":{"type":"Point","coordinates":[121.0908222,14.709279]}},
{"type":"Feature","properties":{"osm_id":"10884522496","ref":"Q10 0045T","other_tags":"\"height\"=>\"32\",\"material\"=>\"steel\",\"operator\"=>\"Meralco\",\"operator:wikidata\"=>\"Q6817918\",\"power\"=>\"pole\""},"geometry":{"type":"Point","coordinates":[121.088957400000012,14.7073648]}},
{"type":"Feature","properties":{"osm_id":"10884522497","ref":"Q10 0036T","other_tags":"\"height\"=>\"32\",\"material\"=>\"steel\",\"operator\"=>\"Meralco\",\"operator:wikidata\"=>\"Q6817918\",\"power\"=>\"pole\""},"geometry":{"type":"Point","coordinates":[121.089096500000011,14.7011091]}},
{"type":"Feature","properties":{"osm_id":"10884522498","ref":"Q10 0039T","other_tags":"\"height\"=>\"32\",\"material\"=>\"steel\",\"operator\"=>\"Meralco\",\"operator:wikidata\"=>\"Q6817918\",\"power\"=>\"pole\""},"geometry":{"type":"Point","coordinates":[121.0891732,14.702974]}},
{"type":"Feature","properties":{"osm_id":"10884522499","ref":"Q10 0049T","other_tags":"\"height\"=>\"27.5\",\"material\"=>\"steel\",\"operator\"=>\"Meralco\",\"operator:wikidata\"=>\"Q6817918\",\"power\"=>\"pole\""},"geometry":{"type":"Point","coordinates":[121.0911037,14.7090488]}},
{"type":"Feature","properties":{"osm_id":"10884522502","ref":"Q10 0047T","other_tags":"\"height\"=>\"27.5\",\"material\"=>\"steel\",\"operator\"=>\"Meralco\",\"operator:wikidata\"=>\"Q6817918\",\"power\"=>\"pole\""},"geometry":{"type":"Point","coordinates":[121.09053080000001,14.7085186]}},
{"type":"Feature","properties":{"osm_id":"10884627605","ref":"Q10 0034T","other_tags":"\"height\"=>\"32\",\"material\"=>\"steel\",\"operator\"=>\"Meralco\",\"operator:wikidata\"=>\"Q6817918\",\"power\"=>\"pole\""},"geometry":{"type":"Point","coordinates":[121.0878997,14.7002333]}},
{"type":"Feature","properties":{"osm_id":"10884627607","ref":"Q10 0046T","other_tags":"\"height\"=>\"32\",\"material\"=>\"steel\",\"operator\"=>\"Meralco\",\"operator:wikidata\"=>\"Q6817918\",\"power\"=>\"pole\""},"geometry":{"type":"Point","coordinates":[121.0896447,14.7076835]}},
{"type":"Feature","properties":{"osm_id":"10884627609","ref":"Q10 0035T","other_tags":"\"height\"=>\"32\",\"material\"=>\"steel\",\"operator\"=>\"Meralco\",\"operator:wikidata\"=>\"Q6817918\",\"power\"=>\"pole\""},"geometry":{"type":"Point","coordinates":[121.088430300000013,14.7008316]}},
{"type":"Feature","properties":{"osm_id":"10884627610","ref":"Q10 0043T","other_tags":"\"height\"=>\"32\",\"material\"=>\"steel\",\"operator\"=>\"Meralco\",\"operator:wikidata\"=>\"Q6817918\",\"power\"=>\"pole\""},"geometry":{"type":"Point","coordinates":[121.08816370000001,14.7063183]}},
{"type":"Feature","properties":{"osm_id":"10884627614","ref":"Q10 0033T","other_tags":"\"height\"=>\"32\",\"material\"=>\"steel\",\"operator\"=>\"Meralco\",\"operator:wikidata\"=>\"Q6817918\",\"power\"=>\"pole\""},"geometry":{"type":"Point","coordinates":[121.0875972,14.6995886]}},
{"type":"Feature","properties":{"osm_id":"11063109120","name":"Germio","other_tags":"\"addr:housenumber\"=>\"1624\",\"addr:street\"=>\"Adelfa\""},"geometry":{"type":"Point","coordinates":[121.0755345,14.6948839]}},
{"type":"Feature","properties":{"osm_id":"11367758695","other_tags":"\"noexit\"=>\"yes\""},"geometry":{"type":"Point","coordinates":[121.081492200000014,14.6976073]}},
{"type":"Feature","properties":{"osm_id":"11382802469","name":"Hildas Party Needs Glassware","other_tags":"\"addr:housenumber\"=>\"911\",\"addr:postcode\"=>\"1121\",\"addr:street\"=>\"San Pascual Drive\",\"email\"=>\"ohitsbobby@gmail.com\",\"internet_access\"=>\"wlan\",\"opening_hours\"=>\"Mo-Su 09:00-18:00\",\"phone\"=>\"09267118663\",\"shop\"=>\"gift\""},"geometry":{"type":"Point","coordinates":[121.0825056,14.6957735]}},
{"type":"Feature","properties":{"osm_id":"11393181691","barrier":"gate","other_tags":"\"access\"=>\"no\",\"operator\"=>\"SAMAKA Homeowners Association\""},"geometry":{"type":"Point","coordinates":[121.073564,14.7046102]}},
{"type":"Feature","properties":{"osm_id":"11414587121","man_made":"surveillance","other_tags":"\"surveillance:type\"=>\"guard\""},"geometry":{"type":"Point","coordinates":[121.0782801,14.7059831]}},
{"type":"Feature","properties":{"osm_id":"11414587129","barrier":"lift_gate","other_tags":"\"access\"=>\"destination\",\"barrier:personnel\"=>\"yes\""},"geometry":{"type":"Point","coordinates":[121.078251,14.7060175]}},
{"type":"Feature","properties":{"osm_id":"11503344050","barrier":"gate"},"geometry":{"type":"Point","coordinates":[121.080769100000012,14.6897466]}},
{"type":"Feature","properties":{"osm_id":"11552942642","other_tags":"\"amenity\"=>\"dentist\",\"healthcare\"=>\"dentist\""},"geometry":{"type":"Point","coordinates":[121.0747417,14.7054923]}},
{"type":"Feature","properties":{"osm_id":"11552942643","other_tags":"\"shop\"=>\"country_store\""},"geometry":{"type":"Point","coordinates":[121.074638600000014,14.7055]}},
{"type":"Feature","properties":{"osm_id":"11552942644","other_tags":"\"shop\"=>\"medical_supply\""},"geometry":{"type":"Point","coordinates":[121.07490030000001,14.705411]}},
{"type":"Feature","properties":{"osm_id":"11552942645","other_tags":"\"shop\"=>\"paint\""},"geometry":{"type":"Point","coordinates":[121.0751747,14.7053819]}},
{"type":"Feature","properties":{"osm_id":"11552942646","other_tags":"\"shop\"=>\"bakery\""},"geometry":{"type":"Point","coordinates":[121.0753824,14.705477]}},
{"type":"Feature","properties":{"osm_id":"11552942647","name":"Robinsons Bank","other_tags":"\"amenity\"=>\"bank\",\"brand\"=>\"Robinsons Bank\",\"brand:wikidata\"=>\"Q30639182\""},"geometry":{"type":"Point","coordinates":[121.0827186,14.7051825]}},
{"type":"Feature","properties":{"osm_id":"11552942648","other_tags":"\"operator\"=>\"Robinsons Malls\",\"operator:wikidata\"=>\"Q7353125\",\"shop\"=>\"mall\""},"geometry":{"type":"Point","coordinates":[121.0827139,14.7052224]}},
{"type":"Feature","properties":{"osm_id":"11552942649","name":"Starbucks","other_tags":"\"amenity\"=>\"cafe\",\"brand\"=>\"Starbucks\",\"brand:wikidata\"=>\"Q37158\",\"cuisine\"=>\"coffee_shop\",\"official_name\"=>\"Starbucks Coffee\",\"takeaway\"=>\"yes\""},"geometry":{"type":"Point","coordinates":[121.0824982,14.7052515]}},
{"type":"Feature","properties":{"osm_id":"11553007692","name":"Litex","highway":"bus_stop","other_tags":"\"bus\"=>\"yes\",\"network\"=>\"LTFRB National Capital Region\",\"network:short\"=>\"LTFRB NCR\",\"network:wikidata\"=>\"Q6483998\",\"public_transport\"=>\"platform\""},"geometry":{"type":"Point","coordinates":[121.0861682,14.7025672]}},
{"type":"Feature","properties":{"osm_id":"11553007693","name":"Litex","highway":"bus_stop","other_tags":"\"bench\"=>\"no\",\"bin\"=>\"no\",\"bus\"=>\"yes\",\"network\"=>\"LTFRB National Capital Region\",\"network:short\"=>\"LTFRB NCR\",\"network:wikidata\"=>\"Q6483998\",\"public_transport\"=>\"platform\",\"shelter\"=>\"no\",\"sign\"=>\"no\""},"geometry":{"type":"Point","coordinates":[121.0876487,14.7019266]}},
{"type":"Feature","properties":{"osm_id":"11553007694","name":"Starbucks","other_tags":"\"amenity\"=>\"cafe\",\"brand\"=>\"Starbucks\",\"brand:wikidata\"=>\"Q37158\",\"cuisine\"=>\"coffee_shop\",\"official_name\"=>\"Starbucks Coffee\",\"takeaway\"=>\"yes\""},"geometry":{"type":"Point","coordinates":[121.08818930000001,14.7002663]}},
{"type":"Feature","properties":{"osm_id":"11553007695","other_tags":"\"amenity\"=>\"cafe\""},"geometry":{"type":"Point","coordinates":[121.08828290000001,14.7003727]}},
{"type":"Feature","properties":{"osm_id":"11625401800","barrier":"kerb","other_tags":"\"access\"=>\"destination\",\"kerb\"=>\"raised\""},"geometry":{"type":"Point","coordinates":[121.088799400000013,14.7023302]}},
{"type":"Feature","properties":{"osm_id":"11625401801","barrier":"gate","other_tags":"\"access\"=>\"destination\""},"geometry":{"type":"Point","coordinates":[121.088793700000011,14.702352]}},
{"type":"Feature","properties":{"osm_id":"11625401813","barrier":"kerb","other_tags":"\"access\"=>\"destination\",\"kerb\"=>\"raised\""},"geometry":{"type":"Point","coordinates":[121.089155100000013,14.702328]}},
{"type":"Feature","properties":{"osm_id":"11625401821","barrier":"gate","other_tags":"\"access\"=>\"destination\",\"barrier:personnel\"=>\"no\",\"locked\"=>\"no\",\"operator\"=>\"Luna Homes\""},"geometry":{"type":"Point","coordinates":[121.0889972,14.7023257]}},
{"type":"Feature","properties":{"osm_id":"11626210650","other_tags":"\"traffic_calming\"=>\"hump\""},"geometry":{"type":"Point","coordinates":[121.0711571,14.7035891]}},
{"type":"Feature","properties":{"osm_id":"11640034155","other_tags":"\"noexit\"=>\"yes\""},"geometry":{"type":"Point","coordinates":[121.067302200000015,14.6908983]}},
{"type":"Feature","properties":{"osm_id":"11644415611","other_tags":"\"noexit\"=>\"yes\""},"geometry":{"type":"Point","coordinates":[121.0795958,14.6964573]}},
{"type":"Feature","properties":{"osm_id":"11664380434","other_tags":"\"noexit\"=>\"yes\""},"geometry":{"type":"Point","coordinates":[121.0801804,14.6897322]}},
{"type":"Feature","properties":{"osm_id":"11672650071","name":"NSN","other_tags":"\"addr:street\"=>\"Villongco Street\",\"shop\"=>\"department_store\""},"geometry":{"type":"Point","coordinates":[121.0863274,14.6968121]}},
{"type":"Feature","properties":{"osm_id":"11672651569","name":"The Burgatory Commonwealth","other_tags":"\"addr:street\"=>\"Martan Street\",\"amenity\"=>\"fast_food\",\"opening_hours\"=>\"24/7\""},"geometry":{"type":"Point","coordinates":[121.0851205,14.6969429]}},
{"type":"Feature","properties":{"osm_id":"11757635557","barrier":"lift_gate","other_tags":"\"access\"=>\"yes\",\"access:conditional\"=>\"no @ 22:00-04:00\""},"geometry":{"type":"Point","coordinates":[121.082238800000013,14.7062284]}},
{"type":"Feature","properties":{"osm_id":"11929771943","barrier":"lift_gate","other_tags":"\"access\"=>\"no\",\"bicycle\"=>\"yes\",\"foot\"=>\"yes\",\"lift_gate:type\"=>\"single\",\"locked\"=>\"yes\",\"motor_vehicle\"=>\"no\",\"opening_hours\"=>\"24/7\""},"geometry":{"type":"Point","coordinates":[121.0745176,14.6885083]}},
{"type":"Feature","properties":{"osm_id":"12041599429","barrier":"gate","other_tags":"\"access\"=>\"no\""},"geometry":{"type":"Point","coordinates":[121.06922010000001,14.7017046]}},
{"type":"Feature","properties":{"osm_id":"12062210201","name":"Well of Life","other_tags":"\"addr:street\"=>\"Commonwealth Avenue\",\"amenity\"=>\"doctors\",\"mapillary\"=>\"1113885996070450\""},"geometry":{"type":"Point","coordinates":[121.078443,14.7053128]}},
{"type":"Feature","properties":{"osm_id":"12062210202","name":"Tambunting","other_tags":"\"addr:street\"=>\"Commonwealth Avenue\",\"brand\"=>\"Tambunting\",\"brand:wikidata\"=>\"Q7681088\",\"brand:wikipedia\"=>\"en:Tambunting\",\"mapillary\"=>\"1631975127175972\",\"money_transfer\"=>\"palawan_express;western_union;ria\",\"shop\"=>\"pawnbroker\""},"geometry":{"type":"Point","coordinates":[121.0786164,14.7053079]}},
{"type":"Feature","properties":{"osm_id":"12062210203","name":"Gusi Animal Clinic","other_tags":"\"addr:street\"=>\"Commonwealth Avenue\",\"amenity\"=>\"veterinary\",\"mapillary\"=>\"1631975127175972\""},"geometry":{"type":"Point","coordinates":[121.0785735,14.7053092]}},
{"type":"Feature","properties":{"osm_id":"12062210204","other_tags":"\"crossing\"=>\"informal\""},"geometry":{"type":"Point","coordinates":[121.0791688,14.7052685]}},
{"type":"Feature","properties":{"osm_id":"12062210205","other_tags":"\"crossing\"=>\"informal\""},"geometry":{"type":"Point","coordinates":[121.0789215,14.7052715]}},
{"type":"Feature","properties":{"osm_id":"12062210206","barrier":"gate","other_tags":"\"access\"=>\"private\""},"geometry":{"type":"Point","coordinates":[121.078921400000013,14.7053037]}},
{"type":"Feature","properties":{"osm_id":"12062210208","name":"JCI Builders & Trading Corporation","other_tags":"\"shop\"=>\"trade\",\"trade\"=>\"building_materials\""},"geometry":{"type":"Point","coordinates":[121.079134700000012,14.7053092]}},
{"type":"Feature","properties":{"osm_id":"12062210209","barrier":"gate","other_tags":"\"access\"=>\"private\""},"geometry":{"type":"Point","coordinates":[121.079169900000011,14.7053066]}},
{"type":"Feature","properties":{"osm_id":"12062210212","barrier":"gate","other_tags":"\"access\"=>\"private\""},"geometry":{"type":"Point","coordinates":[121.0792511,14.7053397]}},
{"type":"Feature","properties":{"osm_id":"12062210213","other_tags":"\"crossing\"=>\"informal\""},"geometry":{"type":"Point","coordinates":[121.07925010000001,14.7052676]}},
{"type":"Feature","properties":{"osm_id":"12062210216","name":"Motorcycle City","other_tags":"\"addr:street\"=>\"Commonwealth Avenue\",\"brand\"=>\"KTM;Kawasaki\",\"mapillary\"=>\"390063765970250\",\"operator\"=>\"Keymotors Incorporated\",\"sale\"=>\"yes\",\"shop\"=>\"motorcycle\""},"geometry":{"type":"Point","coordinates":[121.0793235,14.7053611]}},
{"type":"Feature","properties":{"osm_id":"12062210219","other_tags":"\"crossing\"=>\"informal\""},"geometry":{"type":"Point","coordinates":[121.0794426,14.7052653]}},
{"type":"Feature","properties":{"osm_id":"12062210222","other_tags":"\"crossing\"=>\"informal\""},"geometry":{"type":"Point","coordinates":[121.080382,14.7052608]}},
{"type":"Feature","properties":{"osm_id":"12062210223","other_tags":"\"access\"=>\"customers\",\"amenity\"=>\"parking\",\"parking\"=>\"street_side\""},"geometry":{"type":"Point","coordinates":[121.0803628,14.7053277]}},
{"type":"Feature","properties":{"osm_id":"12062210227","name":"Crystal Clear Vue Optical","other_tags":"\"addr:street\"=>\"Commonwealth Avenue\",\"mapillary\"=>\"504177518142547\",\"shop\"=>\"optician\""},"geometry":{"type":"Point","coordinates":[121.0798033,14.7053663]}},
{"type":"Feature","properties":{"osm_id":"12062210228","name":"Pampanga's Best","other_tags":"\"addr:street\"=>\"Commonwealth Avenue\",\"mapillary\"=>\"504177518142547\",\"shop\"=>\"frozen_food\""},"geometry":{"type":"Point","coordinates":[121.079805900000011,14.705341]}},
{"type":"Feature","properties":{"osm_id":"12062210229","name":"Lola Nena's","other_tags":"\"addr:street\"=>\"Commonwealth Avenue\",\"amenity\"=>\"fast_food\",\"brand\"=>\"Lola Nena's\",\"brand:wikidata\"=>\"Q120142295\",\"cuisine\"=>\"regional;pichi-pichi;donuts;noodles\",\"mapillary\"=>\"504177518142547\",\"takeaway\"=>\"yes\""},"geometry":{"type":"Point","coordinates":[121.0798938,14.7053423]}},
{"type":"Feature","properties":{"osm_id":"12062210230","name":"Angel's Pizza","other_tags":"\"addr:street\"=>\"Commonwealth Avenue\",\"amenity\"=>\"fast_food\",\"brand\"=>\"Angel's\",\"brand:wikidata\"=>\"Q62267228\",\"cuisine\"=>\"burger\",\"mapillary\"=>\"2196639830485721\",\"takeaway\"=>\"yes\""},"geometry":{"type":"Point","coordinates":[121.079637,14.705293]}},
{"type":"Feature","properties":{"osm_id":"12062210231","name":"Don.C","other_tags":"\"addr:street\"=>\"Commonwealth Avenue\",\"amenity\"=>\"fast_food\",\"brand\"=>\"Don.C\",\"brand:wikidata\"=>\"Q120755724\",\"cuisine\"=>\"barbecue;filipino\",\"mapillary\"=>\"2196639830485721\",\"takeaway\"=>\"yes\""},"geometry":{"type":"Point","coordinates":[121.079589,14.7052894]}},
{"type":"Feature","properties":{"osm_id":"12062210232","other_tags":"\"crossing\"=>\"informal\""},"geometry":{"type":"Point","coordinates":[121.07961490000001,14.7052638]}},
{"type":"Feature","properties":{"osm_id":"12062210234","barrier":"gate","other_tags":"\"access\"=>\"private\",\"mapillary\"=>\"3052725441655157\""},"geometry":{"type":"Point","coordinates":[121.0796162,14.7054587]}},
{"type":"Feature","properties":{"osm_id":"12084087678","barrier":"gate","other_tags":"\"access\"=>\"private\""},"geometry":{"type":"Point","coordinates":[121.082038200000014,14.6894543]}},
{"type":"Feature","properties":{"osm_id":"12084295348","barrier":"gate","other_tags":"\"access\"=>\"private\",\"addr:housenumber\"=>\"83\",\"addr:street\"=>\"Santo Niño Street\",\"mapillary\"=>\"769850450599422\""},"geometry":{"type":"Point","coordinates":[121.0788732,14.6917689]}},
{"type":"Feature","properties":{"osm_id":"12084295349","barrier":"gate","other_tags":"\"access\"=>\"private\",\"addr:housenumber\"=>\"73\",\"addr:street\"=>\"Santo Niño Street\",\"mapillary\"=>\"769850450599422\""},"geometry":{"type":"Point","coordinates":[121.0803676,14.6913224]}},
{"type":"Feature","properties":{"osm_id":"12084335217","highway":"crossing","other_tags":"\"button_operated\"=>\"no\",\"crossing\"=>\"uncontrolled\",\"crossing:markings\"=>\"zebra\",\"kerb\"=>\"raised\",\"mapillary\"=>\"312274584337506\",\"supervised\"=>\"no\",\"tactile_paving\"=>\"no\",\"wheelchair\"=>\"no\""},"geometry":{"type":"Point","coordinates":[121.0782716,14.6923251]}},
{"type":"Feature","properties":{"osm_id":"12084335218","name":"Saligumba - Bautista Medical Plaza Ⅱ","other_tags":"\"addr2:street\"=>\"Kulasisi Street\",\"addr:street\"=>\"Santo Niño Street Extension\",\"amenity\"=>\"doctors\""},"geometry":{"type":"Point","coordinates":[121.0781886,14.6925219]}},
{"type":"Feature","properties":{"osm_id":"12084335219","other_tags":"\"addr2:street\"=>\"Kulasisi Street\",\"addr:street\"=>\"Santo Niño Street Extension\",\"mapillary\"=>\"352571006884651\",\"shop\"=>\"greengrocer\""},"geometry":{"type":"Point","coordinates":[121.0781467,14.6925836]}},
{"type":"Feature","properties":{"osm_id":"12093718010","barrier":"lift_gate","other_tags":"\"access\"=>\"destination\",\"barrier:personnel\"=>\"yes\""},"geometry":{"type":"Point","coordinates":[121.0778681,14.705868]}},
{"type":"Feature","properties":{"osm_id":"12093718015","barrier":"gate","other_tags":"\"access\"=>\"destination\""},"geometry":{"type":"Point","coordinates":[121.078953700000014,14.7062789]}},
{"type":"Feature","properties":{"osm_id":"12093718016","barrier":"gate","other_tags":"\"access\"=>\"destination\""},"geometry":{"type":"Point","coordinates":[121.081562100000014,14.7063012]}},
{"type":"Feature","properties":{"osm_id":"12093937877","barrier":"gate","other_tags":"\"access\"=>\"private\""},"geometry":{"type":"Point","coordinates":[121.078699500000013,14.6953791]}},
{"type":"Feature","properties":{"osm_id":"12093955411","other_tags":"\"noexit\"=>\"yes\""},"geometry":{"type":"Point","coordinates":[121.077426800000012,14.6965869]}},
{"type":"Feature","properties":{"osm_id":"12093955414","barrier":"gate","other_tags":"\"access\"=>\"no\""},"geometry":{"type":"Point","coordinates":[121.07867920000001,14.6968905]}},
{"type":"Feature","properties":{"osm_id":"12093955419","barrier":"gate","other_tags":"\"access\"=>\"private\""},"geometry":{"type":"Point","coordinates":[121.079284300000012,14.6967334]}},
{"type":"Feature","properties":{"osm_id":"12093956589","barrier":"gate","other_tags":"\"access\"=>\"private\""},"geometry":{"type":"Point","coordinates":[121.078807500000011,14.6955821]}},
{"type":"Feature","properties":{"osm_id":"12094075520","barrier":"gate","other_tags":"\"access\"=>\"private\""},"geometry":{"type":"Point","coordinates":[121.0799142,14.6944115]}},
{"type":"Feature","properties":{"osm_id":"12094158168","other_tags":"\"noexit\"=>\"yes\""},"geometry":{"type":"Point","coordinates":[121.0801959,14.6952916]}},
{"type":"Feature","properties":{"osm_id":"12094195228","barrier":"gate","other_tags":"\"access\"=>\"permissive\""},"geometry":{"type":"Point","coordinates":[121.084163800000013,14.695872]}},
{"type":"Feature","properties":{"osm_id":"12094298312","barrier":"gate","other_tags":"\"access\"=>\"private\""},"geometry":{"type":"Point","coordinates":[121.074058900000011,14.6938109]}},
{"type":"Feature","properties":{"osm_id":"12094302341","barrier":"gate","other_tags":"\"access\"=>\"private\""},"geometry":{"type":"Point","coordinates":[121.073096400000011,14.694463]}},
{"type":"Feature","properties":{"osm_id":"12095398358","barrier":"gate","other_tags":"\"access\"=>\"private\""},"geometry":{"type":"Point","coordinates":[121.0855817,14.6913856]}},
{"type":"Feature","properties":{"osm_id":"12097580782","barrier":"gate","other_tags":"\"access\"=>\"private\""},"geometry":{"type":"Point","coordinates":[121.0690084,14.6931956]}},
{"type":"Feature","properties":{"osm_id":"12097580791","barrier":"gate","other_tags":"\"access\"=>\"private\""},"geometry":{"type":"Point","coordinates":[121.069883800000014,14.6932244]}},
{"type":"Feature","properties":{"osm_id":"12097580793","barrier":"gate","other_tags":"\"access\"=>\"private\""},"geometry":{"type":"Point","coordinates":[121.0701272,14.6910708]}},
{"type":"Feature","properties":{"osm_id":"12097580798","barrier":"gate","other_tags":"\"access\"=>\"private\""},"geometry":{"type":"Point","coordinates":[121.0701326,14.6907998]}},
{"type":"Feature","properties":{"osm_id":"12097580799","barrier":"gate","other_tags":"\"access\"=>\"private\""},"geometry":{"type":"Point","coordinates":[121.070149,14.6903001]}},
{"type":"Feature","properties":{"osm_id":"12099164228","highway":"crossing"},"geometry":{"type":"Point","coordinates":[121.0676713,14.6983523]}},
{"type":"Feature","properties":{"osm_id":"12099164229","highway":"crossing"},"geometry":{"type":"Point","coordinates":[121.067579400000014,14.6983557]}},
{"type":"Feature","properties":{"osm_id":"12099340719","barrier":"gate","other_tags":"\"access\"=>\"private\""},"geometry":{"type":"Point","coordinates":[121.0691371,14.6931751]}},
{"type":"Feature","properties":{"osm_id":"12099564594","barrier":"gate","other_tags":"\"access\"=>\"destination\""},"geometry":{"type":"Point","coordinates":[121.0697743,14.701629]}},
{"type":"Feature","properties":{"osm_id":"12099564595","barrier":"gate","other_tags":"\"access\"=>\"destination\""},"geometry":{"type":"Point","coordinates":[121.069523600000011,14.6995432]}},
{"type":"Feature","properties":{"osm_id":"12099580018","barrier":"gate","other_tags":"\"access\"=>\"permissive\""},"geometry":{"type":"Point","coordinates":[121.0722034,14.7063211]}},
{"type":"Feature","properties":{"osm_id":"12106131049","barrier":"gate","other_tags":"\"access\"=>\"permissive\""},"geometry":{"type":"Point","coordinates":[121.073478,14.7053156]}},
{"type":"Feature","properties":{"osm_id":"12106347154","highway":"crossing"},"geometry":{"type":"Point","coordinates":[121.0715748,14.7061961]}},
{"type":"Feature","properties":{"osm_id":"12106490980","barrier":"gate","other_tags":"\"access\"=>\"private\""},"geometry":{"type":"Point","coordinates":[121.0700144,14.7038542]}},
{"type":"Feature","properties":{"osm_id":"12106490981","barrier":"gate","other_tags":"\"access\"=>\"permissive\""},"geometry":{"type":"Point","coordinates":[121.0704814,14.7036306]}},
{"type":"Feature","properties":{"osm_id":"12106549744","highway":"crossing"},"geometry":{"type":"Point","coordinates":[121.068904300000014,14.7043043]}},
{"type":"Feature","properties":{"osm_id":"12106549745","highway":"crossing"},"geometry":{"type":"Point","coordinates":[121.0689971,14.7042722]}},
{"type":"Feature","properties":{"osm_id":"12106858043","highway":"crossing"},"geometry":{"type":"Point","coordinates":[121.0694028,14.7057296]}},
{"type":"Feature","properties":{"osm_id":"12106858044","highway":"crossing"},"geometry":{"type":"Point","coordinates":[121.069304100000011,14.7057271]}},
{"type":"Feature","properties":{"osm_id":"12109125854","barrier":"gate","other_tags":"\"access\"=>\"private\""},"geometry":{"type":"Point","coordinates":[121.074685800000012,14.7061053]}},
{"type":"Feature","properties":{"osm_id":"12115242013","barrier":"gate","other_tags":"\"access\"=>\"private\""},"geometry":{"type":"Point","coordinates":[121.085379100000011,14.6998443]}},
{"type":"Feature","properties":{"osm_id":"12115304247","barrier":"gate","other_tags":"\"access\"=>\"private\""},"geometry":{"type":"Point","coordinates":[121.0870385,14.7023672]}},
{"type":"Feature","properties":{"osm_id":"12115306473","barrier":"gate","other_tags":"\"access\"=>\"permissive\""},"geometry":{"type":"Point","coordinates":[121.087436700000012,14.7016557]}},
{"type":"Feature","properties":{"osm_id":"12115306475","barrier":"gate","other_tags":"\"access\"=>\"permissive\""},"geometry":{"type":"Point","coordinates":[121.089296800000014,14.7019034]}},
{"type":"Feature","properties":{"osm_id":"12115306476","barrier":"gate","other_tags":"\"access\"=>\"permissive\""},"geometry":{"type":"Point","coordinates":[121.0889966,14.7022517]}},
{"type":"Feature","properties":{"osm_id":"12115306478","barrier":"gate","other_tags":"\"access\"=>\"permissive\""},"geometry":{"type":"Point","coordinates":[121.0877083,14.7019588]}},
{"type":"Feature","properties":{"osm_id":"12127819301","barrier":"gate"},"geometry":{"type":"Point","coordinates":[121.0840132,14.7013217]}},
{"type":"Feature","properties":{"osm_id":"12284986338","other_tags":"\"traffic_calming\"=>\"bump\""},"geometry":{"type":"Point","coordinates":[121.0830612,14.7087532]}},
{"type":"Feature","properties":{"osm_id":"12284986339","other_tags":"\"traffic_calming\"=>\"bump\""},"geometry":{"type":"Point","coordinates":[121.0826451,14.7074702]}},
{"type":"Feature","properties":{"osm_id":"12284986340","other_tags":"\"traffic_calming\"=>\"bump\""},"geometry":{"type":"Point","coordinates":[121.0827342,14.7077451]}},
{"type":"Feature","properties":{"osm_id":"12285188901","other_tags":"\"traffic_calming\"=>\"bump\""},"geometry":{"type":"Point","coordinates":[121.082937300000012,14.7083713]}},
{"type":"Feature","properties":{"osm_id":"12287503070","other_tags":"\"traffic_calming\"=>\"bump\""},"geometry":{"type":"Point","coordinates":[121.08224580000001,14.7062498]}},
{"type":"Feature","properties":{"osm_id":"12287503071","other_tags":"\"direction\"=>\"forward\""},"geometry":{"type":"Point","coordinates":[121.082176300000015,14.7060421]}},
{"type":"Feature","properties":{"osm_id":"12287503072","other_tags":"\"direction\"=>\"backward\",\"traffic_calming\"=>\"bump\""},"geometry":{"type":"Point","coordinates":[121.082137300000014,14.7059187]}},
{"type":"Feature","properties":{"osm_id":"12287503073","other_tags":"\"traffic_calming\"=>\"bump\""},"geometry":{"type":"Point","coordinates":[121.0821626,14.7058202]}},
{"type":"Feature","properties":{"osm_id":"12287503074","other_tags":"\"traffic_calming\"=>\"bump\""},"geometry":{"type":"Point","coordinates":[121.0820956,14.7057912]}},
{"type":"Feature","properties":{"osm_id":"12287503075","other_tags":"\"traffic_calming\"=>\"bump\""},"geometry":{"type":"Point","coordinates":[121.0820006,14.7055015]}},
{"type":"Feature","properties":{"osm_id":"12287557513","other_tags":"\"traffic_calming\"=>\"bump\""},"geometry":{"type":"Point","coordinates":[121.0824802,14.7069653]}},
{"type":"Feature","properties":{"osm_id":"12287650533","other_tags":"\"traffic_calming\"=>\"bump\""},"geometry":{"type":"Point","coordinates":[121.0772041,14.7078914]}},
{"type":"Feature","properties":{"osm_id":"12287865357","other_tags":"\"traffic_calming\"=>\"bump\""},"geometry":{"type":"Point","coordinates":[121.0692668,14.6886301]}},
{"type":"Feature","properties":{"osm_id":"12324430940","name":"7-Eleven","other_tags":"\"brand\"=>\"7-Eleven\",\"brand:wikidata\"=>\"Q259340\",\"shop\"=>\"convenience\""},"geometry":{"type":"Point","coordinates":[121.0793519,14.6967586]}},
{"type":"Feature","properties":{"osm_id":"12373471321","other_tags":"\"traffic_calming\"=>\"bump\""},"geometry":{"type":"Point","coordinates":[121.0795892,14.7007426]}},
{"type":"Feature","properties":{"osm_id":"12373471322","other_tags":"\"traffic_calming\"=>\"bump\""},"geometry":{"type":"Point","coordinates":[121.0794211,14.7014957]}},
{"type":"Feature","properties":{"osm_id":"12373471323","other_tags":"\"traffic_calming\"=>\"bump\""},"geometry":{"type":"Point","coordinates":[121.0795005,14.7016325]}},
{"type":"Feature","properties":{"osm_id":"12373471324","other_tags":"\"traffic_calming\"=>\"bump\""},"geometry":{"type":"Point","coordinates":[121.07935830000001,14.7016537]}},
{"type":"Feature","properties":{"osm_id":"12373503282","other_tags":"\"traffic_calming\"=>\"bump\""},"geometry":{"type":"Point","coordinates":[121.0789301,14.702669]}},
{"type":"Feature","properties":{"osm_id":"12373503283","other_tags":"\"traffic_calming\"=>\"bump\""},"geometry":{"type":"Point","coordinates":[121.0789302,14.7033474]}},
{"type":"Feature","properties":{"osm_id":"12373543952","other_tags":"\"traffic_calming\"=>\"bump\""},"geometry":{"type":"Point","coordinates":[121.0802867,14.7028184]}},
{"type":"Feature","properties":{"osm_id":"12373543953","other_tags":"\"traffic_calming\"=>\"bump\""},"geometry":{"type":"Point","coordinates":[121.0812901,14.7032869]}},
{"type":"Feature","properties":{"osm_id":"12373543954","other_tags":"\"traffic_calming\"=>\"bump\""},"geometry":{"type":"Point","coordinates":[121.0789409,14.7039065]}},
{"type":"Feature","properties":{"osm_id":"12373543955","other_tags":"\"traffic_calming\"=>\"bump\""},"geometry":{"type":"Point","coordinates":[121.078871600000014,14.7038187]}},
{"type":"Feature","properties":{"osm_id":"12373580438","other_tags":"\"traffic_calming\"=>\"bump\""},"geometry":{"type":"Point","coordinates":[121.08175270000001,14.7039399]}},
{"type":"Feature","properties":{"osm_id":"12373580439","other_tags":"\"traffic_calming\"=>\"bump\""},"geometry":{"type":"Point","coordinates":[121.0815817,14.7039682]}},
{"type":"Feature","properties":{"osm_id":"12373706402","other_tags":"\"traffic_calming\"=>\"bump\""},"geometry":{"type":"Point","coordinates":[121.0784151,14.7022309]}},
{"type":"Feature","properties":{"osm_id":"12375942798","other_tags":"\"traffic_calming\"=>\"bump\""},"geometry":{"type":"Point","coordinates":[121.074682900000013,14.7061974]}},
{"type":"Feature","properties":{"osm_id":"12375942799","other_tags":"\"traffic_calming\"=>\"bump\""},"geometry":{"type":"Point","coordinates":[121.075500100000014,14.7059377]}},
{"type":"Feature","properties":{"osm_id":"12375942800","other_tags":"\"traffic_calming\"=>\"bump\""},"geometry":{"type":"Point","coordinates":[121.0750627,14.7059256]}},
{"type":"Feature","properties":{"osm_id":"12378431550","other_tags":"\"traffic_calming\"=>\"bump\""},"geometry":{"type":"Point","coordinates":[121.078739700000014,14.7013474]}},
{"type":"Feature","properties":{"osm_id":"12378431551","other_tags":"\"traffic_calming\"=>\"bump\""},"geometry":{"type":"Point","coordinates":[121.078906300000014,14.7014096]}},
{"type":"Feature","properties":{"osm_id":"12378431552","other_tags":"\"traffic_calming\"=>\"bump\""},"geometry":{"type":"Point","coordinates":[121.0788528,14.7012941]}},
{"type":"Feature","properties":{"osm_id":"12378633749","other_tags":"\"traffic_calming\"=>\"bump\""},"geometry":{"type":"Point","coordinates":[121.0764596,14.6900964]}},
{"type":"Feature","properties":{"osm_id":"12378633993","other_tags":"\"traffic_calming\"=>\"bump\""},"geometry":{"type":"Point","coordinates":[121.0771097,14.6896501]}},
{"type":"Feature","properties":{"osm_id":"12378633994","other_tags":"\"traffic_calming\"=>\"bump\""},"geometry":{"type":"Point","coordinates":[121.0771206,14.6895766]}},
{"type":"Feature","properties":{"osm_id":"12378633995","other_tags":"\"traffic_calming\"=>\"bump\""},"geometry":{"type":"Point","coordinates":[121.0770429,14.689576]}},
{"type":"Feature","properties":{"osm_id":"12378851727","other_tags":"\"traffic_calming\"=>\"bump\""},"geometry":{"type":"Point","coordinates":[121.072833100000011,14.688121]}},
{"type":"Feature","properties":{"osm_id":"12378851732","other_tags":"\"traffic_calming\"=>\"bump\""},"geometry":{"type":"Point","coordinates":[121.0728328,14.6880107]}},
{"type":"Feature","properties":{"osm_id":"12378905267","other_tags":"\"traffic_calming\"=>\"bump\""},"geometry":{"type":"Point","coordinates":[121.0776615,14.6870415]}},
{"type":"Feature","properties":{"osm_id":"12382186694","other_tags":"\"traffic_calming\"=>\"bump\""},"geometry":{"type":"Point","coordinates":[121.0891784,14.6913695]}},
{"type":"Feature","properties":{"osm_id":"12382334755","other_tags":"\"traffic_calming\"=>\"bump\""},"geometry":{"type":"Point","coordinates":[121.084049600000014,14.695575]}},
{"type":"Feature","properties":{"osm_id":"12382334756","other_tags":"\"traffic_calming\"=>\"bump\""},"geometry":{"type":"Point","coordinates":[121.0840776,14.6956478]}},
{"type":"Feature","properties":{"osm_id":"12383843990","other_tags":"\"traffic_calming\"=>\"bump\""},"geometry":{"type":"Point","coordinates":[121.0790062,14.7006051]}},
{"type":"Feature","properties":{"osm_id":"12384082569","other_tags":"\"traffic_calming\"=>\"bump\""},"geometry":{"type":"Point","coordinates":[121.071828900000014,14.7033539]}},
{"type":"Feature","properties":{"osm_id":"12384082570","other_tags":"\"traffic_calming\"=>\"bump\""},"geometry":{"type":"Point","coordinates":[121.0721014,14.7031812]}},
{"type":"Feature","properties":{"osm_id":"12384082571","other_tags":"\"traffic_calming\"=>\"bump\""},"geometry":{"type":"Point","coordinates":[121.072226,14.7032818]}},
{"type":"Feature","properties":{"osm_id":"12384123807","other_tags":"\"traffic_calming\"=>\"bump\""},"geometry":{"type":"Point","coordinates":[121.0721115,14.7027525]}},
{"type":"Feature","properties":{"osm_id":"12384127783","other_tags":"\"traffic_calming\"=>\"bump\""},"geometry":{"type":"Point","coordinates":[121.072105900000011,14.7029883]}},
{"type":"Feature","properties":{"osm_id":"12384346874","other_tags":"\"traffic_calming\"=>\"bump\""},"geometry":{"type":"Point","coordinates":[121.0769698,14.7076613]}},
{"type":"Feature","properties":{"osm_id":"12384346876","other_tags":"\"traffic_calming\"=>\"bump\""},"geometry":{"type":"Point","coordinates":[121.0767492,14.7074447]}},
{"type":"Feature","properties":{"osm_id":"12393282839","other_tags":"\"traffic_calming\"=>\"bump\""},"geometry":{"type":"Point","coordinates":[121.069056300000014,14.697515]}},
{"type":"Feature","properties":{"osm_id":"12393392326","other_tags":"\"traffic_calming\"=>\"bump\""},"geometry":{"type":"Point","coordinates":[121.074108700000011,14.6995767]}},
{"type":"Feature","properties":{"osm_id":"12393414377","other_tags":"\"traffic_calming\"=>\"bump\""},"geometry":{"type":"Point","coordinates":[121.070734,14.6975403]}},
{"type":"Feature","properties":{"osm_id":"12393414378","other_tags":"\"traffic_calming\"=>\"bump\""},"geometry":{"type":"Point","coordinates":[121.0702385,14.6973678]}},
{"type":"Feature","properties":{"osm_id":"12393471937","other_tags":"\"traffic_calming\"=>\"hump\""},"geometry":{"type":"Point","coordinates":[121.078915400000014,14.6994378]}},
{"type":"Feature","properties":{"osm_id":"12393471938","other_tags":"\"traffic_calming\"=>\"bump\""},"geometry":{"type":"Point","coordinates":[121.0788464,14.6994226]}},
{"type":"Feature","properties":{"osm_id":"12393471939","other_tags":"\"traffic_calming\"=>\"bump\""},"geometry":{"type":"Point","coordinates":[121.0788729,14.6994978]}},
{"type":"Feature","properties":{"osm_id":"12393471940","other_tags":"\"traffic_calming\"=>\"bump\""},"geometry":{"type":"Point","coordinates":[121.0788179,14.6994702]}},
{"type":"Feature","properties":{"osm_id":"12395738570","other_tags":"\"traffic_calming\"=>\"bump\""},"geometry":{"type":"Point","coordinates":[121.0763679,14.7002831]}},
{"type":"Feature","properties":{"osm_id":"12395738571","other_tags":"\"traffic_calming\"=>\"bump\""},"geometry":{"type":"Point","coordinates":[121.0765109,14.7003096]}},
{"type":"Feature","properties":{"osm_id":"12395738572","other_tags":"\"traffic_calming\"=>\"bump\""},"geometry":{"type":"Point","coordinates":[121.076315900000012,14.7003869]}},
{"type":"Feature","properties":{"osm_id":"12397257164","other_tags":"\"traffic_calming\"=>\"bump\""},"geometry":{"type":"Point","coordinates":[121.087448400000014,14.7046089]}},
{"type":"Feature","properties":{"osm_id":"12399647211","other_tags":"\"traffic_calming\"=>\"bump\""},"geometry":{"type":"Point","coordinates":[121.078288300000011,14.7059046]}},
{"type":"Feature","properties":{"osm_id":"12399986337","other_tags":"\"traffic_calming\"=>\"bump\""},"geometry":{"type":"Point","coordinates":[121.072836200000012,14.6888601]}},
{"type":"Feature","properties":{"osm_id":"12399986338","other_tags":"\"traffic_calming\"=>\"bump\""},"geometry":{"type":"Point","coordinates":[121.072835700000013,14.6887553]}},
{"type":"Feature","properties":{"osm_id":"12400105023","other_tags":"\"traffic_calming\"=>\"bump\""},"geometry":{"type":"Point","coordinates":[121.072836900000013,14.6890239]}},
{"type":"Feature","properties":{"osm_id":"12400243085","other_tags":"\"traffic_calming\"=>\"bump\""},"geometry":{"type":"Point","coordinates":[121.0727135,14.7032817]}},
{"type":"Feature","properties":{"osm_id":"12400276943","other_tags":"\"traffic_calming\"=>\"bump\""},"geometry":{"type":"Point","coordinates":[121.07339180000001,14.7032824]}},
{"type":"Feature","properties":{"osm_id":"12406446553","other_tags":"\"traffic_calming\"=>\"bump\""},"geometry":{"type":"Point","coordinates":[121.07323310000001,14.6996424]}},
{"type":"Feature","properties":{"osm_id":"12408844507","other_tags":"\"traffic_calming\"=>\"bump\""},"geometry":{"type":"Point","coordinates":[121.0814215,14.7057706]}},
{"type":"Feature","properties":{"osm_id":"12408844508","other_tags":"\"traffic_calming\"=>\"hump\""},"geometry":{"type":"Point","coordinates":[121.0813063,14.7058545]}},
{"type":"Feature","properties":{"osm_id":"12408952063","other_tags":"\"traffic_calming\"=>\"bump\""},"geometry":{"type":"Point","coordinates":[121.0876812,14.7051883]}},
{"type":"Feature","properties":{"osm_id":"12408952064","other_tags":"\"traffic_calming\"=>\"bump\""},"geometry":{"type":"Point","coordinates":[121.0873487,14.704359]}},
{"type":"Feature","properties":{"osm_id":"12408952065","other_tags":"\"traffic_calming\"=>\"bump\""},"geometry":{"type":"Point","coordinates":[121.0872719,14.7041666]}},
{"type":"Feature","properties":{"osm_id":"12408952066","other_tags":"\"traffic_calming\"=>\"bump\""},"geometry":{"type":"Point","coordinates":[121.087127900000013,14.7037939]}},
{"type":"Feature","properties":{"osm_id":"12409075171","other_tags":"\"traffic_calming\"=>\"bump\""},"geometry":{"type":"Point","coordinates":[121.0787995,14.6881966]}},
{"type":"Feature","properties":{"osm_id":"12409075172","other_tags":"\"traffic_calming\"=>\"bump\""},"geometry":{"type":"Point","coordinates":[121.078365600000012,14.6877357]}},
{"type":"Feature","properties":{"osm_id":"12409136229","other_tags":"\"traffic_calming\"=>\"bump\""},"geometry":{"type":"Point","coordinates":[121.0741662,14.7080576]}},
{"type":"Feature","properties":{"osm_id":"12409136230","other_tags":"\"traffic_calming\"=>\"bump\""},"geometry":{"type":"Point","coordinates":[121.0740891,14.7083583]}},
{"type":"Feature","properties":{"osm_id":"12409323346","other_tags":"\"traffic_calming\"=>\"bump\""},"geometry":{"type":"Point","coordinates":[121.0908914,14.6907635]}},
{"type":"Feature","properties":{"osm_id":"12411605949","other_tags":"\"traffic_calming\"=>\"bump\""},"geometry":{"type":"Point","coordinates":[121.0771203,14.7000735]}},
{"type":"Feature","properties":{"osm_id":"12411752529","other_tags":"\"traffic_calming\"=>\"bump\""},"geometry":{"type":"Point","coordinates":[121.08041750000001,14.7003137]}},
{"type":"Feature","properties":{"osm_id":"12411752530","other_tags":"\"traffic_calming\"=>\"hump\""},"geometry":{"type":"Point","coordinates":[121.0802002,14.6996885]}},
{"type":"Feature","properties":{"osm_id":"12411806802","other_tags":"\"traffic_calming\"=>\"bump\""},"geometry":{"type":"Point","coordinates":[121.079783100000014,14.6991402]}},
{"type":"Feature","properties":{"osm_id":"12411806803","other_tags":"\"traffic_calming\"=>\"bump\""},"geometry":{"type":"Point","coordinates":[121.0799535,14.6989982]}},
{"type":"Feature","properties":{"osm_id":"12411806804","other_tags":"\"traffic_calming\"=>\"bump\""},"geometry":{"type":"Point","coordinates":[121.0800722,14.6990438]}},
{"type":"Feature","properties":{"osm_id":"12411806805","other_tags":"\"traffic_calming\"=>\"bump\""},"geometry":{"type":"Point","coordinates":[121.0800197,14.6991824]}},
{"type":"Feature","properties":{"osm_id":"12411837569","other_tags":"\"traffic_calming\"=>\"hump\""},"geometry":{"type":"Point","coordinates":[121.078379,14.7058662]}},
{"type":"Feature","properties":{"osm_id":"12411884674","other_tags":"\"traffic_calming\"=>\"bump\""},"geometry":{"type":"Point","coordinates":[121.0890195,14.689762]}},
{"type":"Feature","properties":{"osm_id":"12412044833","other_tags":"\"traffic_calming\"=>\"bump\""},"geometry":{"type":"Point","coordinates":[121.0926603,14.6891402]}},
{"type":"Feature","properties":{"osm_id":"12412661960","other_tags":"\"traffic_calming\"=>\"bump\""},"geometry":{"type":"Point","coordinates":[121.0867567,14.705451]}},
{"type":"Feature","properties":{"osm_id":"12415219866","other_tags":"\"traffic_calming\"=>\"bump\""},"geometry":{"type":"Point","coordinates":[121.07687940000001,14.6991723]}},
{"type":"Feature","properties":{"osm_id":"12415255110","other_tags":"\"traffic_calming\"=>\"bump\""},"geometry":{"type":"Point","coordinates":[121.0782243,14.6996604]}},
{"type":"Feature","properties":{"osm_id":"12415255111","other_tags":"\"traffic_calming\"=>\"bump\""},"geometry":{"type":"Point","coordinates":[121.0782614,14.6995615]}},
{"type":"Feature","properties":{"osm_id":"12415265629","other_tags":"\"traffic_calming\"=>\"bump\""},"geometry":{"type":"Point","coordinates":[121.077668800000012,14.6998611]}},
{"type":"Feature","properties":{"osm_id":"12415265630","other_tags":"\"traffic_calming\"=>\"bump\""},"geometry":{"type":"Point","coordinates":[121.077697,14.6997917]}},
{"type":"Feature","properties":{"osm_id":"12415293381","other_tags":"\"traffic_calming\"=>\"hump\""},"geometry":{"type":"Point","coordinates":[121.074984,14.7037339]}},
{"type":"Feature","properties":{"osm_id":"12415678841","other_tags":"\"traffic_calming\"=>\"bump\""},"geometry":{"type":"Point","coordinates":[121.0692717,14.6870958]}},
{"type":"Feature","properties":{"osm_id":"12416148293","other_tags":"\"traffic_calming\"=>\"bump\""},"geometry":{"type":"Point","coordinates":[121.079582,14.7102307]}},
{"type":"Feature","properties":{"osm_id":"12418972568","other_tags":"\"traffic_calming\"=>\"hump\""},"geometry":{"type":"Point","coordinates":[121.076282100000014,14.6998664]}},
{"type":"Feature","properties":{"osm_id":"12419017535","other_tags":"\"traffic_calming\"=>\"hump\""},"geometry":{"type":"Point","coordinates":[121.0770082,14.699519]}},
{"type":"Feature","properties":{"osm_id":"12419791370","other_tags":"\"traffic_calming\"=>\"bump\""},"geometry":{"type":"Point","coordinates":[121.078280400000011,14.7038214]}},
{"type":"Feature","properties":{"osm_id":"12419791371","other_tags":"\"traffic_calming\"=>\"bump\""},"geometry":{"type":"Point","coordinates":[121.07835750000001,14.7039096]}},
{"type":"Feature","properties":{"osm_id":"12419791372","other_tags":"\"traffic_calming\"=>\"bump\""},"geometry":{"type":"Point","coordinates":[121.0781859,14.7039096]}},
{"type":"Feature","properties":{"osm_id":"12420206157","other_tags":"\"traffic_calming\"=>\"hump\""},"geometry":{"type":"Point","coordinates":[121.0782436,14.7041184]}},
{"type":"Feature","properties":{"osm_id":"12420206158","other_tags":"\"traffic_calming\"=>\"hump\""},"geometry":{"type":"Point","coordinates":[121.07831560000001,14.7041184]}},
{"type":"Feature","properties":{"osm_id":"12420206159","other_tags":"\"traffic_calming\"=>\"hump\""},"geometry":{"type":"Point","coordinates":[121.0783161,14.7040826]}},
{"type":"Feature","properties":{"osm_id":"12420206160","other_tags":"\"traffic_calming\"=>\"hump\""},"geometry":{"type":"Point","coordinates":[121.0782441,14.7040818]}},
{"type":"Feature","properties":{"osm_id":"12430389128","other_tags":"\"traffic_calming\"=>\"bump\""},"geometry":{"type":"Point","coordinates":[121.0841316,14.7056636]}},
{"type":"Feature","properties":{"osm_id":"12430390044","other_tags":"\"traffic_calming\"=>\"bump\""},"geometry":{"type":"Point","coordinates":[121.0844445,14.705562]}},
{"type":"Feature","properties":{"osm_id":"12430442304","other_tags":"\"traffic_calming\"=>\"bump\""},"geometry":{"type":"Point","coordinates":[121.0789534,14.7059487]}},
{"type":"Feature","properties":{"osm_id":"12430615665","other_tags":"\"traffic_calming\"=>\"bump\""},"geometry":{"type":"Point","coordinates":[121.077978,14.7058673]}},
{"type":"Feature","properties":{"osm_id":"12430681723","other_tags":"\"traffic_calming\"=>\"bump\""},"geometry":{"type":"Point","coordinates":[121.078521200000012,14.7091854]}},
{"type":"Feature","properties":{"osm_id":"12430681724","other_tags":"\"traffic_calming\"=>\"bump\""},"geometry":{"type":"Point","coordinates":[121.078484800000012,14.709149]}},
{"type":"Feature","properties":{"osm_id":"12430724431","other_tags":"\"traffic_calming\"=>\"bump\""},"geometry":{"type":"Point","coordinates":[121.0773316,14.7058734]}},
{"type":"Feature","properties":{"osm_id":"12430826491","other_tags":"\"traffic_calming\"=>\"bump\""},"geometry":{"type":"Point","coordinates":[121.0749457,14.6974187]}},
{"type":"Feature","properties":{"osm_id":"12430826492","other_tags":"\"traffic_calming\"=>\"bump\""},"geometry":{"type":"Point","coordinates":[121.0749263,14.6987327]}},
{"type":"Feature","properties":{"osm_id":"12430838810","other_tags":"\"traffic_calming\"=>\"bump\""},"geometry":{"type":"Point","coordinates":[121.0751424,14.6993285]}},
{"type":"Feature","properties":{"osm_id":"12430950723","other_tags":"\"traffic_calming\"=>\"hump\""},"geometry":{"type":"Point","coordinates":[121.0801392,14.7058657]}},
{"type":"Feature","properties":{"osm_id":"12432915458","other_tags":"\"traffic_calming\"=>\"bump\""},"geometry":{"type":"Point","coordinates":[121.073977,14.7087956]}},
{"type":"Feature","properties":{"osm_id":"12432955413","other_tags":"\"direction\"=>\"forward\",\"traffic_calming\"=>\"bump\""},"geometry":{"type":"Point","coordinates":[121.0890332,14.6904191]}},
{"type":"Feature","properties":{"osm_id":"12433090655","other_tags":"\"traffic_calming\"=>\"bump\""},"geometry":{"type":"Point","coordinates":[121.0762497,14.6999999]}},
{"type":"Feature","properties":{"osm_id":"12433090656","other_tags":"\"traffic_calming\"=>\"bump\""},"geometry":{"type":"Point","coordinates":[121.076106200000012,14.6999352]}},
{"type":"Feature","properties":{"osm_id":"12433202913","other_tags":"\"traffic_calming\"=>\"bump\""},"geometry":{"type":"Point","coordinates":[121.0868025,14.7027283]}},
{"type":"Feature","properties":{"osm_id":"12433272947","other_tags":"\"traffic_calming\"=>\"bump\""},"geometry":{"type":"Point","coordinates":[121.087037200000012,14.7023691]}},
{"type":"Feature","properties":{"osm_id":"12433278773","other_tags":"\"traffic_calming\"=>\"bump\""},"geometry":{"type":"Point","coordinates":[121.086645100000013,14.7029534]}},
{"type":"Feature","properties":{"osm_id":"12706629752","barrier":"gate","other_tags":"\"access\"=>\"destination\""},"geometry":{"type":"Point","coordinates":[121.0764082,14.700386]}},
{"type":"Feature","properties":{"osm_id":"12798005623","name":"7-Eleven","other_tags":"\"brand\"=>\"7-Eleven\",\"brand:wikidata\"=>\"Q259340\",\"shop\"=>\"convenience\""},"geometry":{"type":"Point","coordinates":[121.079922200000013,14.7053473]}},
{"type":"Feature","properties":{"osm_id":"12798005624","name":"Why Chiken","other_tags":"\"amenity\"=>\"fast_food\",\"cuisine\"=>\"chicken\",\"drive_through\"=>\"no\",\"website\"=>\"https://www.facebook.com/whychickenmanila/\""},"geometry":{"type":"Point","coordinates":[121.0797462,14.7053489]}},
{"type":"Feature","properties":{"osm_id":"12798017087","name":"Puregold","other_tags":"\"addr:city\"=>\"Quezon City\",\"addr:province\"=>\"Metro Manila\",\"addr:street\"=>\"Commonwealth Avenue\",\"branch\"=>\"North Commonwealth\",\"brand\"=>\"Puregold\",\"brand:wikidata\"=>\"Q7261170\",\"shop\"=>\"supermarket\""},"geometry":{"type":"Point","coordinates":[121.080088600000011,14.7044219]}},
{"type":"Feature","properties":{"osm_id":"13076778625","name":"Litex","highway":"bus_stop","other_tags":"\"bus\"=>\"yes\",\"network\"=>\"LTFRB National Capital Region\",\"network:short\"=>\"LTFRB NCR\",\"network:wikidata\"=>\"Q6483998\",\"public_transport\"=>\"platform\""},"geometry":{"type":"Point","coordinates":[121.0864672,14.7021246]}},
{"type":"Feature","properties":{"osm_id":"13087220598","highway":"crossing","other_tags":"\"crossing\"=>\"uncontrolled\",\"crossing:markings\"=>\"zebra\",\"kerb\"=>\"yes\",\"tactile_paving\"=>\"no\",\"wheelchair\"=>\"yes\""},"geometry":{"type":"Point","coordinates":[121.0890942,14.7001539]}},
{"type":"Feature","properties":{"osm_id":"13087220599","highway":"crossing","other_tags":"\"crossing\"=>\"uncontrolled\",\"crossing:markings\"=>\"zebra\",\"kerb\"=>\"yes\",\"tactile_paving\"=>\"no\",\"wheelchair\"=>\"yes\""},"geometry":{"type":"Point","coordinates":[121.0890745,14.7002584]}},
{"type":"Feature","properties":{"osm_id":"13087238160","name":"Red Ribbon","other_tags":"\"brand\"=>\"Red Ribbon\",\"brand:wikidata\"=>\"Q7304789\",\"shop\"=>\"bakery\""},"geometry":{"type":"Point","coordinates":[121.0867274,14.7018107]}},
{"type":"Feature","properties":{"osm_id":"13120663958","barrier":"gate"},"geometry":{"type":"Point","coordinates":[121.0847147,14.6976207]}},
{"type":"Feature","properties":{"osm_id":"13127055477","barrier":"gate","other_tags":"\"access\"=>\"permissive\""},"geometry":{"type":"Point","coordinates":[121.08768760000001,14.6970941]}},
{"type":"Feature","properties":{"osm_id":"13137325907","barrier":"gate","other_tags":"\"access\"=>\"permissive\""},"geometry":{"type":"Point","coordinates":[121.073410200000012,14.7027382]}},
{"type":"Feature","properties":{"osm_id":"13137417376","barrier":"gate"},"geometry":{"type":"Point","coordinates":[121.0822588,14.7059695]}},
{"type":"Feature","properties":{"osm_id":"13137521932","barrier":"lift_gate","other_tags":"\"access\"=>\"private\""},"geometry":{"type":"Point","coordinates":[121.08404250000001,14.7045335]}},
{"type":"Feature","properties":{"osm_id":"13137521933","barrier":"gate","other_tags":"\"access\"=>\"private\""},"geometry":{"type":"Point","coordinates":[121.084019700000013,14.7045251]}},
{"type":"Feature","properties":{"osm_id":"13137542342","barrier":"gate","other_tags":"\"access\"=>\"private\""},"geometry":{"type":"Point","coordinates":[121.0774315,14.7005933]}},
{"type":"Feature","properties":{"osm_id":"13137607895","barrier":"gate"},"geometry":{"type":"Point","coordinates":[121.0701963,14.7057574]}},
{"type":"Feature","properties":{"osm_id":"13164942348","barrier":"gate","other_tags":"\"access\"=>\"permissive\""},"geometry":{"type":"Point","coordinates":[121.0790455,14.6960485]}},
{"type":"Feature","properties":{"osm_id":"13179466471","barrier":"gate","other_tags":"\"access\"=>\"private\""},"geometry":{"type":"Point","coordinates":[121.073484,14.7031767]}},
{"type":"Feature","properties":{"osm_id":"13179466472","barrier":"gate","other_tags":"\"access\"=>\"private\""},"geometry":{"type":"Point","coordinates":[121.072640400000012,14.703213]}},
{"type":"Feature","properties":{"osm_id":"13179466473","barrier":"gate","other_tags":"\"access\"=>\"private\""},"geometry":{"type":"Point","coordinates":[121.072101600000011,14.7031471]}},
{"type":"Feature","properties":{"osm_id":"13260869024","name":"Litex","highway":"bus_stop","other_tags":"\"bus\"=>\"yes\",\"network\"=>\"LTFRB National Capital Region\",\"network:short\"=>\"LTFRB NCR\",\"network:wikidata\"=>\"Q6483998\",\"public_transport\"=>\"platform\",\"share_taxi\"=>\"yes\""},"geometry":{"type":"Point","coordinates":[121.0862526,14.701275]}},
{"type":"Feature","properties":{"osm_id":"13293634326","name":"Doña Carmen","highway":"bus_stop","other_tags":"\"bus\"=>\"yes\",\"network\"=>\"LTFRB National Capital Region\",\"network:short\"=>\"LTFRB NCR\",\"network:wikidata\"=>\"Q6483998\",\"public_transport\"=>\"platform\",\"share_taxi\"=>\"yes\""},"geometry":{"type":"Point","coordinates":[121.078723700000012,14.7049901]}},
{"type":"Feature","properties":{"osm_id":"13502768457","name":"Petron Gasul","other_tags":"\"addr:city\"=>\"Quezon City\",\"addr:street\"=>\"Villongco Street\",\"brand\"=>\"Petron Gasul\",\"brand:wikidata\"=>\"Q7179011\",\"mapillary\"=>\"483056237910824\",\"shop\"=>\"gas\""},"geometry":{"type":"Point","coordinates":[121.0837092,14.6975478]}},
{"type":"Feature","properties":{"osm_id":"13502768458","name":"LJ's Grilled","other_tags":"\"addr:city\"=>\"Quezon City\",\"addr:street\"=>\"Villongco Street\",\"amenity\"=>\"fast_food\",\"cuisine\"=>\"barbecue;regional\",\"mapillary\"=>\"483056237910824\""},"geometry":{"type":"Point","coordinates":[121.0836194,14.697563]}},
{"type":"Feature","properties":{"osm_id":"13502768459","name":"Don Benito's","other_tags":"\"addr:city\"=>\"Quezon City\",\"addr:street\"=>\"Villongco Street\",\"brand\"=>\"Don Benito's\",\"brand:wikidata\"=>\"Q120755754\",\"mapillary\"=>\"483056237910824\",\"shop\"=>\"confectionery\""},"geometry":{"type":"Point","coordinates":[121.0836837,14.6975546]}},
{"type":"Feature","properties":{"osm_id":"13502768462","name":"Cocopan","other_tags":"\"addr:city\"=>\"Quezon City\",\"addr:street\"=>\"Villongco Street\",\"addr:unit\"=>\"A;B\",\"amenity\"=>\"cafe\""},"geometry":{"type":"Point","coordinates":[121.083794700000013,14.6976337]}},
{"type":"Feature","properties":{"osm_id":"13502768463","name":"Coffee Tate","other_tags":"\"addr:city\"=>\"Quezon City\",\"addr:housenumber\"=>\"174\",\"addr:street\"=>\"Villongco Street\",\"amenity\"=>\"cafe\",\"contact:facebook\"=>\"@Coffeetate2023\",\"opening_hours\"=>\"11:00-24:00\""},"geometry":{"type":"Point","coordinates":[121.0838329,14.697622]}},
{"type":"Feature","properties":{"osm_id":"13502768464","name":"MIQ Apparel","other_tags":"\"addr:city\"=>\"Quezon City\",\"addr:street\"=>\"Don Fabian Extension\",\"mapillary\"=>\"2197433663952257\",\"shop\"=>\"clothes\""},"geometry":{"type":"Point","coordinates":[121.0835785,14.6975267]}},
{"type":"Feature","properties":{"osm_id":"13502768465","name":"Spotless","other_tags":"\"addr:city\"=>\"Quezon City\",\"addr:street\"=>\"Don Fabian Extension\",\"mapillary\"=>\"366779316482431\",\"shop\"=>\"laundry\""},"geometry":{"type":"Point","coordinates":[121.0835148,14.6976648]}},
{"type":"Feature","properties":{"osm_id":"13502768466","name":"Southstar Drug","other_tags":"\"addr:city\"=>\"Quezon City\",\"addr:street\"=>\"Villongco Street\",\"amenity\"=>\"pharmacy\",\"brand\"=>\"Southstar Drug\",\"brand:wikidata\"=>\"Q7568544\",\"dispensing\"=>\"yes\",\"healthcare\"=>\"pharmacy\",\"mapillary\"=>\"1019561472816335\""},"geometry":{"type":"Point","coordinates":[121.083660900000012,14.6976746]}},
{"type":"Feature","properties":{"osm_id":"13502768467","name":"Wonderful Smile Dental Clinic","other_tags":"\"addr:city\"=>\"Quezon City\",\"addr:housenumber\"=>\"175\",\"addr:street\"=>\"Villongco Street\",\"amenity\"=>\"dentist\",\"contact:email\"=>\"wonderfulsmile.panganiban@gmail.com\",\"contact:facebook\"=>\"@wondersmiledentalclinic.panganiban\",\"contact:phone\"=>\"+639051203020\",\"contact:tiktok\"=>\"@wsdc.panganiban\",\"opening_hours\"=>\"10:00-17:00\""},"geometry":{"type":"Point","coordinates":[121.0837424,14.6976506]}},
{"type":"Feature","properties":{"osm_id":"13502768468","other_tags":"\"amenity\"=>\"atm\",\"brand\"=>\"7-Eleven\",\"cash_in\"=>\"no\",\"currency:PHP\"=>\"yes\",\"fee\"=>\"yes\",\"network\"=>\"BancNet\",\"network:wikidata\"=>\"Q4854033\",\"opening_hours\"=>\"24/7\",\"operator\"=>\"7-Eleven\""},"geometry":{"type":"Point","coordinates":[121.0836723,14.6980929]}},
{"type":"Feature","properties":{"osm_id":"13502768469","name":"7-Eleven","other_tags":"\"addr:street\"=>\"Don Fabian Extension\",\"atm\"=>\"separate\",\"brand\"=>\"7-Eleven\",\"brand:website\"=>\"https://7-eleven.com.ph\",\"brand:wikidata\"=>\"Q259340\",\"mapillary\"=>\"1202420401062633\",\"opening_hours\"=>\"24/7\",\"shop\"=>\"convenience\""},"geometry":{"type":"Point","coordinates":[121.0836677,14.6980773]}},
{"type":"Feature","properties":{"osm_id":"13565801501","name":"Coco honey electronics","other_tags":"\"addr:street\"=>\"Saint Paul Street\",\"shop\"=>\"electronics\""},"geometry":{"type":"Point","coordinates":[121.07192040000001,14.6945979]}},
{"type":"Feature","properties":{"osm_id":"13571995052","name":"Manggahan","other_tags":"\"network\"=>\"Manila MRT\",\"operator\"=>\"Korea Railroad Corporation\",\"public_transport\"=>\"station\",\"railway\"=>\"station\",\"station\"=>\"subway\",\"subway\"=>\"yes\""},"geometry":{"type":"Point","coordinates":[121.0873555,14.6975244]}},
{"type":"Feature","properties":{"osm_id":"13571995054","name":"Doña Carmen","other_tags":"\"network\"=>\"Manila MRT\",\"operator\"=>\"Korea Railroad Corporation\",\"public_transport\"=>\"station\",\"railway\"=>\"station\",\"station\"=>\"subway\",\"subway\"=>\"yes\""},"geometry":{"type":"Point","coordinates":[121.07842,14.705132]}},
{"type":"Feature","properties":{"osm_id":"13860307148","name":"Yakap Daycare Center","other_tags":"\"amenity\"=>\"childcare\""},"geometry":{"type":"Point","coordinates":[121.0906798,14.6907805]}},
{"type":"Feature","properties":{"osm_id":"13860307149","name":"TGP","other_tags":"\"amenity\"=>\"pharmacy\",\"brand\"=>\"The Generics Pharmacy\",\"brand:wikidata\"=>\"Q61948677\",\"dispensing\"=>\"yes\",\"healthcare\"=>\"pharmacy\",\"official_name\"=>\"The Generics Pharmacy\""},"geometry":{"type":"Point","coordinates":[121.0899827,14.6910385]}},
{"type":"Feature","properties":{"osm_id":"13860307150","name":"Dra. Gazzingan Clinic","other_tags":"\"amenity\"=>\"clinic\",\"healthcare\"=>\"clinic\",\"healthcare:speciality\"=>\"paediatrics\""},"geometry":{"type":"Point","coordinates":[121.0900004,14.691035]}},
{"type":"Feature","properties":{"osm_id":"13860307151","name":"Minute Burger","other_tags":"\"amenity\"=>\"fast_food\",\"brand\"=>\"Minute Burger\",\"brand:wikidata\"=>\"Q62273503\",\"cuisine\"=>\"burger\",\"takeaway\"=>\"yes\""},"geometry":{"type":"Point","coordinates":[121.088662700000015,14.6915925]}},
{"type":"Feature","properties":{"osm_id":"13860307152","name":"BigBrew","other_tags":"\"amenity\"=>\"cafe\""},"geometry":{"type":"Point","coordinates":[121.088693400000011,14.6915814]}},
{"type":"Feature","properties":{"osm_id":"13860307153","name":"Ramvill LPG Trading","other_tags":"\"shop\"=>\"gas\""},"geometry":{"type":"Point","coordinates":[121.0887223,14.6915715]}},
{"type":"Feature","properties":{"osm_id":"13860307154","name":"Don.C","other_tags":"\"amenity\"=>\"fast_food\",\"brand\"=>\"Don.C\",\"brand:wikidata\"=>\"Q120755724\",\"cuisine\"=>\"barbecue;filipino\",\"takeaway\"=>\"yes\""},"geometry":{"type":"Point","coordinates":[121.0886387,14.6916054]}},
{"type":"Feature","properties":{"osm_id":"13893679401","name":"Popsie Store","other_tags":"\"shop\"=>\"convenience\""},"geometry":{"type":"Point","coordinates":[121.079618900000014,14.6980875]}},
{"type":"Feature","properties":{"osm_id":"13893679501","name":"Ruth Dayag Store","other_tags":"\"shop\"=>\"convenience\""},"geometry":{"type":"Point","coordinates":[121.0786589,14.6977213]}},
{"type":"Feature","properties":{"osm_id":"13893679502","name":"Quezon City District 2 Public Library","other_tags":"\"amenity\"=>\"library\""},"geometry":{"type":"Point","coordinates":[121.0772821,14.6969563]}},
{"type":"Feature","properties":{"osm_id":"13893679503","name":"Saulong Gym","other_tags":"\"leisure\"=>\"fitness_centre\""},"geometry":{"type":"Point","coordinates":[121.0832033,14.6959254]}},
{"type":"Feature","properties":{"osm_id":"13973346806","name":"Commonwealth Barangay Hall","highway":"bus_stop","other_tags":"\"bench\"=>\"no\",\"bin\"=>\"no\",\"bus\"=>\"yes\",\"network\"=>\"LTFRB National Capital Region\",\"network:short\"=>\"LTFRB NCR\",\"network:wikidata\"=>\"Q6483998\",\"public_transport\"=>\"platform\",\"shelter\"=>\"no\",\"sign\"=>\"no\""},"geometry":{"type":"Point","coordinates":[121.0892917,14.7020043]}},
{"type":"Feature","properties":{"osm_id":"13973346808","name":"Commonwealth Barangay Hall","highway":"bus_stop","other_tags":"\"bench\"=>\"no\",\"bin\"=>\"no\",\"bus\"=>\"yes\",\"network\"=>\"LTFRB National Capital Region\",\"network:short\"=>\"LTFRB NCR\",\"network:wikidata\"=>\"Q6483998\",\"public_transport\"=>\"platform\",\"shelter\"=>\"no\",\"sign\"=>\"no\""},"geometry":{"type":"Point","coordinates":[121.089400200000014,14.7025573]}},
{"type":"Feature","properties":{"osm_id":"13973346827","name":"Kapatiran Street","highway":"bus_stop","other_tags":"\"bench\"=>\"no\",\"bin\"=>\"no\",\"bus\"=>\"yes\",\"network\"=>\"LTFRB National Capital Region\",\"network:short\"=>\"LTFRB NCR\",\"network:wikidata\"=>\"Q6483998\",\"public_transport\"=>\"platform\",\"shelter\"=>\"no\",\"sign\"=>\"no\""},"geometry":{"type":"Point","coordinates":[121.0881861,14.7057455]}},
{"type":"Feature","properties":{"osm_id":"13973346831","name":"Kapatiran Street","highway":"bus_stop","other_tags":"\"bench\"=>\"no\",\"bin\"=>\"no\",\"bus\"=>\"yes\",\"network\"=>\"LTFRB National Capital Region\",\"network:short\"=>\"LTFRB NCR\",\"network:wikidata\"=>\"Q6483998\",\"public_transport\"=>\"platform\",\"shelter\"=>\"no\",\"sign\"=>\"no\""},"geometry":{"type":"Point","coordinates":[121.0881028,14.7056527]}},
{"type":"Feature","properties":{"osm_id":"14122057585","other_tags":"\"shop\"=>\"convenience\""},"geometry":{"type":"Point","coordinates":[121.0744597,14.699594]}},
{"type":"Feature","properties":{"osm_id":"14122122056","other_tags":"\"shop\"=>\"convenience\""},"geometry":{"type":"Point","coordinates":[121.0752917,14.6995146]}},
{"type":"Feature","properties":{"osm_id":"14122126965","name":"Mercury Drug","other_tags":"\"shop\"=>\"chemist\""},"geometry":{"type":"Point","coordinates":[121.080511300000012,14.7052993]}},
{"type":"Feature","properties":{"osm_id":"14122130720","name":"BenFix","other_tags":"\"hairdresser\"=>\"barber\",\"shop\"=>\"hairdresser\""},"geometry":{"type":"Point","coordinates":[121.079598100000013,14.7053764]}},
{"type":"Feature","properties":{"osm_id":"14208303167","other_tags":"\"traffic_calming\"=>\"bump\""},"geometry":{"type":"Point","coordinates":[121.075434800000011,14.7001485]}},
{"type":"Feature","properties":{"osm_id":"14208303168","other_tags":"\"traffic_calming\"=>\"bump\""},"geometry":{"type":"Point","coordinates":[121.0755254,14.7001562]}},
{"type":"Feature","properties":{"osm_id":"14208303170","name":"Ideal Pavilion","other_tags":"\"amenity\"=>\"events_venue\",\"check_date\"=>\"2026-09-23\",\"internet_access\"=>\"no\",\"wheelchair\"=>\"yes\""},"geometry":{"type":"Point","coordinates":[121.07546210000001,14.6973517]}},
{"type":"Feature","properties":{"osm_id":"14213561123","other_tags":"\"access\"=>\"yes\",\"entrance\"=>\"main\",\"wheelchair\"=>\"yes\""},"geometry":{"type":"Point","coordinates":[121.077728400000012,14.7048979]}},
{"type":"Feature","properties":{"osm_id":"14213561124","other_tags":"\"access\"=>\"yes\",\"entrance\"=>\"main\",\"wheelchair\"=>\"yes\""},"geometry":{"type":"Point","coordinates":[121.0799319,14.7046072]}},
{"type":"Feature","properties":{"osm_id":"14213561125","other_tags":"\"leisure\"=>\"pitch\",\"sport\"=>\"basketball\""},"geometry":{"type":"Point","coordinates":[121.080412900000013,14.7007463]}},
{"type":"Feature","properties":{"osm_id":"14213561126","other_tags":"\"amenity\"=>\"taxi\",\"check_date\"=>\"2026-09-25\",\"taxi_vehicle\"=>\"auto_rickshaw\""},"geometry":{"type":"Point","coordinates":[121.075227700000013,14.6997714]}},
{"type":"Feature","properties":{"osm_id":"14253817905","ref":"N9 119T","other_tags":"\"design\"=>\"steel\",\"height\"=>\"32\",\"operator\"=>\"Meralco\",\"operator:wikidata\"=>\"Q6817918\",\"power\"=>\"pole\""},"geometry":{"type":"Point","coordinates":[121.0697118,14.6643613]}},
{"type":"Feature","properties":{"osm_id":"14254061126","other_tags":"\"operator\"=>\"Meralco\",\"operator:wikidata\"=>\"Q6817918\",\"power\"=>\"pole\""},"geometry":{"type":"Point","coordinates":[121.0715741,14.6656244]}},
{"type":"Feature","properties":{"osm_id":"14254061127","other_tags":"\"operator\"=>\"Meralco\",\"operator:wikidata\"=>\"Q6817918\",\"power\"=>\"pole\""},"geometry":{"type":"Point","coordinates":[121.0724085,14.6661358]}},
{"type":"Feature","properties":{"osm_id":"14254061128","other_tags":"\"operator\"=>\"Meralco\",\"operator:wikidata\"=>\"Q6817918\",\"power\"=>\"pole\""},"geometry":{"type":"Point","coordinates":[121.073031500000013,14.666562]}},
{"type":"Feature","properties":{"osm_id":"14254061129","other_tags":"\"operator\"=>\"Meralco\",\"operator:wikidata\"=>\"Q6817918\",\"power\"=>\"pole\""},"geometry":{"type":"Point","coordinates":[121.073523900000012,14.6668839]}},
{"type":"Feature","properties":{"osm_id":"14254061130","other_tags":"\"operator\"=>\"Meralco\",\"operator:wikidata\"=>\"Q6817918\",\"power\"=>\"pole\""},"geometry":{"type":"Point","coordinates":[121.0742122,14.6673221]}},
{"type":"Feature","properties":{"osm_id":"14254061131","other_tags":"\"operator\"=>\"Meralco\",\"operator:wikidata\"=>\"Q6817918\",\"power\"=>\"pole\""},"geometry":{"type":"Point","coordinates":[121.0748466,14.6677774]}},
{"type":"Feature","properties":{"osm_id":"14254061132","other_tags":"\"operator\"=>\"Meralco\",\"operator:wikidata\"=>\"Q6817918\",\"power\"=>\"pole\""},"geometry":{"type":"Point","coordinates":[121.075453,14.6682076]}},
{"type":"Feature","properties":{"osm_id":"14254061133","other_tags":"\"operator\"=>\"Meralco\",\"operator:wikidata\"=>\"Q6817918\",\"power\"=>\"pole\""},"geometry":{"type":"Point","coordinates":[121.076193100000012,14.6687751]}},
{"type":"Feature","properties":{"osm_id":"14254061134","other_tags":"\"operator\"=>\"Meralco\",\"operator:wikidata\"=>\"Q6817918\",\"power\"=>\"pole\""},"geometry":{"type":"Point","coordinates":[121.076620100000014,14.6691432]}},
{"type":"Feature","properties":{"osm_id":"14254061135","other_tags":"\"operator\"=>\"Meralco\",\"operator:wikidata\"=>\"Q6817918\",\"power\"=>\"pole\""},"geometry":{"type":"Point","coordinates":[121.0772338,14.6696927]}},
{"type":"Feature","properties":{"osm_id":"14254061136","other_tags":"\"operator\"=>\"Meralco\",\"operator:wikidata\"=>\"Q6817918\",\"power\"=>\"pole\""},"geometry":{"type":"Point","coordinates":[121.0778278,14.6701961]}},
{"type":"Feature","properties":{"osm_id":"14254061137","other_tags":"\"operator\"=>\"Meralco\",\"operator:wikidata\"=>\"Q6817918\",\"power\"=>\"pole\""},"geometry":{"type":"Point","coordinates":[121.07858130000001,14.6709141]}},
{"type":"Feature","properties":{"osm_id":"14254061138","other_tags":"\"operator\"=>\"Meralco\",\"operator:wikidata\"=>\"Q6817918\",\"power\"=>\"pole\""},"geometry":{"type":"Point","coordinates":[121.079247900000013,14.671622]}},
{"type":"Feature","properties":{"osm_id":"14254061139","other_tags":"\"operator\"=>\"Meralco\",\"operator:wikidata\"=>\"Q6817918\",\"power\"=>\"pole\""},"geometry":{"type":"Point","coordinates":[121.0797941,14.6722317]}},
{"type":"Feature","properties":{"osm_id":"14254061140","other_tags":"\"operator\"=>\"Meralco\",\"operator:wikidata\"=>\"Q6817918\",\"power\"=>\"pole\""},"geometry":{"type":"Point","coordinates":[121.0800502,14.6725456]}},
{"type":"Feature","properties":{"osm_id":"14254061141","other_tags":"\"operator\"=>\"Meralco\",\"operator:wikidata\"=>\"Q6817918\",\"power\"=>\"pole\""},"geometry":{"type":"Point","coordinates":[121.080625500000011,14.6732345]}},
{"type":"Feature","properties":{"osm_id":"14254061142","other_tags":"\"operator\"=>\"Meralco\",\"operator:wikidata\"=>\"Q6817918\",\"power\"=>\"pole\""},"geometry":{"type":"Point","coordinates":[121.0811033,14.6738702]}},
{"type":"Feature","properties":{"osm_id":"14254061143","other_tags":"\"operator\"=>\"Meralco\",\"operator:wikidata\"=>\"Q6817918\",\"power\"=>\"pole\""},"geometry":{"type":"Point","coordinates":[121.0813791,14.6742583]}},
{"type":"Feature","properties":{"osm_id":"14254061144","other_tags":"\"operator\"=>\"Meralco\",\"operator:wikidata\"=>\"Q6817918\",\"power\"=>\"pole\""},"geometry":{"type":"Point","coordinates":[121.081888,14.6749582]}},
{"type":"Feature","properties":{"osm_id":"14254061145","other_tags":"\"operator\"=>\"Meralco\",\"operator:wikidata\"=>\"Q6817918\",\"power\"=>\"pole\""},"geometry":{"type":"Point","coordinates":[121.0823296,14.6756943]}},
{"type":"Feature","properties":{"osm_id":"14254061146","other_tags":"\"operator\"=>\"Meralco\",\"operator:wikidata\"=>\"Q6817918\",\"power\"=>\"pole\""},"geometry":{"type":"Point","coordinates":[121.082639500000013,14.6761796]}},
{"type":"Feature","properties":{"osm_id":"14254061147","other_tags":"\"operator\"=>\"Meralco\",\"operator:wikidata\"=>\"Q6817918\",\"power\"=>\"pole\""},"geometry":{"type":"Point","coordinates":[121.0830811,14.6769046]}},
{"type":"Feature","properties":{"osm_id":"14254061148","other_tags":"\"operator\"=>\"Meralco\",\"operator:wikidata\"=>\"Q6817918\",\"power\"=>\"pole\""},"geometry":{"type":"Point","coordinates":[121.0834118,14.6774932]}},
{"type":"Feature","properties":{"osm_id":"14254061149","other_tags":"\"operator\"=>\"Meralco\",\"operator:wikidata\"=>\"Q6817918\",\"power\"=>\"pole\""},"geometry":{"type":"Point","coordinates":[121.0837663,14.6782352]}},
{"type":"Feature","properties":{"osm_id":"14254061150","other_tags":"\"operator\"=>\"Meralco\",\"operator:wikidata\"=>\"Q6817918\",\"power\"=>\"pole\""},"geometry":{"type":"Point","coordinates":[121.0841374,14.6791006]}},
{"type":"Feature","properties":{"osm_id":"14254061151","other_tags":"\"operator\"=>\"Meralco\",\"operator:wikidata\"=>\"Q6817918\",\"power\"=>\"pole\""},"geometry":{"type":"Point","coordinates":[121.084354,14.6795709]}},
{"type":"Feature","properties":{"osm_id":"14254061152","other_tags":"\"operator\"=>\"Meralco\",\"operator:wikidata\"=>\"Q6817918\",\"power\"=>\"pole\""},"geometry":{"type":"Point","coordinates":[121.0845562,14.6800241]}},
{"type":"Feature","properties":{"osm_id":"14254061153","other_tags":"\"operator\"=>\"Meralco\",\"operator:wikidata\"=>\"Q6817918\",\"power\"=>\"pole\""},"geometry":{"type":"Point","coordinates":[121.0848744,14.6807982]}},
{"type":"Feature","properties":{"osm_id":"14254061154","other_tags":"\"operator\"=>\"Meralco\",\"operator:wikidata\"=>\"Q6817918\",\"power\"=>\"pole\""},"geometry":{"type":"Point","coordinates":[121.0852071,14.6815683]}},
{"type":"Feature","properties":{"osm_id":"14254061155","other_tags":"\"operator\"=>\"Meralco\",\"operator:wikidata\"=>\"Q6817918\",\"power\"=>\"pole\""},"geometry":{"type":"Point","coordinates":[121.0855554,14.6823515]}},
{"type":"Feature","properties":{"osm_id":"14254061156","other_tags":"\"operator\"=>\"Meralco\",\"operator:wikidata\"=>\"Q6817918\",\"power\"=>\"pole\""},"geometry":{"type":"Point","coordinates":[121.0858591,14.6830413]}},
{"type":"Feature","properties":{"osm_id":"14254061157","other_tags":"\"operator\"=>\"Meralco\",\"operator:wikidata\"=>\"Q6817918\",\"power\"=>\"pole\""},"geometry":{"type":"Point","coordinates":[121.0862074,14.6838255]}},
{"type":"Feature","properties":{"osm_id":"14254061158","other_tags":"\"operator\"=>\"Meralco\",\"operator:wikidata\"=>\"Q6817918\",\"power\"=>\"pole\""},"geometry":{"type":"Point","coordinates":[121.086398100000011,14.6843409]}},
{"type":"Feature","properties":{"osm_id":"14254061159","other_tags":"\"operator\"=>\"Meralco\",\"operator:wikidata\"=>\"Q6817918\",\"power\"=>\"pole\""},"geometry":{"type":"Point","coordinates":[121.086767200000011,14.6851591]}},
{"type":"Feature","properties":{"osm_id":"14254061160","other_tags":"\"operator\"=>\"Meralco\",\"operator:wikidata\"=>\"Q6817918\",\"power\"=>\"pole\""},"geometry":{"type":"Point","coordinates":[121.08708750000001,14.68588]}},
{"type":"Feature","properties":{"osm_id":"14254061161","other_tags":"\"operator\"=>\"Meralco\",\"operator:wikidata\"=>\"Q6817918\",\"power\"=>\"pole\""},"geometry":{"type":"Point","coordinates":[121.087414,14.6867193]}},
{"type":"Feature","properties":{"osm_id":"14254061162","other_tags":"\"operator\"=>\"Meralco\",\"operator:wikidata\"=>\"Q6817918\",\"power\"=>\"pole\""},"geometry":{"type":"Point","coordinates":[121.0874098,14.6873199]}},
{"type":"Feature","properties":{"osm_id":"14254061163","other_tags":"\"operator\"=>\"Meralco\",\"operator:wikidata\"=>\"Q6817918\",\"power\"=>\"pole\""},"geometry":{"type":"Point","coordinates":[121.0875446,14.6882043]}},
{"type":"Feature","properties":{"osm_id":"14254061164","other_tags":"\"operator\"=>\"Meralco\",\"operator:wikidata\"=>\"Q6817918\",\"power\"=>\"pole\""},"geometry":{"type":"Point","coordinates":[121.0875912,14.6890887]}},
{"type":"Feature","properties":{"osm_id":"14254061165","other_tags":"\"operator\"=>\"Meralco\",\"operator:wikidata\"=>\"Q6817918\",\"power\"=>\"pole\""},"geometry":{"type":"Point","coordinates":[121.0876006,14.6899791]}},
{"type":"Feature","properties":{"osm_id":"14254061166","other_tags":"\"operator\"=>\"Meralco\",\"operator:wikidata\"=>\"Q6817918\",\"power\"=>\"pole\""},"geometry":{"type":"Point","coordinates":[121.0876037,14.691082]}},
{"type":"Feature","properties":{"osm_id":"14254061167","other_tags":"\"operator\"=>\"Meralco\",\"operator:wikidata\"=>\"Q6817918\",\"power\"=>\"pole\""},"geometry":{"type":"Point","coordinates":[121.087654500000014,14.6919303]}},
{"type":"Feature","properties":{"osm_id":"14254061168","other_tags":"\"operator\"=>\"Meralco\",\"operator:wikidata\"=>\"Q6817918\",\"power\"=>\"pole\""},"geometry":{"type":"Point","coordinates":[121.08765240000001,14.6927786]}},
{"type":"Feature","properties":{"osm_id":"14254061169","other_tags":"\"operator\"=>\"Meralco\",\"operator:wikidata\"=>\"Q6817918\",\"power\"=>\"pole\""},"geometry":{"type":"Point","coordinates":[121.0876348,14.693677]}},
{"type":"Feature","properties":{"osm_id":"14254061170","other_tags":"\"operator\"=>\"Meralco\",\"operator:wikidata\"=>\"Q6817918\",\"power\"=>\"pole\""},"geometry":{"type":"Point","coordinates":[121.087630600000011,14.6945673]}},
{"type":"Feature","properties":{"osm_id":"14254061171","other_tags":"\"operator\"=>\"Meralco\",\"operator:wikidata\"=>\"Q6817918\",\"power\"=>\"pole\""},"geometry":{"type":"Point","coordinates":[121.087648300000012,14.6951038]}},
{"type":"Feature","properties":{"osm_id":"14254061172","other_tags":"\"operator\"=>\"Meralco\",\"operator:wikidata\"=>\"Q6817918\",\"power\"=>\"pole\""},"geometry":{"type":"Point","coordinates":[121.087667900000014,14.6960031]}},
{"type":"Feature","properties":{"osm_id":"14254061173","other_tags":"\"operator\"=>\"Meralco\",\"operator:wikidata\"=>\"Q6817918\",\"power\"=>\"pole\""},"geometry":{"type":"Point","coordinates":[121.087669,14.6968434]}},
{"type":"Feature","properties":{"osm_id":"14254061174","other_tags":"\"operator\"=>\"Meralco\",\"operator:wikidata\"=>\"Q6817918\",\"power\"=>\"pole\""},"geometry":{"type":"Point","coordinates":[121.0876628,14.6973738]}},
{"type":"Feature","properties":{"osm_id":"14254061175","other_tags":"\"operator\"=>\"Meralco\",\"operator:wikidata\"=>\"Q6817918\",\"power\"=>\"pole\""},"geometry":{"type":"Point","coordinates":[121.0876638,14.6979443]}},
{"type":"Feature","properties":{"osm_id":"14254061176","other_tags":"\"operator\"=>\"Meralco\",\"operator:wikidata\"=>\"Q6817918\",\"power\"=>\"pole\""},"geometry":{"type":"Point","coordinates":[121.0876369,14.6988667]}},
{"type":"Feature","properties":{"osm_id":"14254061177","ref":"Q10 0038T","other_tags":"\"height\"=>\"32\",\"material\"=>\"steel\",\"operator\"=>\"Meralco\",\"operator:wikidata\"=>\"Q6817918\",\"power\"=>\"pole\""},"geometry":{"type":"Point","coordinates":[121.0894312,14.702388]}},
{"type":"Feature","properties":{"osm_id":"14254061178","ref":"Q10 0040T","other_tags":"\"height\"=>\"32\",\"material\"=>\"steel\",\"operator\"=>\"Meralco\",\"operator:wikidata\"=>\"Q6817918\",\"power\"=>\"pole\""},"geometry":{"type":"Point","coordinates":[121.088781200000014,14.7036694]}},
{"type":"Feature","properties":{"osm_id":"14254061179","ref":"Q10 0046T","other_tags":"\"height\"=>\"27.5\",\"material\"=>\"steel\",\"operator\"=>\"Meralco\",\"operator:wikidata\"=>\"Q6817918\",\"power\"=>\"pole\""},"geometry":{"type":"Point","coordinates":[121.0902106,14.7079924]}},
{"type":"Feature","properties":{"osm_id":"14254061180","other_tags":"\"operator\"=>\"Meralco\",\"operator:wikidata\"=>\"Q6817918\",\"power\"=>\"pole\""},"geometry":{"type":"Point","coordinates":[121.091039,14.7088597]}}
]
}
